,fecha_scrapeo,Num_flight,Name_Destiny,Time_flight,flight_capacity,Type_f,week_day,day_time,festivo,Visper_fest,OCC,Name_company,Airline_Type
0,2025-11-17,FR3180,rome,06:00:00,189,EU,Lunes,Mañana,0,0,0.93,Grupo Ryanair,Low_Cost
1,2025-11-17,FR846,milan,06:10:00,189,EU,Lunes,Mañana,0,0,0.98,Grupo Ryanair,Low_Cost
2,2025-11-17,FR2233,al aaroui,06:20:00,189,INT,Lunes,Mañana,0,0,0.95,Grupo Ryanair,Low_Cost
3,2025-11-17,FR8384,budapest,06:25:00,189,EU,Lunes,Mañana,0,0,0.98,Grupo Ryanair,Low_Cost
4,2025-11-17,FR3078,lisbon,06:30:00,189,EU,Lunes,Mañana,0,0,0.98,Grupo Ryanair,Low_Cost
5,2025-11-17,FR3035,krakow,06:45:00,189,EU,Lunes,Mañana,0,0,0.99,Grupo Ryanair,Low_Cost
6,2025-11-17,FR8215,london,06:45:00,197,INT,Lunes,Mañana,0,0,0.98,Grupo Ryanair,Low_Cost
7,2025-11-17,FR3028,ibiza,07:35:00,189,NAC,Lunes,Mañana,0,0,0.56,Grupo Ryanair,Low_Cost
8,2025-11-17,FR1342,palma de mallorca,07:40:00,180,NAC,Lunes,Mañana,0,0,0.67,Grupo Ryanair,Low_Cost
9,2025-11-17,FR1165,sevilla,07:55:00,189,NAC,Lunes,Mañana,0,0,0.95,Grupo Ryanair,Low_Cost
10,2025-11-17,FR58,napoli,08:35:00,197,EU,Lunes,Mañana,0,0,0.99,Grupo Ryanair,Low_Cost
11,2025-11-17,FR575,bologna,08:40:00,189,EU,Lunes,Mañana,0,0,0.97,Grupo Ryanair,Low_Cost
12,2025-11-17,FR12,vienna,09:00:00,180,EU,Lunes,Mañana,0,0,0.99,Grupo Ryanair,Low_Cost
13,2025-11-17,FR6078,ouarzazate,09:05:00,189,INT,Lunes,Mañana,0,0,0.9,Grupo Ryanair,Low_Cost
14,2025-11-17,FR2834,charleroi,09:40:00,189,EU,Lunes,Mañana,0,0,0.96,Grupo Ryanair,Low_Cost
15,2025-11-17,FR2495,palma de mallorca,09:45:00,189,NAC,Lunes,Mañana,0,0,0.75,Grupo Ryanair,Low_Cost
16,2025-11-17,FR4545,porto,09:50:00,189,EU,Lunes,Mañana,0,0,0.92,Grupo Ryanair,Low_Cost
17,2025-11-17,FR6559,liverpool,10:15:00,189,INT,Lunes,Mañana,0,0,0.91,Grupo Ryanair,Low_Cost
18,2025-11-17,FR3143,milan,10:20:00,189,EU,Lunes,Mañana,0,0,0.98,Grupo Ryanair,Low_Cost
19,2025-11-17,FR7808,london,10:35:00,197,INT,Lunes,Mañana,0,0,0.98,Grupo Ryanair,Low_Cost
20,2025-11-17,FR2239,marrakech,10:45:00,189,INT,Lunes,Mañana,0,0,0.93,Grupo Ryanair,Low_Cost
21,2025-11-17,FR3121,paris,10:45:00,189,EU,Lunes,Mañana,0,0,0.99,Grupo Ryanair,Low_Cost
22,2025-11-17,FR3976,dublin,10:45:00,189,INT,Lunes,Mañana,0,0,0.94,Grupo Ryanair,Low_Cost
23,2025-11-17,FR3039,prague,10:55:00,189,EU,Lunes,Mañana,0,0,0.99,Grupo Ryanair,Low_Cost
24,2025-11-17,FR9045,london,11:00:00,189,INT,Lunes,Mañana,0,0,0.98,Grupo Ryanair,Low_Cost
25,2025-11-17,FR7539,milan,11:30:00,189,EU,Lunes,Mañana,0,0,0.98,Grupo Ryanair,Low_Cost
26,2025-11-17,FR1279,copenhagen,11:35:00,189,EU,Lunes,Mañana,0,0,0.97,Grupo Ryanair,Low_Cost
27,2025-11-17,FR777,venice,11:55:00,197,EU,Lunes,Mañana,0,0,0.96,Grupo Ryanair,Low_Cost
28,2025-11-17,FR8217,london,12:00:00,189,INT,Lunes,Tarde,0,0,0.98,Grupo Ryanair,Low_Cost
29,2025-11-17,FR3129,ibiza,12:35:00,189,NAC,Lunes,Tarde,0,0,0.74,Grupo Ryanair,Low_Cost
30,2025-11-17,FR6973,rome,12:35:00,197,EU,Lunes,Tarde,0,0,0.94,Grupo Ryanair,Low_Cost
31,2025-11-17,FR774,torino,12:40:00,189,EU,Lunes,Tarde,0,0,0.97,Grupo Ryanair,Low_Cost
32,2025-11-17,FR3108,luxembourg,13:00:00,197,EU,Lunes,Tarde,0,0,0.97,Grupo Ryanair,Low_Cost
33,2025-11-17,FR8631,tanger,13:20:00,189,INT,Lunes,Tarde,0,0,0.94,Grupo Ryanair,Low_Cost
34,2025-11-17,FR4585,porto,13:40:00,189,EU,Lunes,Tarde,0,0,0.92,Grupo Ryanair,Low_Cost
35,2025-11-17,FR3189,fes,13:50:00,189,INT,Lunes,Tarde,0,0,0.94,Grupo Ryanair,Low_Cost
36,2025-11-17,FR3792,birmingham,13:55:00,189,INT,Lunes,Tarde,0,0,0.96,Grupo Ryanair,Low_Cost
37,2025-11-17,FR2889,palma de mallorca,14:05:00,189,NAC,Lunes,Tarde,0,0,0.9,Grupo Ryanair,Low_Cost
38,2025-11-17,FR3146,oujda,15:10:00,189,INT,Lunes,Tarde,0,0,0.99,Grupo Ryanair,Low_Cost
39,2025-11-17,FR1681,frankfurt-hahn,15:35:00,189,EU,Lunes,Tarde,0,0,0.98,Grupo Ryanair,Low_Cost
40,2025-11-17,FR867,venice,16:05:00,189,EU,Lunes,Tarde,0,0,0.96,Grupo Ryanair,Low_Cost
41,2025-11-17,FR9811,london,16:05:00,189,INT,Lunes,Tarde,0,0,0.98,Grupo Ryanair,Low_Cost
42,2025-11-17,FR2507,cologne-bonn,16:45:00,197,EU,Lunes,Tarde,0,0,0.99,Grupo Ryanair,Low_Cost
43,2025-11-17,FR5718,bratislava,16:50:00,189,EU,Lunes,Tarde,0,0,0.95,Grupo Ryanair,Low_Cost
44,2025-11-17,FR6305,milan,16:50:00,189,EU,Lunes,Tarde,0,0,0.98,Grupo Ryanair,Low_Cost
45,2025-11-17,FR6874,dublin,16:55:00,189,INT,Lunes,Tarde,0,0,0.95,Grupo Ryanair,Low_Cost
46,2025-11-17,FR5270,manchester,17:05:00,189,INT,Lunes,Tarde,0,0,0.98,Grupo Ryanair,Low_Cost
47,2025-11-17,FR6300,sofia,17:05:00,189,EU,Lunes,Tarde,0,0,0.97,Grupo Ryanair,Low_Cost
48,2025-11-17,FR1786,vilnius,17:30:00,189,EU,Lunes,Tarde,0,0,0.99,Grupo Ryanair,Low_Cost
49,2025-11-17,FR2922,brussels,17:30:00,189,EU,Lunes,Tarde,0,0,0.96,Grupo Ryanair,Low_Cost
50,2025-11-17,FR333,gdansk,17:55:00,189,EU,Lunes,Tarde,0,0,0.98,Grupo Ryanair,Low_Cost
51,2025-11-17,FR269,milan,18:00:00,189,EU,Lunes,Tarde,0,0,0.98,Grupo Ryanair,Low_Cost
52,2025-11-17,FR3320,milan,18:30:00,197,EU,Lunes,Tarde,0,0,0.98,Grupo Ryanair,Low_Cost
53,2025-11-17,FR3174,ibiza,18:45:00,189,NAC,Lunes,Tarde,0,0,0.76,Grupo Ryanair,Low_Cost
54,2025-11-17,FR3185,rabat,19:05:00,189,INT,Lunes,Tarde,0,0,0.92,Grupo Ryanair,Low_Cost
55,2025-11-17,FR9307,cork,19:15:00,189,INT,Lunes,Tarde,0,0,0.92,Grupo Ryanair,Low_Cost
56,2025-11-17,FR8231,london,19:25:00,189,INT,Lunes,Tarde,0,0,0.98,Grupo Ryanair,Low_Cost
57,2025-11-17,FR2896,palma de mallorca,19:40:00,180,NAC,Lunes,Tarde,0,0,0.91,Grupo Ryanair,Low_Cost
58,2025-11-17,FR133,berlin,19:45:00,197,EU,Lunes,Tarde,0,0,0.99,Grupo Ryanair,Low_Cost
59,2025-11-17,FR7351,vienna,19:45:00,180,EU,Lunes,Tarde,0,0,0.99,Grupo Ryanair,Low_Cost
60,2025-11-17,FR3080,malaga,20:00:00,189,NAC,Lunes,Noche,0,0,0.96,Grupo Ryanair,Low_Cost
61,2025-11-17,FR3807,charleroi,20:05:00,189,EU,Lunes,Noche,0,0,0.96,Grupo Ryanair,Low_Cost
62,2025-11-17,FR6341,rome,20:10:00,189,EU,Lunes,Noche,0,0,0.95,Grupo Ryanair,Low_Cost
63,2025-11-17,FR6597,manchester,20:10:00,189,INT,Lunes,Noche,0,0,0.98,Grupo Ryanair,Low_Cost
64,2025-11-17,FR5710,napoli,20:40:00,189,EU,Lunes,Noche,0,0,0.99,Grupo Ryanair,Low_Cost
65,2025-11-17,FR8394,budapest,20:40:00,197,EU,Lunes,Noche,0,0,0.98,Grupo Ryanair,Low_Cost
66,2025-11-17,FR2098,bologna,20:50:00,189,EU,Lunes,Noche,0,0,0.97,Grupo Ryanair,Low_Cost
67,2025-11-17,FR3928,trieste,20:50:00,189,EU,Lunes,Noche,0,0,0.97,Grupo Ryanair,Low_Cost
68,2025-11-17,FR878,venice,20:55:00,189,EU,Lunes,Noche,0,0,0.96,Grupo Ryanair,Low_Cost
69,2025-11-17,FR6275,edinburgh,21:05:00,197,INT,Lunes,Noche,0,0,0.98,Grupo Ryanair,Low_Cost
70,2025-11-17,FR6920,dublin,21:10:00,189,INT,Lunes,Noche,0,0,0.95,Grupo Ryanair,Low_Cost
71,2025-11-17,FR2402,sevilla,21:30:00,189,NAC,Lunes,Noche,0,0,0.96,Grupo Ryanair,Low_Cost
72,2025-11-17,FR4084,warsaw,21:30:00,189,EU,Lunes,Noche,0,0,0.98,Grupo Ryanair,Low_Cost
73,2025-11-17,FR3168,newcastle,21:45:00,189,INT,Lunes,Noche,0,0,0.92,Grupo Ryanair,Low_Cost
74,2025-11-17,FR4587,porto,21:45:00,197,EU,Lunes,Noche,0,0,0.92,Grupo Ryanair,Low_Cost
75,2025-11-17,FR1527,valletta,21:50:00,197,EU,Lunes,Noche,0,0,0.95,Grupo Ryanair,Low_Cost
76,2025-11-17,FR2250,marrakech,21:50:00,197,EU,Lunes,Noche,0,0,0.92,Grupo Ryanair,Low_Cost
77,2025-11-17,FR8574,rome,22:20:00,189,EU,Lunes,Noche,0,0,0.95,Grupo Ryanair,Low_Cost
78,2025-11-18,FR3189,fes,06:15:00,189,INT,Martes,Mañana,0,0,0.93,Grupo Ryanair,Low_Cost
79,2025-11-18,FR2507,cologne-bonn,06:20:00,197,EU,Martes,Mañana,0,0,0.99,Grupo Ryanair,Low_Cost
80,2025-11-18,FR4545,porto,06:35:00,197,EU,Martes,Mañana,0,0,0.91,Grupo Ryanair,Low_Cost
81,2025-11-18,FR3166,palermo,07:35:00,189,EU,Martes,Mañana,0,0,0.97,Grupo Ryanair,Low_Cost
82,2025-11-18,FR5718,bratislava,07:35:00,189,EU,Martes,Mañana,0,0,0.93,Grupo Ryanair,Low_Cost
83,2025-11-18,FR3193,riga,07:55:00,189,EU,Martes,Mañana,0,0,0.99,Grupo Ryanair,Low_Cost
84,2025-11-18,FR133,berlin,08:50:00,189,EU,Martes,Mañana,0,0,0.99,Grupo Ryanair,Low_Cost
85,2025-11-18,FR3035,krakow,09:10:00,189,EU,Martes,Mañana,0,0,0.99,Grupo Ryanair,Low_Cost
86,2025-11-18,FR3807,charleroi,09:10:00,189,EU,Martes,Mañana,0,0,0.96,Grupo Ryanair,Low_Cost
87,2025-11-18,FR12,vienna,10:15:00,180,EU,Martes,Mañana,0,0,0.99,Grupo Ryanair,Low_Cost
88,2025-11-18,FR1279,copenhagen,10:25:00,197,EU,Martes,Mañana,0,0,0.97,Grupo Ryanair,Low_Cost
89,2025-11-18,FR5270,manchester,10:30:00,197,INT,Martes,Mañana,0,0,0.98,Grupo Ryanair,Low_Cost
90,2025-11-18,FR58,napoli,11:40:00,189,EU,Martes,Mañana,0,0,0.99,Grupo Ryanair,Low_Cost
91,2025-11-18,FR3108,luxembourg,12:15:00,189,EU,Martes,Tarde,0,0,0.97,Grupo Ryanair,Low_Cost
92,2025-11-18,FR8384,budapest,12:35:00,197,EU,Martes,Tarde,0,0,0.98,Grupo Ryanair,Low_Cost
93,2025-11-18,FR6267,edinburgh,12:55:00,197,INT,Martes,Tarde,0,0,0.98,Grupo Ryanair,Low_Cost
94,2025-11-18,FR2239,marrakech,14:00:00,189,INT,Martes,Tarde,0,0,0.92,Grupo Ryanair,Low_Cost
95,2025-11-18,FR3076,stockholm,14:05:00,189,EU,Martes,Tarde,0,0,0.99,Grupo Ryanair,Low_Cost
96,2025-11-18,FR3792,birmingham,16:20:00,197,INT,Martes,Tarde,0,0,0.96,Grupo Ryanair,Low_Cost
97,2025-11-18,FR846,milan,16:55:00,189,EU,Martes,Tarde,0,0,0.98,Grupo Ryanair,Low_Cost
98,2025-11-18,FR1165,sevilla,17:05:00,197,NAC,Martes,Tarde,0,0,0.96,Grupo Ryanair,Low_Cost
99,2025-11-18,FR575,bologna,17:25:00,197,EU,Martes,Tarde,0,0,0.97,Grupo Ryanair,Low_Cost
100,2025-11-18,FR3180,rome,18:00:00,189,EU,Martes,Tarde,0,0,0.95,Grupo Ryanair,Low_Cost
101,2025-11-18,FR6300,sofia,18:15:00,197,EU,Martes,Tarde,0,0,0.97,Grupo Ryanair,Low_Cost
102,2025-11-18,FR777,venice,18:40:00,189,EU,Martes,Tarde,0,0,0.96,Grupo Ryanair,Low_Cost
103,2025-11-18,FR2834,charleroi,18:45:00,197,EU,Martes,Tarde,0,0,0.96,Grupo Ryanair,Low_Cost
104,2025-11-18,FR9015,london,19:25:00,189,INT,Martes,Tarde,0,0,0.98,Grupo Ryanair,Low_Cost
105,2025-11-18,FR4084,warsaw,20:15:00,189,EU,Martes,Noche,0,0,0.98,Grupo Ryanair,Low_Cost
106,2025-11-18,FR6394,dublin,21:15:00,197,INT,Martes,Noche,0,0,0.95,Grupo Ryanair,Low_Cost
107,2025-11-18,FR4585,porto,22:00:00,197,EU,Martes,Noche,0,0,0.92,Grupo Ryanair,Low_Cost
108,2025-11-19,FR2918,brussels,06:05:00,189,EU,Miércoles,Mañana,0,0,0.95,Grupo Ryanair,Low_Cost
109,2025-11-19,FR3185,rabat,06:05:00,189,INT,Miércoles,Mañana,0,0,0.89,Grupo Ryanair,Low_Cost
110,2025-11-19,FR9406,fes,06:05:00,189,INT,Miércoles,Mañana,0,0,0.93,Grupo Ryanair,Low_Cost
111,2025-11-19,FR483,malaga,06:15:00,189,NAC,Miércoles,Mañana,0,0,0.95,Grupo Ryanair,Low_Cost
112,2025-11-19,FR2239,marrakech,06:35:00,189,INT,Miércoles,Mañana,0,0,0.91,Grupo Ryanair,Low_Cost
113,2025-11-19,FR3028,ibiza,06:45:00,189,NAC,Miércoles,Mañana,0,0,0.56,Grupo Ryanair,Low_Cost
114,2025-11-19,FR3108,luxembourg,06:50:00,197,EU,Miércoles,Mañana,0,0,0.97,Grupo Ryanair,Low_Cost
115,2025-11-19,FR8384,budapest,09:30:00,189,EU,Miércoles,Mañana,0,0,0.98,Grupo Ryanair,Low_Cost
116,2025-11-19,FR2834,charleroi,09:45:00,197,EU,Miércoles,Mañana,0,0,0.96,Grupo Ryanair,Low_Cost
117,2025-11-19,FR4545,porto,09:45:00,197,EU,Miércoles,Mañana,0,0,0.92,Grupo Ryanair,Low_Cost
118,2025-11-19,FR3049,krakow,09:55:00,197,EU,Miércoles,Mañana,0,0,0.99,Grupo Ryanair,Low_Cost
119,2025-11-19,FR3078,lisbon,10:15:00,189,EU,Miércoles,Mañana,0,0,0.98,Grupo Ryanair,Low_Cost
120,2025-11-19,FR3039,prague,10:20:00,189,EU,Miércoles,Mañana,0,0,0.99,Grupo Ryanair,Low_Cost
121,2025-11-19,FR6267,edinburgh,10:45:00,197,INT,Miércoles,Mañana,0,0,0.98,Grupo Ryanair,Low_Cost
122,2025-11-19,FR2507,cologne-bonn,11:00:00,197,EU,Miércoles,Mañana,0,0,0.99,Grupo Ryanair,Low_Cost
123,2025-11-19,FR575,bologna,11:40:00,189,EU,Miércoles,Mañana,0,0,0.97,Grupo Ryanair,Low_Cost
124,2025-11-19,FR9925,frankfurt-hahn,12:35:00,189,EU,Miércoles,Tarde,0,0,0.98,Grupo Ryanair,Low_Cost
125,2025-11-19,FR6597,manchester,13:00:00,197,INT,Miércoles,Tarde,0,0,0.98,Grupo Ryanair,Low_Cost
126,2025-11-19,FR3792,birmingham,13:10:00,189,INT,Miércoles,Tarde,0,0,0.96,Grupo Ryanair,Low_Cost
127,2025-11-19,FR777,venice,15:10:00,197,EU,Miércoles,Tarde,0,0,0.96,Grupo Ryanair,Low_Cost
128,2025-11-19,FR12,vienna,15:15:00,197,EU,Miércoles,Tarde,0,0,0.99,Grupo Ryanair,Low_Cost
129,2025-11-19,FR3035,krakow,16:15:00,197,EU,Miércoles,Tarde,0,0,0.99,Grupo Ryanair,Low_Cost
130,2025-11-19,FR3928,trieste,16:50:00,189,EU,Miércoles,Tarde,0,0,0.97,Grupo Ryanair,Low_Cost
131,2025-11-19,FR5718,bratislava,16:50:00,189,EU,Miércoles,Tarde,0,0,0.95,Grupo Ryanair,Low_Cost
132,2025-11-19,FR4585,porto,17:30:00,189,EU,Miércoles,Tarde,0,0,0.93,Grupo Ryanair,Low_Cost
133,2025-11-19,FR3180,rome,18:00:00,189,EU,Miércoles,Tarde,0,0,0.95,Grupo Ryanair,Low_Cost
134,2025-11-19,FR8231,london,19:00:00,189,INT,Miércoles,Tarde,0,0,0.98,Grupo Ryanair,Low_Cost
135,2025-11-19,FR1165,sevilla,19:10:00,197,NAC,Miércoles,Tarde,0,0,0.96,Grupo Ryanair,Low_Cost
136,2025-11-19,FR9334,marrakech,19:10:00,189,INT,Miércoles,Tarde,0,0,0.93,Grupo Ryanair,Low_Cost
137,2025-11-19,FR1342,palma de mallorca,19:15:00,189,NAC,Miércoles,Tarde,0,0,0.91,Grupo Ryanair,Low_Cost
138,2025-11-19,FR133,berlin,19:35:00,197,EU,Miércoles,Tarde,0,0,0.99,Grupo Ryanair,Low_Cost
139,2025-11-19,FR3143,milan,19:55:00,189,EU,Miércoles,Tarde,0,0,0.98,Grupo Ryanair,Low_Cost
140,2025-11-19,FR58,napoli,20:10:00,197,EU,Miércoles,Noche,0,0,0.99,Grupo Ryanair,Low_Cost
141,2025-11-19,FR5246,vilnius,20:10:00,197,EU,Miércoles,Noche,0,0,0.99,Grupo Ryanair,Low_Cost
142,2025-11-19,FR6394,dublin,22:05:00,189,INT,Miércoles,Noche,0,0,0.95,Grupo Ryanair,Low_Cost
143,2025-11-20,FR8215,london,06:00:00,189,INT,Jueves,Mañana,0,0,0.97,Grupo Ryanair,Low_Cost
144,2025-11-20,FR2918,brussels,06:05:00,189,EU,Jueves,Mañana,0,0,0.95,Grupo Ryanair,Low_Cost
145,2025-11-20,FR3976,dublin,06:15:00,197,INT,Jueves,Mañana,0,0,0.93,Grupo Ryanair,Low_Cost
146,2025-11-20,FR3049,krakow,06:40:00,197,EU,Jueves,Mañana,0,0,0.99,Grupo Ryanair,Low_Cost
147,2025-11-20,FR3028,ibiza,06:45:00,189,NAC,Jueves,Mañana,0,0,0.56,Grupo Ryanair,Low_Cost
148,2025-11-20,FR2495,palma de mallorca,07:20:00,180,NAC,Jueves,Mañana,0,0,0.67,Grupo Ryanair,Low_Cost
149,2025-11-20,FR133,berlin,07:25:00,189,EU,Jueves,Mañana,0,0,0.99,Grupo Ryanair,Low_Cost
150,2025-11-20,FR2507,cologne-bonn,07:45:00,197,EU,Jueves,Mañana,0,0,0.99,Grupo Ryanair,Low_Cost
151,2025-11-20,FR575,bologna,08:05:00,189,EU,Jueves,Mañana,0,0,0.97,Grupo Ryanair,Low_Cost
152,2025-11-20,FR774,torino,08:05:00,189,EU,Jueves,Mañana,0,0,0.97,Grupo Ryanair,Low_Cost
153,2025-11-20,FR3928,trieste,08:40:00,189,EU,Jueves,Mañana,0,0,0.97,Grupo Ryanair,Low_Cost
154,2025-11-20,FR6973,rome,08:40:00,189,EU,Jueves,Mañana,0,0,0.94,Grupo Ryanair,Low_Cost
155,2025-11-20,FR5710,napoli,09:05:00,189,EU,Jueves,Mañana,0,0,0.99,Grupo Ryanair,Low_Cost
156,2025-11-20,FR12,vienna,09:10:00,180,EU,Jueves,Mañana,0,0,0.99,Grupo Ryanair,Low_Cost
157,2025-11-20,FR3320,milan,09:30:00,189,EU,Jueves,Mañana,0,0,0.98,Grupo Ryanair,Low_Cost
158,2025-11-20,FR1279,copenhagen,10:00:00,197,EU,Jueves,Mañana,0,0,0.97,Grupo Ryanair,Low_Cost
159,2025-11-20,FR1165,sevilla,10:20:00,189,NAC,Jueves,Mañana,0,0,0.96,Grupo Ryanair,Low_Cost
160,2025-11-20,FR3121,paris,10:25:00,189,EU,Jueves,Mañana,0,0,0.99,Grupo Ryanair,Low_Cost
161,2025-11-20,FR8384,budapest,10:25:00,189,EU,Jueves,Mañana,0,0,0.98,Grupo Ryanair,Low_Cost
162,2025-11-20,FR3792,birmingham,11:00:00,189,INT,Jueves,Mañana,0,0,0.96,Grupo Ryanair,Low_Cost
163,2025-11-20,FR4545,porto,11:00:00,197,EU,Jueves,Mañana,0,0,0.93,Grupo Ryanair,Low_Cost
164,2025-11-20,FR3076,stockholm,11:10:00,189,EU,Jueves,Mañana,0,0,0.99,Grupo Ryanair,Low_Cost
165,2025-11-20,FR483,malaga,11:10:00,189,NAC,Jueves,Mañana,0,0,0.96,Grupo Ryanair,Low_Cost
166,2025-11-20,FR6597,manchester,11:20:00,189,INT,Jueves,Mañana,0,0,0.98,Grupo Ryanair,Low_Cost
167,2025-11-20,FR2239,marrakech,12:30:00,189,INT,Jueves,Tarde,0,0,0.93,Grupo Ryanair,Low_Cost
168,2025-11-20,FR3160,bristol,12:45:00,189,INT,Jueves,Tarde,0,0,0.97,Grupo Ryanair,Low_Cost
169,2025-11-20,FR1681,frankfurt-hahn,13:00:00,189,EU,Jueves,Tarde,0,0,0.98,Grupo Ryanair,Low_Cost
170,2025-11-20,FR3039,prague,13:30:00,197,EU,Jueves,Tarde,0,0,0.99,Grupo Ryanair,Low_Cost
171,2025-11-20,FR269,milan,13:40:00,189,EU,Jueves,Tarde,0,0,0.98,Grupo Ryanair,Low_Cost
172,2025-11-20,FR6267,edinburgh,13:45:00,197,INT,Jueves,Tarde,0,0,0.98,Grupo Ryanair,Low_Cost
173,2025-11-20,FR846,milan,13:45:00,197,EU,Jueves,Tarde,0,0,0.98,Grupo Ryanair,Low_Cost
174,2025-11-20,FR2233,al aaroui,14:00:00,189,INT,Jueves,Tarde,0,0,0.96,Grupo Ryanair,Low_Cost
175,2025-11-20,FR3189,fes,15:00:00,189,INT,Jueves,Tarde,0,0,0.95,Grupo Ryanair,Low_Cost
176,2025-11-20,FR149,berlin,15:40:00,189,EU,Jueves,Tarde,0,0,0.99,Grupo Ryanair,Low_Cost
177,2025-11-20,FR2922,brussels,16:05:00,189,EU,Jueves,Tarde,0,0,0.96,Grupo Ryanair,Low_Cost
178,2025-11-20,FR9045,london,16:30:00,197,INT,Jueves,Tarde,0,0,0.98,Grupo Ryanair,Low_Cost
179,2025-11-20,FR9913,tallinn,16:30:00,197,EU,Jueves,Tarde,0,0,0.99,Grupo Ryanair,Low_Cost
180,2025-11-20,FR4585,porto,16:35:00,197,EU,Jueves,Tarde,0,0,0.92,Grupo Ryanair,Low_Cost
181,2025-11-20,FR2098,bologna,17:15:00,189,EU,Jueves,Tarde,0,0,0.97,Grupo Ryanair,Low_Cost
182,2025-11-20,FR8394,budapest,17:30:00,189,EU,Jueves,Tarde,0,0,0.98,Grupo Ryanair,Low_Cost
183,2025-11-20,FR6300,sofia,17:45:00,189,EU,Jueves,Tarde,0,0,0.97,Grupo Ryanair,Low_Cost
184,2025-11-20,FR5718,bratislava,18:00:00,189,EU,Jueves,Tarde,0,0,0.95,Grupo Ryanair,Low_Cost
185,2025-11-20,FR6341,rome,18:00:00,189,EU,Jueves,Tarde,0,0,0.95,Grupo Ryanair,Low_Cost
186,2025-11-20,FR3078,lisbon,18:30:00,189,EU,Jueves,Tarde,0,0,0.98,Grupo Ryanair,Low_Cost
187,2025-11-20,FR6394,dublin,18:30:00,197,INT,Jueves,Tarde,0,0,0.95,Grupo Ryanair,Low_Cost
188,2025-11-20,FR3800,birmingham,18:45:00,189,INT,Jueves,Tarde,0,0,0.96,Grupo Ryanair,Low_Cost
189,2025-11-20,FR3193,riga,19:05:00,189,EU,Jueves,Tarde,0,0,0.99,Grupo Ryanair,Low_Cost
190,2025-11-20,FR1342,palma de mallorca,19:25:00,189,NAC,Jueves,Tarde,0,0,0.91,Grupo Ryanair,Low_Cost
191,2025-11-20,FR8217,london,19:25:00,189,INT,Jueves,Tarde,0,0,0.98,Grupo Ryanair,Low_Cost
192,2025-11-20,FR8598,reggio calabria,19:45:00,189,EU,Jueves,Tarde,0,0,0.92,Grupo Ryanair,Low_Cost
193,2025-11-20,FR8631,tanger,19:55:00,189,INT,Jueves,Tarde,0,0,0.95,Grupo Ryanair,Low_Cost
194,2025-11-20,FR3143,milan,20:25:00,189,EU,Jueves,Noche,0,0,0.98,Grupo Ryanair,Low_Cost
195,2025-11-20,FR4587,porto,20:45:00,189,EU,Jueves,Noche,0,0,0.92,Grupo Ryanair,Low_Cost
196,2025-11-20,FR333,gdansk,21:00:00,189,EU,Jueves,Noche,0,0,0.98,Grupo Ryanair,Low_Cost
197,2025-11-20,FR1527,valletta,21:20:00,189,EU,Jueves,Noche,0,0,0.95,Grupo Ryanair,Low_Cost
198,2025-11-20,FR3035,krakow,21:30:00,197,EU,Jueves,Noche,0,0,0.99,Grupo Ryanair,Low_Cost
199,2025-11-20,FR4084,warsaw,21:30:00,189,EU,Jueves,Noche,0,0,0.98,Grupo Ryanair,Low_Cost
200,2025-11-21,FR8183,bologna,06:10:00,189,EU,Viernes,Mañana,0,0,0.96,Grupo Ryanair,Low_Cost
201,2025-11-21,FR8231,london,06:10:00,189,INT,Viernes,Mañana,0,0,0.97,Grupo Ryanair,Low_Cost
202,2025-11-21,FR777,venice,06:20:00,189,EU,Viernes,Mañana,0,0,0.95,Grupo Ryanair,Low_Cost
203,2025-11-21,FR846,milan,06:25:00,189,EU,Viernes,Mañana,0,0,0.98,Grupo Ryanair,Low_Cost
204,2025-11-21,FR133,berlin,06:35:00,189,EU,Viernes,Mañana,0,0,0.99,Grupo Ryanair,Low_Cost
205,2025-11-21,FR4545,porto,06:45:00,197,EU,Viernes,Mañana,0,0,0.92,Grupo Ryanair,Low_Cost
206,2025-11-21,FR2889,palma de mallorca,07:40:00,180,NAC,Viernes,Mañana,0,0,0.68,Grupo Ryanair,Low_Cost
207,2025-11-21,FR3976,dublin,08:00:00,189,INT,Viernes,Mañana,0,0,0.94,Grupo Ryanair,Low_Cost
208,2025-11-21,FR3185,rabat,08:10:00,189,INT,Viernes,Mañana,0,0,0.91,Grupo Ryanair,Low_Cost
209,2025-11-21,FR6973,rome,08:15:00,189,EU,Viernes,Mañana,0,0,0.95,Grupo Ryanair,Low_Cost
210,2025-11-21,FR5752,valletta,08:40:00,197,EU,Viernes,Mañana,0,0,0.94,Grupo Ryanair,Low_Cost
211,2025-11-21,FR1165,sevilla,09:00:00,189,NAC,Viernes,Mañana,0,0,0.96,Grupo Ryanair,Low_Cost
212,2025-11-21,FR2834,charleroi,09:15:00,197,EU,Viernes,Mañana,0,0,0.96,Grupo Ryanair,Low_Cost
213,2025-11-21,FR12,vienna,09:25:00,180,EU,Viernes,Mañana,0,0,0.99,Grupo Ryanair,Low_Cost
214,2025-11-21,FR3028,ibiza,09:40:00,189,NAC,Viernes,Mañana,0,0,0.6,Grupo Ryanair,Low_Cost
215,2025-11-21,FR3320,milan,09:45:00,189,EU,Viernes,Mañana,0,0,0.98,Grupo Ryanair,Low_Cost
216,2025-11-21,FR9015,london,10:00:00,197,INT,Viernes,Mañana,0,0,0.98,Grupo Ryanair,Low_Cost
217,2025-11-21,FR6920,dublin,10:05:00,197,INT,Viernes,Mañana,0,0,0.95,Grupo Ryanair,Low_Cost
218,2025-11-21,FR2239,marrakech,10:20:00,189,INT,Viernes,Mañana,0,0,0.94,Grupo Ryanair,Low_Cost
219,2025-11-21,FR6267,edinburgh,10:30:00,189,INT,Viernes,Mañana,0,0,0.98,Grupo Ryanair,Low_Cost
220,2025-11-21,FR5270,manchester,10:55:00,197,INT,Viernes,Mañana,0,0,0.98,Grupo Ryanair,Low_Cost
221,2025-11-21,FR8384,budapest,11:00:00,189,EU,Viernes,Mañana,0,0,0.98,Grupo Ryanair,Low_Cost
222,2025-11-21,FR3166,palermo,11:10:00,189,EU,Viernes,Mañana,0,0,0.97,Grupo Ryanair,Low_Cost
223,2025-11-21,FR269,milan,11:20:00,189,EU,Viernes,Mañana,0,0,0.98,Grupo Ryanair,Low_Cost
224,2025-11-21,FR3121,paris,11:35:00,197,EU,Viernes,Mañana,0,0,0.99,Grupo Ryanair,Low_Cost
225,2025-11-21,FR2896,palma de mallorca,11:35:00,180,NAC,Viernes,Mañana,0,0,0.87,Grupo Ryanair,Low_Cost
226,2025-11-21,FR3049,krakow,11:45:00,189,EU,Viernes,Mañana,0,0,0.99,Grupo Ryanair,Low_Cost
227,2025-11-21,FR774,torino,11:55:00,197,EU,Viernes,Mañana,0,0,0.97,Grupo Ryanair,Low_Cost
228,2025-11-21,FR4585,porto,12:15:00,189,EU,Viernes,Tarde,0,0,0.94,Grupo Ryanair,Low_Cost
229,2025-11-21,FR575,bologna,12:45:00,189,EU,Viernes,Tarde,0,0,0.97,Grupo Ryanair,Low_Cost
230,2025-11-21,FR58,napoli,12:45:00,189,EU,Viernes,Tarde,0,0,0.99,Grupo Ryanair,Low_Cost
231,2025-11-21,FR6874,dublin,12:55:00,189,INT,Viernes,Tarde,0,0,0.95,Grupo Ryanair,Low_Cost
232,2025-11-21,FR6078,ouarzazate,13:50:00,189,INT,Viernes,Tarde,0,0,0.94,Grupo Ryanair,Low_Cost
233,2025-11-21,FR3180,rome,13:55:00,189,EU,Viernes,Tarde,0,0,0.95,Grupo Ryanair,Low_Cost
234,2025-11-21,FR7351,vienna,14:20:00,180,EU,Viernes,Tarde,0,0,0.99,Grupo Ryanair,Low_Cost
235,2025-11-21,FR8215,london,14:35:00,189,INT,Viernes,Tarde,0,0,0.98,Grupo Ryanair,Low_Cost
236,2025-11-21,FR2507,cologne-bonn,14:55:00,189,EU,Viernes,Tarde,0,0,0.99,Grupo Ryanair,Low_Cost
237,2025-11-21,FR867,venice,14:55:00,189,EU,Viernes,Tarde,0,0,0.96,Grupo Ryanair,Low_Cost
238,2025-11-21,FR1342,palma de mallorca,15:00:00,189,NAC,Viernes,Tarde,0,0,0.92,Grupo Ryanair,Low_Cost
239,2025-11-21,FR5718,bratislava,15:10:00,189,EU,Viernes,Tarde,0,0,0.95,Grupo Ryanair,Low_Cost
240,2025-11-21,FR483,malaga,15:25:00,197,NAC,Viernes,Tarde,0,0,0.96,Grupo Ryanair,Low_Cost
241,2025-11-21,FR9045,london,16:05:00,189,INT,Viernes,Tarde,0,0,0.98,Grupo Ryanair,Low_Cost
242,2025-11-21,FR2925,brussels,16:15:00,189,EU,Viernes,Tarde,0,0,0.96,Grupo Ryanair,Low_Cost
243,2025-11-21,FR6985,rome,16:15:00,189,EU,Viernes,Tarde,0,0,0.95,Grupo Ryanair,Low_Cost
244,2025-11-21,FR3129,ibiza,16:45:00,189,NAC,Viernes,Tarde,0,0,0.76,Grupo Ryanair,Low_Cost
245,2025-11-21,FR878,venice,16:55:00,189,EU,Viernes,Tarde,0,0,0.96,Grupo Ryanair,Low_Cost
246,2025-11-21,FR4587,porto,17:05:00,189,EU,Viernes,Tarde,0,0,0.94,Grupo Ryanair,Low_Cost
247,2025-11-21,FR3076,stockholm,17:30:00,197,EU,Viernes,Tarde,0,0,0.99,Grupo Ryanair,Low_Cost
248,2025-11-21,FR6341,rome,18:00:00,189,EU,Viernes,Tarde,0,0,0.95,Grupo Ryanair,Low_Cost
249,2025-11-21,FR6353,milan,18:00:00,197,EU,Viernes,Tarde,0,0,0.98,Grupo Ryanair,Low_Cost
250,2025-11-21,FR2098,bologna,18:35:00,189,EU,Viernes,Tarde,0,0,0.97,Grupo Ryanair,Low_Cost
251,2025-11-21,FR3189,fes,18:50:00,189,INT,Viernes,Tarde,0,0,0.95,Grupo Ryanair,Low_Cost
252,2025-11-21,FR149,berlin,19:15:00,197,EU,Viernes,Tarde,0,0,0.99,Grupo Ryanair,Low_Cost
253,2025-11-21,FR3078,lisbon,19:20:00,189,EU,Viernes,Tarde,0,0,0.98,Grupo Ryanair,Low_Cost
254,2025-11-21,FR6330,sofia,19:20:00,189,EU,Viernes,Tarde,0,0,0.97,Grupo Ryanair,Low_Cost
255,2025-11-21,FR2330,al aaroui,19:35:00,189,INT,Viernes,Tarde,0,0,0.96,Grupo Ryanair,Low_Cost
256,2025-11-21,FR7362,vienna,19:40:00,180,EU,Viernes,Tarde,0,0,0.99,Grupo Ryanair,Low_Cost
257,2025-11-21,FR6374,paris,19:45:00,189,EU,Viernes,Tarde,0,0,0.99,Grupo Ryanair,Low_Cost
258,2025-11-21,FR1527,valletta,20:05:00,189,EU,Viernes,Noche,0,0,0.95,Grupo Ryanair,Low_Cost
259,2025-11-21,FR2402,sevilla,20:10:00,197,NAC,Viernes,Noche,0,0,0.96,Grupo Ryanair,Low_Cost
260,2025-11-21,FR6275,edinburgh,20:10:00,197,INT,Viernes,Noche,0,0,0.98,Grupo Ryanair,Low_Cost
261,2025-11-21,FR6305,milan,20:10:00,189,EU,Viernes,Noche,0,0,0.98,Grupo Ryanair,Low_Cost
262,2025-11-21,FR3792,birmingham,20:25:00,189,INT,Viernes,Noche,0,0,0.96,Grupo Ryanair,Low_Cost
263,2025-11-21,FR7539,milan,20:35:00,189,EU,Viernes,Noche,0,0,0.98,Grupo Ryanair,Low_Cost
264,2025-11-21,FR8631,tanger,20:35:00,189,INT,Viernes,Noche,0,0,0.95,Grupo Ryanair,Low_Cost
265,2025-11-21,FR1786,vilnius,20:35:00,197,EU,Viernes,Noche,0,0,0.99,Grupo Ryanair,Low_Cost
266,2025-11-21,FR5710,napoli,20:50:00,197,EU,Viernes,Noche,0,0,0.99,Grupo Ryanair,Low_Cost
267,2025-11-21,FR8394,budapest,21:00:00,189,EU,Viernes,Noche,0,0,0.98,Grupo Ryanair,Low_Cost
268,2025-11-21,FR3174,ibiza,21:10:00,189,NAC,Viernes,Noche,0,0,0.76,Grupo Ryanair,Low_Cost
269,2025-11-21,FR6944,warsaw,21:30:00,189,EU,Viernes,Noche,0,0,0.98,Grupo Ryanair,Low_Cost
270,2025-11-21,FR7808,london,21:35:00,189,INT,Viernes,Noche,0,0,0.98,Grupo Ryanair,Low_Cost
271,2025-11-21,FR8669,dublin,21:40:00,189,INT,Viernes,Noche,0,0,0.95,Grupo Ryanair,Low_Cost
272,2025-11-21,FR9811,london,21:40:00,189,INT,Viernes,Noche,0,0,0.98,Grupo Ryanair,Low_Cost
273,2025-11-21,FR2495,palma de mallorca,21:45:00,189,NAC,Viernes,Noche,0,0,0.92,Grupo Ryanair,Low_Cost
274,2025-11-21,FR6597,manchester,21:45:00,189,INT,Viernes,Noche,0,0,0.98,Grupo Ryanair,Low_Cost
275,2025-11-21,FR2250,marrakech,21:55:00,189,INT,Viernes,Noche,0,0,0.94,Grupo Ryanair,Low_Cost
276,2025-11-21,FR3080,malaga,22:30:00,197,NAC,Viernes,Noche,0,0,0.96,Grupo Ryanair,Low_Cost
277,2025-11-21,FR9814,london,23:10:00,189,INT,Viernes,Noche,0,0,0.98,Grupo Ryanair,Low_Cost
278,2025-11-22,FR846,milan,06:00:00,189,EU,Sábado,Mañana,0,0,0.97,Grupo Ryanair,Low_Cost
279,2025-11-22,FR5718,bratislava,06:10:00,189,EU,Sábado,Mañana,0,0,0.94,Grupo Ryanair,Low_Cost
280,2025-11-22,FR4545,porto,06:15:00,197,EU,Sábado,Mañana,0,0,0.92,Grupo Ryanair,Low_Cost
281,2025-11-22,FR1342,palma de mallorca,06:20:00,189,NAC,Sábado,Mañana,0,0,0.68,Grupo Ryanair,Low_Cost
282,2025-11-22,FR777,venice,06:30:00,189,EU,Sábado,Mañana,0,0,0.95,Grupo Ryanair,Low_Cost
283,2025-11-22,FR2918,brussels,08:05:00,189,EU,Sábado,Mañana,0,0,0.96,Grupo Ryanair,Low_Cost
284,2025-11-22,FR3180,rome,08:15:00,189,EU,Sábado,Mañana,0,0,0.95,Grupo Ryanair,Low_Cost
285,2025-11-22,FR1165,palma de mallorca,08:50:00,189,NAC,Sábado,Mañana,0,0,0.69,Grupo Ryanair,Low_Cost
286,2025-11-22,FR575,bologna,08:50:00,189,EU,Sábado,Mañana,0,0,0.97,Grupo Ryanair,Low_Cost
287,2025-11-22,FR3166,palermo,09:00:00,189,EU,Sábado,Mañana,0,0,0.97,Grupo Ryanair,Low_Cost
288,2025-11-22,FR2834,charleroi,09:15:00,189,EU,Sábado,Mañana,0,0,0.96,Grupo Ryanair,Low_Cost
289,2025-11-22,FR133,berlin,09:20:00,189,EU,Sábado,Mañana,0,0,0.99,Grupo Ryanair,Low_Cost
290,2025-11-22,FR2239,marrakech,09:20:00,189,INT,Sábado,Mañana,0,0,0.92,Grupo Ryanair,Low_Cost
291,2025-11-22,FR3028,ibiza,09:20:00,189,NAC,Sábado,Mañana,0,0,0.59,Grupo Ryanair,Low_Cost
292,2025-11-22,FR3049,krakow,09:30:00,189,EU,Sábado,Mañana,0,0,0.99,Grupo Ryanair,Low_Cost
293,2025-11-22,FR6559,liverpool,10:00:00,189,INT,Sábado,Mañana,0,0,0.92,Grupo Ryanair,Low_Cost
294,2025-11-22,FR9171,stockholm,10:20:00,197,EU,Sábado,Mañana,0,0,0.99,Grupo Ryanair,Low_Cost
295,2025-11-22,FR3168,newcastle,10:25:00,189,INT,Sábado,Mañana,0,0,0.93,Grupo Ryanair,Low_Cost
296,2025-11-22,FR9307,cork,10:30:00,197,INT,Sábado,Mañana,0,0,0.92,Grupo Ryanair,Low_Cost
297,2025-11-22,FR12,vienna,10:30:00,180,EU,Sábado,Mañana,0,0,0.99,Grupo Ryanair,Low_Cost
298,2025-11-22,FR6394,dublin,11:00:00,197,INT,Sábado,Mañana,0,0,0.95,Grupo Ryanair,Low_Cost
299,2025-11-22,FR4597,porto,11:20:00,197,EU,Sábado,Mañana,0,0,0.94,Grupo Ryanair,Low_Cost
300,2025-11-22,FR2507,cologne-bonn,11:55:00,189,EU,Sábado,Mañana,0,0,0.99,Grupo Ryanair,Low_Cost
301,2025-11-22,FR3108,luxembourg,12:05:00,189,EU,Sábado,Tarde,0,0,0.97,Grupo Ryanair,Low_Cost
302,2025-11-22,FR8231,london,12:25:00,189,INT,Sábado,Tarde,0,0,0.98,Grupo Ryanair,Low_Cost
303,2025-11-22,FR483,malaga,13:05:00,189,NAC,Sábado,Tarde,0,0,0.96,Grupo Ryanair,Low_Cost
304,2025-11-22,FR7808,london,13:20:00,197,INT,Sábado,Tarde,0,0,0.98,Grupo Ryanair,Low_Cost
305,2025-11-22,FR6597,manchester,13:25:00,189,INT,Sábado,Tarde,0,0,0.98,Grupo Ryanair,Low_Cost
306,2025-11-22,FR2098,bologna,13:30:00,189,EU,Sábado,Tarde,0,0,0.97,Grupo Ryanair,Low_Cost
307,2025-11-22,FR1681,frankfurt-hahn,14:00:00,189,EU,Sábado,Tarde,0,0,0.98,Grupo Ryanair,Low_Cost
308,2025-11-22,FR6920,dublin,14:05:00,189,INT,Sábado,Tarde,0,0,0.95,Grupo Ryanair,Low_Cost
309,2025-11-22,FR58,napoli,14:15:00,189,EU,Sábado,Tarde,0,0,0.99,Grupo Ryanair,Low_Cost
310,2025-11-22,FR3070,palma de mallorca,14:40:00,189,NAC,Sábado,Tarde,0,0,0.92,Grupo Ryanair,Low_Cost
311,2025-11-22,FR774,torino,14:45:00,189,EU,Sábado,Tarde,0,0,0.97,Grupo Ryanair,Low_Cost
312,2025-11-22,FR3121,paris,14:50:00,189,EU,Sábado,Tarde,0,0,0.99,Grupo Ryanair,Low_Cost
313,2025-11-22,FR6300,sofia,14:55:00,189,EU,Sábado,Tarde,0,0,0.97,Grupo Ryanair,Low_Cost
314,2025-11-22,FR3189,fes,15:30:00,189,INT,Sábado,Tarde,0,0,0.95,Grupo Ryanair,Low_Cost
315,2025-11-22,FR3807,charleroi,16:05:00,197,EU,Sábado,Tarde,0,0,0.96,Grupo Ryanair,Low_Cost
316,2025-11-22,FR8384,budapest,16:10:00,189,EU,Sábado,Tarde,0,0,0.98,Grupo Ryanair,Low_Cost
317,2025-11-22,FR7543,manchester,16:20:00,189,INT,Sábado,Tarde,0,0,0.98,Grupo Ryanair,Low_Cost
318,2025-11-22,FR3146,oujda,16:45:00,189,INT,Sábado,Tarde,0,0,0.99,Grupo Ryanair,Low_Cost
319,2025-11-22,FR269,milan,16:50:00,189,EU,Sábado,Tarde,0,0,0.98,Grupo Ryanair,Low_Cost
320,2025-11-22,FR9015,london,17:00:00,197,INT,Sábado,Tarde,0,0,0.98,Grupo Ryanair,Low_Cost
321,2025-11-22,FR5752,valletta,17:10:00,197,EU,Sábado,Tarde,0,0,0.95,Grupo Ryanair,Low_Cost
322,2025-11-22,FR6874,dublin,17:40:00,189,INT,Sábado,Tarde,0,0,0.95,Grupo Ryanair,Low_Cost
323,2025-11-22,FR2233,al aaroui,17:50:00,189,INT,Sábado,Tarde,0,0,0.96,Grupo Ryanair,Low_Cost
324,2025-11-22,FR2925,brussels,17:50:00,197,EU,Sábado,Tarde,0,0,0.96,Grupo Ryanair,Low_Cost
325,2025-11-22,FR6353,milan,17:55:00,189,EU,Sábado,Tarde,0,0,0.98,Grupo Ryanair,Low_Cost
326,2025-11-22,FR878,venice,18:15:00,189,EU,Sábado,Tarde,0,0,0.96,Grupo Ryanair,Low_Cost
327,2025-11-22,FR3035,krakow,18:20:00,197,EU,Sábado,Tarde,0,0,0.99,Grupo Ryanair,Low_Cost
328,2025-11-22,FR3792,birmingham,18:55:00,197,INT,Sábado,Tarde,0,0,0.96,Grupo Ryanair,Low_Cost
329,2025-11-22,FR9045,london,19:05:00,189,INT,Sábado,Tarde,0,0,0.98,Grupo Ryanair,Low_Cost
330,2025-11-22,FR5270,manchester,19:20:00,189,INT,Sábado,Tarde,0,0,0.98,Grupo Ryanair,Low_Cost
331,2025-11-22,FR149,berlin,19:35:00,197,EU,Sábado,Tarde,0,0,0.99,Grupo Ryanair,Low_Cost
332,2025-11-22,FR3078,lisbon,19:55:00,189,EU,Sábado,Tarde,0,0,0.98,Grupo Ryanair,Low_Cost
333,2025-11-22,FR7351,vienna,20:05:00,180,EU,Sábado,Noche,0,0,0.99,Grupo Ryanair,Low_Cost
334,2025-11-22,FR867,venice,20:20:00,189,EU,Sábado,Noche,0,0,0.96,Grupo Ryanair,Low_Cost
335,2025-11-22,FR9581,sevilla,20:25:00,197,NAC,Sábado,Noche,0,0,0.96,Grupo Ryanair,Low_Cost
336,2025-11-22,FR3182,malaga,20:45:00,189,NAC,Sábado,Noche,0,0,0.96,Grupo Ryanair,Low_Cost
337,2025-11-22,FR3928,trieste,20:45:00,189,EU,Sábado,Noche,0,0,0.97,Grupo Ryanair,Low_Cost
338,2025-11-22,FR4585,porto,20:50:00,189,EU,Sábado,Noche,0,0,0.94,Grupo Ryanair,Low_Cost
339,2025-11-22,FR6267,edinburgh,20:55:00,189,INT,Sábado,Noche,0,0,0.98,Grupo Ryanair,Low_Cost
340,2025-11-22,FR3174,ibiza,21:20:00,189,NAC,Sábado,Noche,0,0,0.76,Grupo Ryanair,Low_Cost
341,2025-11-22,FR5220,bologna,21:30:00,189,EU,Sábado,Noche,0,0,0.97,Grupo Ryanair,Low_Cost
342,2025-11-22,FR3039,prague,21:35:00,197,EU,Sábado,Noche,0,0,0.99,Grupo Ryanair,Low_Cost
343,2025-11-22,FR3800,birmingham,21:55:00,189,INT,Sábado,Noche,0,0,0.96,Grupo Ryanair,Low_Cost
344,2025-11-22,FR8574,rome,22:10:00,189,EU,Sábado,Noche,0,0,0.95,Grupo Ryanair,Low_Cost
345,2025-11-23,FR3180,rome,06:00:00,189,EU,Domingo,Mañana,0,0,0.96,Grupo Ryanair,Low_Cost
346,2025-11-23,FR2834,charleroi,06:10:00,197,EU,Domingo,Mañana,0,0,0.94,Grupo Ryanair,Low_Cost
347,2025-11-23,FR2918,brussels,06:25:00,189,EU,Domingo,Mañana,0,0,0.94,Grupo Ryanair,Low_Cost
348,2025-11-23,FR4084,warsaw,06:25:00,189,EU,Domingo,Mañana,0,0,0.99,Grupo Ryanair,Low_Cost
349,2025-11-23,FR2239,marrakech,06:30:00,189,INT,Domingo,Mañana,0,0,0.87,Grupo Ryanair,Low_Cost
350,2025-11-23,FR2507,cologne-bonn,06:40:00,189,EU,Domingo,Mañana,0,0,0.99,Grupo Ryanair,Low_Cost
351,2025-11-23,FR6597,manchester,07:30:00,189,INT,Domingo,Mañana,0,0,0.71,Grupo Ryanair,Low_Cost
352,2025-11-23,FR3108,luxembourg,07:35:00,189,EU,Domingo,Mañana,0,0,0.96,Grupo Ryanair,Low_Cost
353,2025-11-23,FR1165,sevilla,07:50:00,189,NAC,Domingo,Mañana,0,0,0.95,Grupo Ryanair,Low_Cost
354,2025-11-23,FR878,venice,08:30:00,189,EU,Domingo,Mañana,0,0,0.93,Grupo Ryanair,Low_Cost
355,2025-11-23,FR1786,vilnius,09:00:00,197,EU,Domingo,Mañana,0,0,0.99,Grupo Ryanair,Low_Cost
356,2025-11-23,FR3028,ibiza,09:05:00,197,NAC,Domingo,Mañana,0,0,0.16,Grupo Ryanair,Low_Cost
357,2025-11-23,FR3193,riga,09:10:00,189,EU,Domingo,Mañana,0,0,1.0,Grupo Ryanair,Low_Cost
358,2025-11-23,FR4545,porto,09:35:00,189,EU,Domingo,Mañana,0,0,0.78,Grupo Ryanair,Low_Cost
359,2025-11-23,FR333,gdansk,09:45:00,189,EU,Domingo,Mañana,0,0,1.0,Grupo Ryanair,Low_Cost
360,2025-11-23,FR8384,budapest,09:45:00,197,EU,Domingo,Mañana,0,0,0.99,Grupo Ryanair,Low_Cost
361,2025-11-23,FR2495,palma de mallorca,09:50:00,189,NAC,Domingo,Mañana,0,0,0.96,Grupo Ryanair,Low_Cost
362,2025-11-23,FR6341,rome,09:55:00,189,EU,Domingo,Mañana,0,0,0.93,Grupo Ryanair,Low_Cost
363,2025-11-23,FR3049,krakow,09:55:00,197,EU,Domingo,Mañana,0,0,1.0,Grupo Ryanair,Low_Cost
364,2025-11-23,FR8231,london,10:00:00,189,INT,Domingo,Mañana,0,0,1.0,Grupo Ryanair,Low_Cost
365,2025-11-23,FR6874,dublin,10:05:00,197,INT,Domingo,Mañana,0,0,0.85,Grupo Ryanair,Low_Cost
366,2025-11-23,FR7351,vienna,10:10:00,180,EU,Domingo,Mañana,0,0,1.0,Grupo Ryanair,Low_Cost
367,2025-11-23,FR575,bologna,10:20:00,189,EU,Domingo,Mañana,0,0,0.94,Grupo Ryanair,Low_Cost
368,2025-11-23,FR6267,edinburgh,10:30:00,189,INT,Domingo,Mañana,0,0,0.93,Grupo Ryanair,Low_Cost
369,2025-11-23,FR7543,manchester,10:40:00,197,INT,Domingo,Mañana,0,0,0.98,Grupo Ryanair,Low_Cost
370,2025-11-23,FR1279,copenhagen,10:45:00,189,EU,Domingo,Mañana,0,0,1.0,Grupo Ryanair,Low_Cost
371,2025-11-23,FR3143,milan,10:45:00,197,EU,Domingo,Mañana,0,0,0.99,Grupo Ryanair,Low_Cost
372,2025-11-23,FR3166,palermo,11:00:00,189,EU,Domingo,Mañana,0,0,0.98,Grupo Ryanair,Low_Cost
373,2025-11-23,FR2889,palma de mallorca,11:55:00,180,NAC,Domingo,Mañana,0,0,0.96,Grupo Ryanair,Low_Cost
374,2025-11-23,FR3129,ibiza,12:05:00,189,NAC,Domingo,Tarde,0,0,0.94,Grupo Ryanair,Low_Cost
375,2025-11-23,FR3976,dublin,12:25:00,197,INT,Domingo,Tarde,0,0,0.97,Grupo Ryanair,Low_Cost
376,2025-11-23,FR1527,valletta,12:30:00,189,EU,Domingo,Tarde,0,0,0.81,Grupo Ryanair,Low_Cost
377,2025-11-23,FR2402,sevilla,12:30:00,189,NAC,Domingo,Tarde,0,0,0.93,Grupo Ryanair,Low_Cost
378,2025-11-23,FR6300,sofia,12:45:00,189,EU,Domingo,Tarde,0,0,0.94,Grupo Ryanair,Low_Cost
379,2025-11-23,FR2511,cologne-bonn,12:55:00,189,EU,Domingo,Tarde,0,0,0.99,Grupo Ryanair,Low_Cost
380,2025-11-23,FR8598,reggio calabria,13:05:00,189,EU,Domingo,Tarde,0,0,0.93,Grupo Ryanair,Low_Cost
381,2025-11-23,FR3121,paris,13:20:00,189,EU,Domingo,Tarde,0,0,0.99,Grupo Ryanair,Low_Cost
382,2025-11-23,FR9811,london,13:40:00,189,INT,Domingo,Tarde,0,0,0.98,Grupo Ryanair,Low_Cost
383,2025-11-23,FR483,malaga,13:50:00,189,NAC,Domingo,Tarde,0,0,0.96,Grupo Ryanair,Low_Cost
384,2025-11-23,FR1342,palma de mallorca,14:05:00,189,NAC,Domingo,Tarde,0,0,0.97,Grupo Ryanair,Low_Cost
385,2025-11-23,FR6920,dublin,14:05:00,197,INT,Domingo,Tarde,0,0,0.99,Grupo Ryanair,Low_Cost
386,2025-11-23,FR4585,porto,14:10:00,189,EU,Domingo,Tarde,0,0,0.91,Grupo Ryanair,Low_Cost
387,2025-11-23,FR269,milan,14:55:00,189,EU,Domingo,Tarde,0,0,0.98,Grupo Ryanair,Low_Cost
388,2025-11-23,FR3320,milan,15:00:00,189,EU,Domingo,Tarde,0,0,0.96,Grupo Ryanair,Low_Cost
389,2025-11-23,FR774,torino,15:15:00,189,EU,Domingo,Tarde,0,0,0.98,Grupo Ryanair,Low_Cost
390,2025-11-23,FR3072,prague,15:15:00,189,EU,Domingo,Tarde,0,0,0.99,Grupo Ryanair,Low_Cost
391,2025-11-23,FR6973,rome,15:30:00,197,EU,Domingo,Tarde,0,0,0.95,Grupo Ryanair,Low_Cost
392,2025-11-23,FR133,berlin,16:15:00,189,EU,Domingo,Tarde,0,0,1.0,Grupo Ryanair,Low_Cost
393,2025-11-23,FR2922,brussels,16:15:00,189,EU,Domingo,Tarde,0,0,0.96,Grupo Ryanair,Low_Cost
394,2025-11-23,FR9814,london,16:40:00,189,INT,Domingo,Tarde,0,0,1.0,Grupo Ryanair,Low_Cost
395,2025-11-23,FR8669,dublin,16:55:00,189,INT,Domingo,Tarde,0,0,0.9,Grupo Ryanair,Low_Cost
396,2025-11-23,FR2250,marrakech,17:00:00,189,INT,Domingo,Tarde,0,0,0.86,Grupo Ryanair,Low_Cost
397,2025-11-23,FR8394,budapest,17:15:00,197,EU,Domingo,Tarde,0,0,1.0,Grupo Ryanair,Low_Cost
398,2025-11-23,FR5718,bratislava,17:20:00,189,EU,Domingo,Tarde,0,0,0.97,Grupo Ryanair,Low_Cost
399,2025-11-23,FR12,vienna,17:40:00,189,EU,Domingo,Tarde,0,0,1.0,Grupo Ryanair,Low_Cost
400,2025-11-23,FR5252,krakow,17:50:00,189,EU,Domingo,Tarde,0,0,1.0,Grupo Ryanair,Low_Cost
401,2025-11-23,FR1681,frankfurt-hahn,18:00:00,189,EU,Domingo,Tarde,0,0,0.99,Grupo Ryanair,Low_Cost
402,2025-11-23,FR777,venice,18:00:00,197,EU,Domingo,Tarde,0,0,1.0,Grupo Ryanair,Low_Cost
403,2025-11-23,FR6305,milan,18:05:00,189,EU,Domingo,Tarde,0,0,0.99,Grupo Ryanair,Low_Cost
404,2025-11-23,FR2406,sevilla,18:30:00,189,NAC,Domingo,Tarde,0,0,0.95,Grupo Ryanair,Low_Cost
405,2025-11-23,FR8631,tanger,18:45:00,189,INT,Domingo,Tarde,0,0,0.9,Grupo Ryanair,Low_Cost
406,2025-11-23,FR6394,dublin,19:10:00,197,INT,Domingo,Tarde,0,0,0.89,Grupo Ryanair,Low_Cost
407,2025-11-23,FR3160,bristol,19:25:00,189,INT,Domingo,Tarde,0,0,1.0,Grupo Ryanair,Low_Cost
408,2025-11-23,FR2233,al aaroui,19:40:00,189,INT,Domingo,Tarde,0,0,0.84,Grupo Ryanair,Low_Cost
409,2025-11-23,FR5710,napoli,19:45:00,189,EU,Domingo,Tarde,0,0,0.97,Grupo Ryanair,Low_Cost
410,2025-11-23,FR9015,london,19:45:00,189,INT,Domingo,Tarde,0,0,0.99,Grupo Ryanair,Low_Cost
411,2025-11-23,FR8136,ibiza,20:10:00,189,NAC,Domingo,Noche,0,0,1.0,Grupo Ryanair,Low_Cost
412,2025-11-23,FR6985,rome,20:30:00,197,EU,Domingo,Noche,0,0,0.93,Grupo Ryanair,Low_Cost
413,2025-11-23,FR4587,porto,20:40:00,189,EU,Domingo,Noche,0,0,0.92,Grupo Ryanair,Low_Cost
414,2025-11-23,FR6275,edinburgh,20:50:00,189,INT,Domingo,Noche,0,0,1.0,Grupo Ryanair,Low_Cost
415,2025-11-23,FR6944,warsaw,20:50:00,189,EU,Domingo,Noche,0,0,0.99,Grupo Ryanair,Low_Cost
416,2025-11-23,FR8615,budapest,21:00:00,189,EU,Domingo,Noche,0,0,0.99,Grupo Ryanair,Low_Cost
417,2025-11-23,FR2896,palma de mallorca,21:15:00,189,NAC,Domingo,Noche,0,0,1.0,Grupo Ryanair,Low_Cost
418,2025-11-23,FR3792,birmingham,21:20:00,189,INT,Domingo,Noche,0,0,0.92,Grupo Ryanair,Low_Cost
419,2025-11-23,FR5752,valletta,21:45:00,197,EU,Domingo,Noche,0,0,0.94,Grupo Ryanair,Low_Cost
420,2025-11-23,FR5220,bologna,22:50:00,189,EU,Domingo,Noche,0,0,0.99,Grupo Ryanair,Low_Cost
421,2025-11-23,FR9406,fes,23:15:00,189,INT,Domingo,Noche,0,0,0.88,Grupo Ryanair,Low_Cost
422,2025-11-24,FR3180,rome,06:00:00,189,EU,Lunes,Mañana,0,0,0.88,Grupo Ryanair,Low_Cost
423,2025-11-24,FR846,milan,06:10:00,189,EU,Lunes,Mañana,0,0,1.0,Grupo Ryanair,Low_Cost
424,2025-11-24,FR2233,al aaroui,06:20:00,189,INT,Lunes,Mañana,0,0,0.7,Grupo Ryanair,Low_Cost
425,2025-11-24,FR8384,budapest,06:25:00,197,EU,Lunes,Mañana,0,0,1.0,Grupo Ryanair,Low_Cost
426,2025-11-24,FR3078,lisbon,06:30:00,189,EU,Lunes,Mañana,0,0,1.0,Grupo Ryanair,Low_Cost
427,2025-11-24,FR3035,krakow,06:45:00,189,EU,Lunes,Mañana,0,0,1.0,Grupo Ryanair,Low_Cost
428,2025-11-24,FR8215,london,06:45:00,197,INT,Lunes,Mañana,0,0,0.98,Grupo Ryanair,Low_Cost
429,2025-11-24,FR3028,ibiza,07:35:00,189,NAC,Lunes,Mañana,0,0,0.84,Grupo Ryanair,Low_Cost
430,2025-11-24,FR1342,palma de mallorca,07:40:00,180,NAC,Lunes,Mañana,0,0,0.62,Grupo Ryanair,Low_Cost
431,2025-11-24,FR1165,sevilla,07:55:00,189,NAC,Lunes,Mañana,0,0,0.99,Grupo Ryanair,Low_Cost
432,2025-11-24,FR58,napoli,08:35:00,197,EU,Lunes,Mañana,0,0,0.98,Grupo Ryanair,Low_Cost
433,2025-11-24,FR575,bologna,08:40:00,189,EU,Lunes,Mañana,0,0,1.0,Grupo Ryanair,Low_Cost
434,2025-11-24,FR12,vienna,09:00:00,180,EU,Lunes,Mañana,0,0,1.0,Grupo Ryanair,Low_Cost
435,2025-11-24,FR6078,ouarzazate,09:05:00,189,INT,Lunes,Mañana,0,0,0.48,Grupo Ryanair,Low_Cost
436,2025-11-24,FR2834,charleroi,09:40:00,189,EU,Lunes,Mañana,0,0,0.92,Grupo Ryanair,Low_Cost
437,2025-11-24,FR2495,palma de mallorca,09:45:00,189,NAC,Lunes,Mañana,0,0,0.84,Grupo Ryanair,Low_Cost
438,2025-11-24,FR4545,porto,09:50:00,189,EU,Lunes,Mañana,0,0,0.92,Grupo Ryanair,Low_Cost
439,2025-11-24,FR6559,liverpool,10:15:00,189,INT,Lunes,Mañana,0,0,0.95,Grupo Ryanair,Low_Cost
440,2025-11-24,FR3143,milan,10:20:00,189,EU,Lunes,Mañana,0,0,0.96,Grupo Ryanair,Low_Cost
441,2025-11-24,FR7808,london,10:35:00,197,INT,Lunes,Mañana,0,0,0.98,Grupo Ryanair,Low_Cost
442,2025-11-24,FR2239,marrakech,10:45:00,189,INT,Lunes,Mañana,0,0,0.9,Grupo Ryanair,Low_Cost
443,2025-11-24,FR3121,paris,10:45:00,189,EU,Lunes,Mañana,0,0,0.99,Grupo Ryanair,Low_Cost
444,2025-11-24,FR3976,dublin,10:45:00,189,INT,Lunes,Mañana,0,0,0.92,Grupo Ryanair,Low_Cost
445,2025-11-24,FR3039,prague,10:55:00,189,EU,Lunes,Mañana,0,0,0.98,Grupo Ryanair,Low_Cost
446,2025-11-24,FR9045,london,11:00:00,189,INT,Lunes,Mañana,0,0,0.99,Grupo Ryanair,Low_Cost
447,2025-11-24,FR7539,milan,11:30:00,189,EU,Lunes,Mañana,0,0,0.98,Grupo Ryanair,Low_Cost
448,2025-11-24,FR1279,copenhagen,11:35:00,189,EU,Lunes,Mañana,0,0,0.98,Grupo Ryanair,Low_Cost
449,2025-11-24,FR777,venice,11:55:00,197,EU,Lunes,Mañana,0,0,0.96,Grupo Ryanair,Low_Cost
450,2025-11-24,FR8217,london,12:00:00,189,INT,Lunes,Tarde,0,0,0.97,Grupo Ryanair,Low_Cost
451,2025-11-24,FR3129,ibiza,12:35:00,189,NAC,Lunes,Tarde,0,0,0.7,Grupo Ryanair,Low_Cost
452,2025-11-24,FR6973,rome,12:35:00,197,EU,Lunes,Tarde,0,0,0.9,Grupo Ryanair,Low_Cost
453,2025-11-24,FR774,torino,12:40:00,189,EU,Lunes,Tarde,0,0,0.94,Grupo Ryanair,Low_Cost
454,2025-11-24,FR3108,luxembourg,13:00:00,197,EU,Lunes,Tarde,0,0,0.96,Grupo Ryanair,Low_Cost
455,2025-11-24,FR8631,tanger,13:20:00,189,INT,Lunes,Tarde,0,0,0.91,Grupo Ryanair,Low_Cost
456,2025-11-24,FR4585,porto,13:40:00,189,EU,Lunes,Tarde,0,0,0.86,Grupo Ryanair,Low_Cost
457,2025-11-24,FR3189,fes,13:50:00,189,INT,Lunes,Tarde,0,0,0.77,Grupo Ryanair,Low_Cost
458,2025-11-24,FR3792,birmingham,13:55:00,189,INT,Lunes,Tarde,0,0,0.94,Grupo Ryanair,Low_Cost
459,2025-11-24,FR2889,palma de mallorca,14:05:00,189,NAC,Lunes,Tarde,0,0,0.93,Grupo Ryanair,Low_Cost
460,2025-11-24,FR3146,oujda,15:10:00,189,INT,Lunes,Tarde,0,0,0.76,Grupo Ryanair,Low_Cost
461,2025-11-24,FR1681,frankfurt-hahn,15:35:00,189,EU,Lunes,Tarde,0,0,0.99,Grupo Ryanair,Low_Cost
462,2025-11-24,FR867,venice,16:05:00,189,EU,Lunes,Tarde,0,0,0.99,Grupo Ryanair,Low_Cost
463,2025-11-24,FR9811,london,16:05:00,189,INT,Lunes,Tarde,0,0,1.0,Grupo Ryanair,Low_Cost
464,2025-11-24,FR2507,cologne-bonn,16:45:00,197,EU,Lunes,Tarde,0,0,0.99,Grupo Ryanair,Low_Cost
465,2025-11-24,FR5718,bratislava,16:50:00,189,EU,Lunes,Tarde,0,0,0.92,Grupo Ryanair,Low_Cost
466,2025-11-24,FR6305,milan,16:50:00,189,EU,Lunes,Tarde,0,0,0.96,Grupo Ryanair,Low_Cost
467,2025-11-24,FR6874,dublin,16:55:00,189,INT,Lunes,Tarde,0,0,0.93,Grupo Ryanair,Low_Cost
468,2025-11-24,FR5270,manchester,17:05:00,189,INT,Lunes,Tarde,0,0,1.0,Grupo Ryanair,Low_Cost
469,2025-11-24,FR6300,sofia,17:05:00,189,EU,Lunes,Tarde,0,0,0.97,Grupo Ryanair,Low_Cost
470,2025-11-24,FR1786,vilnius,17:30:00,197,EU,Lunes,Tarde,0,0,0.99,Grupo Ryanair,Low_Cost
471,2025-11-24,FR2922,brussels,17:30:00,189,EU,Lunes,Tarde,0,0,0.95,Grupo Ryanair,Low_Cost
472,2025-11-24,FR333,gdansk,17:55:00,189,EU,Lunes,Tarde,0,0,0.98,Grupo Ryanair,Low_Cost
473,2025-11-24,FR269,milan,18:00:00,189,EU,Lunes,Tarde,0,0,0.99,Grupo Ryanair,Low_Cost
474,2025-11-24,FR3320,milan,18:30:00,197,EU,Lunes,Tarde,0,0,0.96,Grupo Ryanair,Low_Cost
475,2025-11-24,FR3174,ibiza,18:45:00,189,NAC,Lunes,Tarde,0,0,1.0,Grupo Ryanair,Low_Cost
476,2025-11-24,FR3185,rabat,19:05:00,189,INT,Lunes,Tarde,0,0,0.89,Grupo Ryanair,Low_Cost
477,2025-11-24,FR9307,cork,19:15:00,189,INT,Lunes,Tarde,0,0,0.9,Grupo Ryanair,Low_Cost
478,2025-11-24,FR8231,london,19:25:00,189,INT,Lunes,Tarde,0,0,0.99,Grupo Ryanair,Low_Cost
479,2025-11-24,FR2896,palma de mallorca,19:40:00,180,NAC,Lunes,Tarde,0,0,0.96,Grupo Ryanair,Low_Cost
480,2025-11-24,FR133,berlin,19:45:00,189,EU,Lunes,Tarde,0,0,0.99,Grupo Ryanair,Low_Cost
481,2025-11-24,FR7351,vienna,19:45:00,180,EU,Lunes,Tarde,0,0,0.99,Grupo Ryanair,Low_Cost
482,2025-11-24,FR3080,malaga,20:00:00,189,NAC,Lunes,Noche,0,0,0.97,Grupo Ryanair,Low_Cost
483,2025-11-24,FR3807,charleroi,20:05:00,197,EU,Lunes,Noche,0,0,0.93,Grupo Ryanair,Low_Cost
484,2025-11-24,FR6341,rome,20:10:00,189,EU,Lunes,Noche,0,0,0.98,Grupo Ryanair,Low_Cost
485,2025-11-24,FR6597,manchester,20:10:00,189,INT,Lunes,Noche,0,0,1.0,Grupo Ryanair,Low_Cost
486,2025-11-24,FR5710,napoli,20:40:00,189,EU,Lunes,Noche,0,0,1.0,Grupo Ryanair,Low_Cost
487,2025-11-24,FR8394,budapest,20:40:00,197,EU,Lunes,Noche,0,0,0.99,Grupo Ryanair,Low_Cost
488,2025-11-24,FR2098,bologna,20:50:00,189,EU,Lunes,Noche,0,0,0.94,Grupo Ryanair,Low_Cost
489,2025-11-24,FR3928,trieste,20:50:00,189,EU,Lunes,Noche,0,0,0.98,Grupo Ryanair,Low_Cost
490,2025-11-24,FR878,venice,20:55:00,189,EU,Lunes,Noche,0,0,0.97,Grupo Ryanair,Low_Cost
491,2025-11-24,FR6275,edinburgh,21:05:00,197,INT,Lunes,Noche,0,0,0.95,Grupo Ryanair,Low_Cost
492,2025-11-24,FR6920,dublin,21:10:00,189,INT,Lunes,Noche,0,0,0.99,Grupo Ryanair,Low_Cost
493,2025-11-24,FR2402,sevilla,21:30:00,189,NAC,Lunes,Noche,0,0,0.98,Grupo Ryanair,Low_Cost
494,2025-11-24,FR4084,warsaw,21:30:00,189,EU,Lunes,Noche,0,0,0.99,Grupo Ryanair,Low_Cost
495,2025-11-24,FR3168,newcastle,21:45:00,189,INT,Lunes,Noche,0,0,0.9,Grupo Ryanair,Low_Cost
496,2025-11-24,FR4587,porto,21:45:00,197,EU,Lunes,Noche,0,0,0.8,Grupo Ryanair,Low_Cost
497,2025-11-24,FR1527,valletta,21:50:00,197,EU,Lunes,Noche,0,0,0.92,Grupo Ryanair,Low_Cost
498,2025-11-24,FR2250,marrakech,21:50:00,189,INT,Lunes,Noche,0,0,0.39,Grupo Ryanair,Low_Cost
499,2025-11-24,FR8574,rome,22:20:00,189,EU,Lunes,Noche,0,0,0.87,Grupo Ryanair,Low_Cost
500,2025-11-25,FR3189,fes,06:15:00,189,INT,Martes,Mañana,0,0,0.44,Grupo Ryanair,Low_Cost
501,2025-11-25,FR2507,cologne-bonn,06:20:00,189,EU,Martes,Mañana,0,0,1.0,Grupo Ryanair,Low_Cost
502,2025-11-25,FR4545,porto,06:35:00,189,EU,Martes,Mañana,0,0,0.7,Grupo Ryanair,Low_Cost
503,2025-11-25,FR3166,palermo,07:35:00,189,EU,Martes,Mañana,0,0,0.94,Grupo Ryanair,Low_Cost
504,2025-11-25,FR5718,bratislava,07:35:00,189,EU,Martes,Mañana,0,0,0.8,Grupo Ryanair,Low_Cost
505,2025-11-25,FR3193,riga,07:55:00,189,EU,Martes,Mañana,0,0,1.0,Grupo Ryanair,Low_Cost
506,2025-11-25,FR133,berlin,08:50:00,189,EU,Martes,Mañana,0,0,1.0,Grupo Ryanair,Low_Cost
507,2025-11-25,FR3035,krakow,09:10:00,189,EU,Martes,Mañana,0,0,1.0,Grupo Ryanair,Low_Cost
508,2025-11-25,FR3807,charleroi,09:10:00,197,EU,Martes,Mañana,0,0,0.89,Grupo Ryanair,Low_Cost
509,2025-11-25,FR12,vienna,10:15:00,180,EU,Martes,Mañana,0,0,1.0,Grupo Ryanair,Low_Cost
510,2025-11-25,FR1279,copenhagen,10:25:00,197,EU,Martes,Mañana,0,0,0.89,Grupo Ryanair,Low_Cost
511,2025-11-25,FR5270,manchester,10:30:00,197,INT,Martes,Mañana,0,0,0.99,Grupo Ryanair,Low_Cost
512,2025-11-25,FR58,napoli,11:40:00,189,EU,Martes,Mañana,0,0,0.97,Grupo Ryanair,Low_Cost
513,2025-11-25,FR3108,luxembourg,12:15:00,189,EU,Martes,Tarde,0,0,0.96,Grupo Ryanair,Low_Cost
514,2025-11-25,FR8384,budapest,12:35:00,197,EU,Martes,Tarde,0,0,1.0,Grupo Ryanair,Low_Cost
515,2025-11-25,FR6267,edinburgh,12:55:00,189,INT,Martes,Tarde,0,0,1.0,Grupo Ryanair,Low_Cost
516,2025-11-25,FR2239,marrakech,14:00:00,189,INT,Martes,Tarde,0,0,0.86,Grupo Ryanair,Low_Cost
517,2025-11-25,FR3076,stockholm,14:05:00,189,EU,Martes,Tarde,0,0,0.99,Grupo Ryanair,Low_Cost
518,2025-11-25,FR3792,birmingham,16:20:00,197,INT,Martes,Tarde,0,0,1.0,Grupo Ryanair,Low_Cost
519,2025-11-25,FR846,milan,16:55:00,189,EU,Martes,Tarde,0,0,1.0,Grupo Ryanair,Low_Cost
520,2025-11-25,FR1165,sevilla,17:05:00,197,NAC,Martes,Tarde,0,0,0.93,Grupo Ryanair,Low_Cost
521,2025-11-25,FR575,bologna,17:25:00,197,EU,Martes,Tarde,0,0,0.94,Grupo Ryanair,Low_Cost
522,2025-11-25,FR3180,rome,18:00:00,189,EU,Martes,Tarde,0,0,0.9,Grupo Ryanair,Low_Cost
523,2025-11-25,FR6300,sofia,18:15:00,197,EU,Martes,Tarde,0,0,0.97,Grupo Ryanair,Low_Cost
524,2025-11-25,FR777,venice,18:40:00,189,EU,Martes,Tarde,0,0,1.0,Grupo Ryanair,Low_Cost
525,2025-11-25,FR2834,charleroi,18:45:00,197,EU,Martes,Tarde,0,0,0.94,Grupo Ryanair,Low_Cost
526,2025-11-25,FR9015,london,19:25:00,189,INT,Martes,Tarde,0,0,0.98,Grupo Ryanair,Low_Cost
527,2025-11-25,FR4084,warsaw,20:15:00,189,EU,Martes,Noche,0,0,0.99,Grupo Ryanair,Low_Cost
528,2025-11-25,FR6394,dublin,21:15:00,197,INT,Martes,Noche,0,0,0.99,Grupo Ryanair,Low_Cost
529,2025-11-25,FR4585,porto,22:00:00,197,EU,Martes,Noche,0,0,0.8,Grupo Ryanair,Low_Cost
530,2025-11-26,FR2918,brussels,06:05:00,189,EU,Miércoles,Mañana,0,0,0.99,Grupo Ryanair,Low_Cost
531,2025-11-26,FR3185,rabat,06:05:00,189,INT,Miércoles,Mañana,0,0,0.73,Grupo Ryanair,Low_Cost
532,2025-11-26,FR9406,fes,06:05:00,189,INT,Miércoles,Mañana,0,0,0.44,Grupo Ryanair,Low_Cost
533,2025-11-26,FR483,malaga,06:15:00,189,NAC,Miércoles,Mañana,0,0,0.63,Grupo Ryanair,Low_Cost
534,2025-11-26,FR2239,marrakech,06:35:00,189,INT,Miércoles,Mañana,0,0,0.88,Grupo Ryanair,Low_Cost
535,2025-11-26,FR3028,ibiza,06:45:00,189,NAC,Miércoles,Mañana,0,0,0.2,Grupo Ryanair,Low_Cost
536,2025-11-26,FR3108,luxembourg,06:50:00,197,EU,Miércoles,Mañana,0,0,0.76,Grupo Ryanair,Low_Cost
537,2025-11-26,FR8384,budapest,09:30:00,189,EU,Miércoles,Mañana,0,0,0.99,Grupo Ryanair,Low_Cost
538,2025-11-26,FR4545,porto,09:45:00,189,EU,Miércoles,Mañana,0,0,0.82,Grupo Ryanair,Low_Cost
539,2025-11-26,FR3049,krakow,09:55:00,197,EU,Miércoles,Mañana,0,0,0.98,Grupo Ryanair,Low_Cost
540,2025-11-26,FR3078,lisbon,10:15:00,189,EU,Miércoles,Mañana,0,0,0.95,Grupo Ryanair,Low_Cost
541,2025-11-26,FR3039,prague,10:20:00,189,EU,Miércoles,Mañana,0,0,0.98,Grupo Ryanair,Low_Cost
542,2025-11-26,FR6267,edinburgh,10:45:00,197,INT,Miércoles,Mañana,0,0,0.99,Grupo Ryanair,Low_Cost
543,2025-11-26,FR2507,cologne-bonn,11:00:00,197,EU,Miércoles,Mañana,0,0,1.0,Grupo Ryanair,Low_Cost
544,2025-11-26,FR575,bologna,11:40:00,189,EU,Miércoles,Mañana,0,0,0.96,Grupo Ryanair,Low_Cost
545,2025-11-26,FR9925,frankfurt-hahn,12:35:00,189,EU,Miércoles,Tarde,0,0,0.96,Grupo Ryanair,Low_Cost
546,2025-11-26,FR6597,manchester,13:00:00,197,INT,Miércoles,Tarde,0,0,1.0,Grupo Ryanair,Low_Cost
547,2025-11-26,FR3792,birmingham,13:10:00,189,INT,Miércoles,Tarde,0,0,1.0,Grupo Ryanair,Low_Cost
548,2025-11-26,FR777,venice,15:10:00,197,EU,Miércoles,Tarde,0,0,0.97,Grupo Ryanair,Low_Cost
549,2025-11-26,FR12,vienna,15:15:00,197,EU,Miércoles,Tarde,0,0,0.99,Grupo Ryanair,Low_Cost
550,2025-11-26,FR3035,krakow,16:15:00,197,EU,Miércoles,Tarde,0,0,0.99,Grupo Ryanair,Low_Cost
551,2025-11-26,FR3928,trieste,16:50:00,189,EU,Miércoles,Tarde,0,0,0.94,Grupo Ryanair,Low_Cost
552,2025-11-26,FR5718,bratislava,16:50:00,189,EU,Miércoles,Tarde,0,0,0.91,Grupo Ryanair,Low_Cost
553,2025-11-26,FR4585,porto,17:30:00,189,EU,Miércoles,Tarde,0,0,0.87,Grupo Ryanair,Low_Cost
554,2025-11-26,FR3180,rome,18:00:00,189,EU,Miércoles,Tarde,0,0,0.96,Grupo Ryanair,Low_Cost
555,2025-11-26,FR8231,london,19:00:00,189,INT,Miércoles,Tarde,0,0,0.97,Grupo Ryanair,Low_Cost
556,2025-11-26,FR1165,sevilla,19:10:00,189,NAC,Miércoles,Tarde,0,0,1.0,Grupo Ryanair,Low_Cost
557,2025-11-26,FR9334,marrakech,19:10:00,189,INT,Miércoles,Tarde,0,0,0.89,Grupo Ryanair,Low_Cost
558,2025-11-26,FR1342,palma de mallorca,19:15:00,189,NAC,Miércoles,Tarde,0,0,0.79,Grupo Ryanair,Low_Cost
559,2025-11-26,FR133,berlin,19:35:00,197,EU,Miércoles,Tarde,0,0,1.0,Grupo Ryanair,Low_Cost
560,2025-11-26,FR3143,milan,19:55:00,189,EU,Miércoles,Tarde,0,0,0.93,Grupo Ryanair,Low_Cost
561,2025-11-26,FR58,napoli,20:10:00,189,EU,Miércoles,Noche,0,0,0.99,Grupo Ryanair,Low_Cost
562,2025-11-26,FR5246,vilnius,20:10:00,197,EU,Miércoles,Noche,0,0,0.98,Grupo Ryanair,Low_Cost
563,2025-11-26,FR6394,dublin,22:05:00,189,INT,Miércoles,Noche,0,0,0.99,Grupo Ryanair,Low_Cost
564,2025-11-27,FR8215,london,06:00:00,189,INT,Jueves,Mañana,0,0,0.93,Grupo Ryanair,Low_Cost
565,2025-11-27,FR2918,brussels,06:05:00,189,EU,Jueves,Mañana,0,0,1.0,Grupo Ryanair,Low_Cost
566,2025-11-27,FR3976,dublin,06:15:00,197,INT,Jueves,Mañana,0,0,0.9,Grupo Ryanair,Low_Cost
567,2025-11-27,FR3049,krakow,06:40:00,197,EU,Jueves,Mañana,0,0,0.97,Grupo Ryanair,Low_Cost
568,2025-11-27,FR3028,ibiza,06:45:00,189,NAC,Jueves,Mañana,0,0,0.12,Grupo Ryanair,Low_Cost
569,2025-11-27,FR2495,palma de mallorca,07:20:00,180,NAC,Jueves,Mañana,0,0,0.19,Grupo Ryanair,Low_Cost
570,2025-11-27,FR133,berlin,07:25:00,189,EU,Jueves,Mañana,0,0,0.97,Grupo Ryanair,Low_Cost
571,2025-11-27,FR2507,cologne-bonn,07:45:00,197,EU,Jueves,Mañana,0,0,1.0,Grupo Ryanair,Low_Cost
572,2025-11-27,FR575,bologna,08:05:00,189,EU,Jueves,Mañana,0,0,0.99,Grupo Ryanair,Low_Cost
573,2025-11-27,FR774,torino,08:05:00,189,EU,Jueves,Mañana,0,0,1.0,Grupo Ryanair,Low_Cost
574,2025-11-27,FR3928,trieste,08:40:00,189,EU,Jueves,Mañana,0,0,0.76,Grupo Ryanair,Low_Cost
575,2025-11-27,FR6973,rome,08:40:00,189,EU,Jueves,Mañana,0,0,0.97,Grupo Ryanair,Low_Cost
576,2025-11-27,FR5710,napoli,09:05:00,189,EU,Jueves,Mañana,0,0,1.0,Grupo Ryanair,Low_Cost
577,2025-11-27,FR12,vienna,09:10:00,180,EU,Jueves,Mañana,0,0,1.0,Grupo Ryanair,Low_Cost
578,2025-11-27,FR3320,milan,09:30:00,189,EU,Jueves,Mañana,0,0,0.71,Grupo Ryanair,Low_Cost
579,2025-11-27,FR1279,copenhagen,10:00:00,197,EU,Jueves,Mañana,0,0,0.97,Grupo Ryanair,Low_Cost
580,2025-11-27,FR1165,sevilla,10:20:00,189,NAC,Jueves,Mañana,0,0,0.97,Grupo Ryanair,Low_Cost
581,2025-11-27,FR3121,paris,10:25:00,189,EU,Jueves,Mañana,0,0,0.97,Grupo Ryanair,Low_Cost
582,2025-11-27,FR8384,budapest,10:25:00,189,EU,Jueves,Mañana,0,0,0.99,Grupo Ryanair,Low_Cost
583,2025-11-27,FR3792,birmingham,11:00:00,189,INT,Jueves,Mañana,0,0,0.93,Grupo Ryanair,Low_Cost
584,2025-11-27,FR4545,porto,11:00:00,197,EU,Jueves,Mañana,0,0,0.82,Grupo Ryanair,Low_Cost
585,2025-11-27,FR3076,stockholm,11:10:00,189,EU,Jueves,Mañana,0,0,1.0,Grupo Ryanair,Low_Cost
586,2025-11-27,FR483,malaga,11:10:00,189,NAC,Jueves,Mañana,0,0,0.95,Grupo Ryanair,Low_Cost
587,2025-11-27,FR6597,manchester,11:20:00,189,INT,Jueves,Mañana,0,0,0.96,Grupo Ryanair,Low_Cost
588,2025-11-27,FR2239,marrakech,12:30:00,189,INT,Jueves,Tarde,0,0,0.93,Grupo Ryanair,Low_Cost
589,2025-11-27,FR3160,bristol,12:45:00,189,INT,Jueves,Tarde,0,0,0.8,Grupo Ryanair,Low_Cost
590,2025-11-27,FR1681,frankfurt-hahn,13:00:00,189,EU,Jueves,Tarde,0,0,0.99,Grupo Ryanair,Low_Cost
591,2025-11-27,FR3039,prague,13:30:00,197,EU,Jueves,Tarde,0,0,0.99,Grupo Ryanair,Low_Cost
592,2025-11-27,FR269,milan,13:40:00,189,EU,Jueves,Tarde,0,0,0.98,Grupo Ryanair,Low_Cost
593,2025-11-27,FR6267,edinburgh,13:45:00,197,INT,Jueves,Tarde,0,0,0.94,Grupo Ryanair,Low_Cost
594,2025-11-27,FR846,milan,13:45:00,197,EU,Jueves,Tarde,0,0,0.96,Grupo Ryanair,Low_Cost
595,2025-11-27,FR2233,al aaroui,14:00:00,189,INT,Jueves,Tarde,0,0,0.93,Grupo Ryanair,Low_Cost
596,2025-11-27,FR3189,fes,15:00:00,189,INT,Jueves,Tarde,0,0,0.93,Grupo Ryanair,Low_Cost
597,2025-11-27,FR149,berlin,15:40:00,189,EU,Jueves,Tarde,0,0,1.0,Grupo Ryanair,Low_Cost
598,2025-11-27,FR2922,brussels,16:05:00,189,EU,Jueves,Tarde,0,0,1.0,Grupo Ryanair,Low_Cost
599,2025-11-27,FR9045,london,16:30:00,197,INT,Jueves,Tarde,0,0,0.92,Grupo Ryanair,Low_Cost
600,2025-11-27,FR9913,tallinn,16:30:00,197,EU,Jueves,Tarde,0,0,0.99,Grupo Ryanair,Low_Cost
601,2025-11-27,FR4585,porto,16:35:00,197,EU,Jueves,Tarde,0,0,0.84,Grupo Ryanair,Low_Cost
602,2025-11-27,FR2098,bologna,17:15:00,189,EU,Jueves,Tarde,0,0,0.97,Grupo Ryanair,Low_Cost
603,2025-11-27,FR8394,budapest,17:30:00,189,EU,Jueves,Tarde,0,0,0.96,Grupo Ryanair,Low_Cost
604,2025-11-27,FR6300,sofia,17:45:00,189,EU,Jueves,Tarde,0,0,0.97,Grupo Ryanair,Low_Cost
605,2025-11-27,FR5718,bratislava,18:00:00,189,EU,Jueves,Tarde,0,0,0.93,Grupo Ryanair,Low_Cost
606,2025-11-27,FR6341,rome,18:00:00,189,EU,Jueves,Tarde,0,0,0.97,Grupo Ryanair,Low_Cost
607,2025-11-27,FR3078,lisbon,18:30:00,189,EU,Jueves,Tarde,0,0,0.99,Grupo Ryanair,Low_Cost
608,2025-11-27,FR6394,dublin,18:30:00,197,INT,Jueves,Tarde,0,0,0.96,Grupo Ryanair,Low_Cost
609,2025-11-27,FR3800,birmingham,18:45:00,189,INT,Jueves,Tarde,0,0,0.93,Grupo Ryanair,Low_Cost
610,2025-11-27,FR3193,riga,19:05:00,189,EU,Jueves,Tarde,0,0,0.72,Grupo Ryanair,Low_Cost
611,2025-11-27,FR1342,palma de mallorca,19:25:00,189,NAC,Jueves,Tarde,0,0,0.96,Grupo Ryanair,Low_Cost
612,2025-11-27,FR8217,london,19:25:00,189,INT,Jueves,Tarde,0,0,0.94,Grupo Ryanair,Low_Cost
613,2025-11-27,FR8598,reggio calabria,19:45:00,189,EU,Jueves,Tarde,0,0,0.51,Grupo Ryanair,Low_Cost
614,2025-11-27,FR8631,tanger,19:55:00,189,INT,Jueves,Tarde,0,0,0.9,Grupo Ryanair,Low_Cost
615,2025-11-27,FR3143,milan,20:25:00,197,EU,Jueves,Noche,0,0,0.52,Grupo Ryanair,Low_Cost
616,2025-11-27,FR4587,porto,20:45:00,197,EU,Jueves,Noche,0,0,0.89,Grupo Ryanair,Low_Cost
617,2025-11-27,FR333,gdansk,21:00:00,189,EU,Jueves,Noche,0,0,0.96,Grupo Ryanair,Low_Cost
618,2025-11-27,FR1527,valletta,21:20:00,189,EU,Jueves,Noche,0,0,0.97,Grupo Ryanair,Low_Cost
619,2025-11-27,FR3035,krakow,21:30:00,197,EU,Jueves,Noche,0,0,0.97,Grupo Ryanair,Low_Cost
620,2025-11-27,FR4084,warsaw,21:30:00,189,EU,Jueves,Noche,0,0,0.95,Grupo Ryanair,Low_Cost
621,2025-11-28,FR8183,bologna,06:10:00,189,EU,Viernes,Mañana,0,0,0.87,Grupo Ryanair,Low_Cost
622,2025-11-28,FR8231,london,06:10:00,189,INT,Viernes,Mañana,0,0,0.95,Grupo Ryanair,Low_Cost
623,2025-11-28,FR777,venice,06:20:00,197,EU,Viernes,Mañana,0,0,0.85,Grupo Ryanair,Low_Cost
624,2025-11-28,FR846,milan,06:25:00,189,EU,Viernes,Mañana,0,0,0.8,Grupo Ryanair,Low_Cost
625,2025-11-28,FR133,berlin,06:35:00,189,EU,Viernes,Mañana,0,0,0.97,Grupo Ryanair,Low_Cost
626,2025-11-28,FR4545,porto,06:45:00,189,EU,Viernes,Mañana,0,0,0.83,Grupo Ryanair,Low_Cost
627,2025-11-28,FR2889,palma de mallorca,07:40:00,180,NAC,Viernes,Mañana,0,0,0.41,Grupo Ryanair,Low_Cost
628,2025-11-28,FR3976,dublin,08:00:00,197,INT,Viernes,Mañana,0,0,0.88,Grupo Ryanair,Low_Cost
629,2025-11-28,FR3185,rabat,08:10:00,189,INT,Viernes,Mañana,0,0,0.88,Grupo Ryanair,Low_Cost
630,2025-11-28,FR6973,rome,08:15:00,197,EU,Viernes,Mañana,0,0,0.93,Grupo Ryanair,Low_Cost
631,2025-11-28,FR5752,valletta,08:40:00,197,EU,Viernes,Mañana,0,0,0.95,Grupo Ryanair,Low_Cost
632,2025-11-28,FR1165,sevilla,09:00:00,189,NAC,Viernes,Mañana,0,0,0.99,Grupo Ryanair,Low_Cost
633,2025-11-28,FR2834,charleroi,09:15:00,189,EU,Viernes,Mañana,0,0,1.0,Grupo Ryanair,Low_Cost
634,2025-11-28,FR12,vienna,09:25:00,180,EU,Viernes,Mañana,0,0,0.98,Grupo Ryanair,Low_Cost
635,2025-11-28,FR3028,ibiza,09:40:00,197,NAC,Viernes,Mañana,0,0,0.55,Grupo Ryanair,Low_Cost
636,2025-11-28,FR3320,milan,09:45:00,189,EU,Viernes,Mañana,0,0,1.0,Grupo Ryanair,Low_Cost
637,2025-11-28,FR9015,london,10:00:00,189,INT,Viernes,Mañana,0,0,0.99,Grupo Ryanair,Low_Cost
638,2025-11-28,FR6920,dublin,10:05:00,189,INT,Viernes,Mañana,0,0,1.0,Grupo Ryanair,Low_Cost
639,2025-11-28,FR2239,marrakech,10:20:00,189,INT,Viernes,Mañana,0,0,0.96,Grupo Ryanair,Low_Cost
640,2025-11-28,FR6267,edinburgh,10:30:00,189,INT,Viernes,Mañana,0,0,0.97,Grupo Ryanair,Low_Cost
641,2025-11-28,FR5270,manchester,10:55:00,197,INT,Viernes,Mañana,0,0,0.86,Grupo Ryanair,Low_Cost
642,2025-11-28,FR8384,budapest,11:00:00,189,EU,Viernes,Mañana,0,0,0.99,Grupo Ryanair,Low_Cost
643,2025-11-28,FR3166,palermo,11:10:00,189,EU,Viernes,Mañana,0,0,0.99,Grupo Ryanair,Low_Cost
644,2025-11-28,FR3121,paris,11:35:00,197,EU,Viernes,Mañana,0,0,0.96,Grupo Ryanair,Low_Cost
645,2025-11-28,FR2896,palma de mallorca,11:35:00,180,NAC,Viernes,Mañana,0,0,0.93,Grupo Ryanair,Low_Cost
646,2025-11-28,FR3049,krakow,11:45:00,189,EU,Viernes,Mañana,0,0,0.99,Grupo Ryanair,Low_Cost
647,2025-11-28,FR774,torino,11:55:00,189,EU,Viernes,Mañana,0,0,0.94,Grupo Ryanair,Low_Cost
648,2025-11-28,FR4585,porto,12:15:00,197,EU,Viernes,Tarde,0,0,0.95,Grupo Ryanair,Low_Cost
649,2025-11-28,FR575,bologna,12:45:00,197,EU,Viernes,Tarde,0,0,0.97,Grupo Ryanair,Low_Cost
650,2025-11-28,FR58,napoli,12:45:00,189,EU,Viernes,Tarde,0,0,0.96,Grupo Ryanair,Low_Cost
651,2025-11-28,FR6874,dublin,12:55:00,189,INT,Viernes,Tarde,0,0,0.92,Grupo Ryanair,Low_Cost
652,2025-11-28,FR6078,ouarzazate,13:50:00,189,INT,Viernes,Tarde,0,0,0.87,Grupo Ryanair,Low_Cost
653,2025-11-28,FR3180,rome,13:55:00,189,EU,Viernes,Tarde,0,0,0.98,Grupo Ryanair,Low_Cost
654,2025-11-28,FR7351,vienna,14:20:00,180,EU,Viernes,Tarde,0,0,1.0,Grupo Ryanair,Low_Cost
655,2025-11-28,FR8215,london,14:35:00,189,INT,Viernes,Tarde,0,0,0.92,Grupo Ryanair,Low_Cost
656,2025-11-28,FR2507,cologne-bonn,14:55:00,189,EU,Viernes,Tarde,0,0,1.0,Grupo Ryanair,Low_Cost
657,2025-11-28,FR867,venice,14:55:00,189,EU,Viernes,Tarde,0,0,0.95,Grupo Ryanair,Low_Cost
658,2025-11-28,FR1342,palma de mallorca,15:00:00,189,NAC,Viernes,Tarde,0,0,0.98,Grupo Ryanair,Low_Cost
659,2025-11-28,FR5718,bratislava,15:10:00,189,EU,Viernes,Tarde,0,0,0.9,Grupo Ryanair,Low_Cost
660,2025-11-28,FR483,malaga,15:25:00,197,NAC,Viernes,Tarde,0,0,0.95,Grupo Ryanair,Low_Cost
661,2025-11-28,FR9045,london,16:05:00,189,INT,Viernes,Tarde,0,0,0.94,Grupo Ryanair,Low_Cost
662,2025-11-28,FR2925,brussels,16:15:00,189,EU,Viernes,Tarde,0,0,0.95,Grupo Ryanair,Low_Cost
663,2025-11-28,FR6985,rome,16:15:00,189,EU,Viernes,Tarde,0,0,0.99,Grupo Ryanair,Low_Cost
664,2025-11-28,FR3129,ibiza,16:45:00,189,NAC,Viernes,Tarde,0,0,0.81,Grupo Ryanair,Low_Cost
665,2025-11-28,FR878,venice,16:55:00,189,EU,Viernes,Tarde,0,0,0.98,Grupo Ryanair,Low_Cost
666,2025-11-28,FR4587,porto,17:05:00,197,EU,Viernes,Tarde,0,0,0.92,Grupo Ryanair,Low_Cost
667,2025-11-28,FR3076,stockholm,17:30:00,197,EU,Viernes,Tarde,0,0,1.0,Grupo Ryanair,Low_Cost
668,2025-11-28,FR6341,rome,18:00:00,189,EU,Viernes,Tarde,0,0,0.97,Grupo Ryanair,Low_Cost
669,2025-11-28,FR6353,milan,18:00:00,197,EU,Viernes,Tarde,0,0,0.98,Grupo Ryanair,Low_Cost
670,2025-11-28,FR2098,bologna,18:35:00,189,EU,Viernes,Tarde,0,0,1.0,Grupo Ryanair,Low_Cost
671,2025-11-28,FR3189,fes,18:50:00,189,INT,Viernes,Tarde,0,0,0.98,Grupo Ryanair,Low_Cost
672,2025-11-28,FR149,berlin,19:15:00,197,EU,Viernes,Tarde,0,0,0.97,Grupo Ryanair,Low_Cost
673,2025-11-28,FR3078,lisbon,19:20:00,189,EU,Viernes,Tarde,0,0,0.93,Grupo Ryanair,Low_Cost
674,2025-11-28,FR6330,sofia,19:20:00,189,EU,Viernes,Tarde,0,0,0.93,Grupo Ryanair,Low_Cost
675,2025-11-28,FR2330,al aaroui,19:35:00,189,INT,Viernes,Tarde,0,0,0.96,Grupo Ryanair,Low_Cost
676,2025-11-28,FR7362,vienna,19:40:00,180,EU,Viernes,Tarde,0,0,1.0,Grupo Ryanair,Low_Cost
677,2025-11-28,FR6374,paris,19:45:00,189,EU,Viernes,Tarde,0,0,1.0,Grupo Ryanair,Low_Cost
678,2025-11-28,FR1527,valletta,20:05:00,189,EU,Viernes,Noche,0,0,0.97,Grupo Ryanair,Low_Cost
679,2025-11-28,FR2402,sevilla,20:10:00,197,NAC,Viernes,Noche,0,0,0.99,Grupo Ryanair,Low_Cost
680,2025-11-28,FR6275,edinburgh,20:10:00,189,INT,Viernes,Noche,0,0,1.0,Grupo Ryanair,Low_Cost
681,2025-11-28,FR6305,milan,20:10:00,189,EU,Viernes,Noche,0,0,0.98,Grupo Ryanair,Low_Cost
682,2025-11-28,FR3792,birmingham,20:25:00,189,INT,Viernes,Noche,0,0,0.89,Grupo Ryanair,Low_Cost
683,2025-11-28,FR7539,milan,20:35:00,189,EU,Viernes,Noche,0,0,1.0,Grupo Ryanair,Low_Cost
684,2025-11-28,FR8631,tanger,20:35:00,189,INT,Viernes,Noche,0,0,0.94,Grupo Ryanair,Low_Cost
685,2025-11-28,FR1786,vilnius,20:35:00,197,EU,Viernes,Noche,0,0,0.99,Grupo Ryanair,Low_Cost
686,2025-11-28,FR5710,napoli,20:50:00,197,EU,Viernes,Noche,0,0,0.99,Grupo Ryanair,Low_Cost
687,2025-11-28,FR8394,budapest,21:00:00,189,EU,Viernes,Noche,0,0,0.9,Grupo Ryanair,Low_Cost
688,2025-11-28,FR3174,ibiza,21:10:00,189,NAC,Viernes,Noche,0,0,0.85,Grupo Ryanair,Low_Cost
689,2025-11-28,FR6944,warsaw,21:30:00,189,EU,Viernes,Noche,0,0,0.93,Grupo Ryanair,Low_Cost
690,2025-11-28,FR7808,london,21:35:00,189,INT,Viernes,Noche,0,0,0.52,Grupo Ryanair,Low_Cost
691,2025-11-28,FR8669,dublin,21:40:00,189,INT,Viernes,Noche,0,0,0.98,Grupo Ryanair,Low_Cost
692,2025-11-28,FR9811,london,21:40:00,189,INT,Viernes,Noche,0,0,0.79,Grupo Ryanair,Low_Cost
693,2025-11-28,FR2495,palma de mallorca,21:45:00,189,NAC,Viernes,Noche,0,0,0.97,Grupo Ryanair,Low_Cost
694,2025-11-28,FR6597,manchester,21:45:00,189,INT,Viernes,Noche,0,0,0.95,Grupo Ryanair,Low_Cost
695,2025-11-28,FR2250,marrakech,21:55:00,189,INT,Viernes,Noche,0,0,0.87,Grupo Ryanair,Low_Cost
696,2025-11-28,FR3080,malaga,22:30:00,197,NAC,Viernes,Noche,0,0,0.94,Grupo Ryanair,Low_Cost
697,2025-11-28,FR9814,london,23:10:00,189,INT,Viernes,Noche,0,0,0.24,Grupo Ryanair,Low_Cost
698,2025-11-29,FR846,milan,06:00:00,189,EU,Sábado,Mañana,0,0,0.97,Grupo Ryanair,Low_Cost
699,2025-11-29,FR5718,bratislava,06:10:00,189,EU,Sábado,Mañana,0,0,0.94,Grupo Ryanair,Low_Cost
700,2025-11-29,FR4545,porto,06:15:00,197,EU,Sábado,Mañana,0,0,0.92,Grupo Ryanair,Low_Cost
701,2025-11-29,FR1342,palma de mallorca,06:20:00,189,NAC,Sábado,Mañana,0,0,0.68,Grupo Ryanair,Low_Cost
702,2025-11-29,FR777,venice,06:30:00,189,EU,Sábado,Mañana,0,0,0.95,Grupo Ryanair,Low_Cost
703,2025-11-29,FR2918,brussels,08:05:00,189,EU,Sábado,Mañana,0,0,0.96,Grupo Ryanair,Low_Cost
704,2025-11-29,FR3180,rome,08:15:00,189,EU,Sábado,Mañana,0,0,0.95,Grupo Ryanair,Low_Cost
705,2025-11-29,FR1165,sevilla,08:50:00,197,NAC,Sábado,Mañana,0,0,0.96,Grupo Ryanair,Low_Cost
706,2025-11-29,FR575,bologna,08:50:00,189,EU,Sábado,Mañana,0,0,0.97,Grupo Ryanair,Low_Cost
707,2025-11-29,FR3166,palermo,09:00:00,189,EU,Sábado,Mañana,0,0,0.97,Grupo Ryanair,Low_Cost
708,2025-11-29,FR2834,charleroi,09:15:00,189,EU,Sábado,Mañana,0,0,0.96,Grupo Ryanair,Low_Cost
709,2025-11-29,FR133,berlin,09:20:00,189,EU,Sábado,Mañana,0,0,0.99,Grupo Ryanair,Low_Cost
710,2025-11-29,FR2239,marrakech,09:20:00,189,INT,Sábado,Mañana,0,0,0.92,Grupo Ryanair,Low_Cost
711,2025-11-29,FR3028,ibiza,09:20:00,189,NAC,Sábado,Mañana,0,0,0.59,Grupo Ryanair,Low_Cost
712,2025-11-29,FR3049,krakow,09:30:00,189,EU,Sábado,Mañana,0,0,0.99,Grupo Ryanair,Low_Cost
713,2025-11-29,FR6559,liverpool,10:00:00,189,INT,Sábado,Mañana,0,0,0.92,Grupo Ryanair,Low_Cost
714,2025-11-29,FR9171,stockholm,10:20:00,197,EU,Sábado,Mañana,0,0,0.99,Grupo Ryanair,Low_Cost
715,2025-11-29,FR3168,newcastle,10:25:00,189,INT,Sábado,Mañana,0,0,0.93,Grupo Ryanair,Low_Cost
716,2025-11-29,FR9307,cork,10:30:00,197,INT,Sábado,Mañana,0,0,0.92,Grupo Ryanair,Low_Cost
717,2025-11-29,FR12,vienna,10:30:00,180,EU,Sábado,Mañana,0,0,0.99,Grupo Ryanair,Low_Cost
718,2025-11-29,FR6394,dublin,11:00:00,197,INT,Sábado,Mañana,0,0,0.95,Grupo Ryanair,Low_Cost
719,2025-11-29,FR4597,porto,11:20:00,197,EU,Sábado,Mañana,0,0,0.94,Grupo Ryanair,Low_Cost
720,2025-11-29,FR2507,cologne-bonn,11:55:00,189,EU,Sábado,Mañana,0,0,0.99,Grupo Ryanair,Low_Cost
721,2025-11-29,FR3108,luxembourg,12:05:00,189,EU,Sábado,Tarde,0,0,0.97,Grupo Ryanair,Low_Cost
722,2025-11-29,FR8231,london,12:25:00,189,INT,Sábado,Tarde,0,0,0.98,Grupo Ryanair,Low_Cost
723,2025-11-29,FR483,malaga,13:05:00,189,NAC,Sábado,Tarde,0,0,0.96,Grupo Ryanair,Low_Cost
724,2025-11-29,FR7808,london,13:20:00,197,INT,Sábado,Tarde,0,0,0.98,Grupo Ryanair,Low_Cost
725,2025-11-29,FR6597,manchester,13:25:00,189,INT,Sábado,Tarde,0,0,0.98,Grupo Ryanair,Low_Cost
726,2025-11-29,FR2098,bologna,13:30:00,189,EU,Sábado,Tarde,0,0,0.97,Grupo Ryanair,Low_Cost
727,2025-11-29,FR1681,frankfurt-hahn,14:00:00,189,EU,Sábado,Tarde,0,0,0.98,Grupo Ryanair,Low_Cost
728,2025-11-29,FR6920,dublin,14:05:00,189,INT,Sábado,Tarde,0,0,0.95,Grupo Ryanair,Low_Cost
729,2025-11-29,FR58,napoli,14:15:00,189,EU,Sábado,Tarde,0,0,0.99,Grupo Ryanair,Low_Cost
730,2025-11-29,FR3070,palma de mallorca,14:40:00,189,NAC,Sábado,Tarde,0,0,0.92,Grupo Ryanair,Low_Cost
731,2025-11-29,FR774,torino,14:45:00,189,EU,Sábado,Tarde,0,0,0.97,Grupo Ryanair,Low_Cost
732,2025-11-29,FR3121,paris,14:50:00,189,EU,Sábado,Tarde,0,0,0.99,Grupo Ryanair,Low_Cost
733,2025-11-29,FR6300,sofia,14:55:00,189,EU,Sábado,Tarde,0,0,0.97,Grupo Ryanair,Low_Cost
734,2025-11-29,FR3189,fes,15:30:00,189,INT,Sábado,Tarde,0,0,0.95,Grupo Ryanair,Low_Cost
735,2025-11-29,FR3807,charleroi,16:05:00,197,EU,Sábado,Tarde,0,0,0.96,Grupo Ryanair,Low_Cost
736,2025-11-29,FR8384,budapest,16:10:00,189,EU,Sábado,Tarde,0,0,0.98,Grupo Ryanair,Low_Cost
737,2025-11-29,FR7543,manchester,16:20:00,189,INT,Sábado,Tarde,0,0,0.98,Grupo Ryanair,Low_Cost
738,2025-11-29,FR3146,oujda,16:45:00,189,INT,Sábado,Tarde,0,0,0.99,Grupo Ryanair,Low_Cost
739,2025-11-29,FR269,milan,16:50:00,189,EU,Sábado,Tarde,0,0,0.98,Grupo Ryanair,Low_Cost
740,2025-11-29,FR9015,london,17:00:00,197,INT,Sábado,Tarde,0,0,0.98,Grupo Ryanair,Low_Cost
741,2025-11-29,FR5752,valletta,17:10:00,197,EU,Sábado,Tarde,0,0,0.95,Grupo Ryanair,Low_Cost
742,2025-11-29,FR6874,dublin,17:40:00,189,INT,Sábado,Tarde,0,0,0.95,Grupo Ryanair,Low_Cost
743,2025-11-29,FR2233,al aaroui,17:50:00,189,INT,Sábado,Tarde,0,0,0.96,Grupo Ryanair,Low_Cost
744,2025-11-29,FR2925,brussels,17:50:00,197,EU,Sábado,Tarde,0,0,0.96,Grupo Ryanair,Low_Cost
745,2025-11-29,FR6353,milan,17:55:00,189,EU,Sábado,Tarde,0,0,0.98,Grupo Ryanair,Low_Cost
746,2025-11-29,FR878,venice,18:15:00,197,EU,Sábado,Tarde,0,0,0.96,Grupo Ryanair,Low_Cost
747,2025-11-29,FR3035,krakow,18:20:00,197,EU,Sábado,Tarde,0,0,0.99,Grupo Ryanair,Low_Cost
748,2025-11-29,FR3792,birmingham,18:55:00,197,INT,Sábado,Tarde,0,0,0.96,Grupo Ryanair,Low_Cost
749,2025-11-29,FR9045,london,19:05:00,189,INT,Sábado,Tarde,0,0,0.98,Grupo Ryanair,Low_Cost
750,2025-11-29,FR5270,manchester,19:20:00,189,INT,Sábado,Tarde,0,0,0.98,Grupo Ryanair,Low_Cost
751,2025-11-29,FR149,berlin,19:35:00,189,EU,Sábado,Tarde,0,0,0.99,Grupo Ryanair,Low_Cost
752,2025-11-29,FR3078,lisbon,19:55:00,189,EU,Sábado,Tarde,0,0,0.98,Grupo Ryanair,Low_Cost
753,2025-11-29,FR7351,vienna,20:05:00,180,EU,Sábado,Noche,0,0,0.99,Grupo Ryanair,Low_Cost
754,2025-11-29,FR867,venice,20:20:00,189,EU,Sábado,Noche,0,0,0.96,Grupo Ryanair,Low_Cost
755,2025-11-29,FR9581,sevilla,20:25:00,189,NAC,Sábado,Noche,0,0,0.96,Grupo Ryanair,Low_Cost
756,2025-11-29,FR3182,malaga,20:45:00,189,NAC,Sábado,Noche,0,0,0.96,Grupo Ryanair,Low_Cost
757,2025-11-29,FR3928,trieste,20:45:00,189,EU,Sábado,Noche,0,0,0.97,Grupo Ryanair,Low_Cost
758,2025-11-29,FR4585,porto,20:50:00,189,EU,Sábado,Noche,0,0,0.94,Grupo Ryanair,Low_Cost
759,2025-11-29,FR6267,edinburgh,20:55:00,189,INT,Sábado,Noche,0,0,0.98,Grupo Ryanair,Low_Cost
760,2025-11-29,FR3174,ibiza,21:20:00,189,NAC,Sábado,Noche,0,0,0.76,Grupo Ryanair,Low_Cost
761,2025-11-29,FR5220,bologna,21:30:00,189,EU,Sábado,Noche,0,0,0.97,Grupo Ryanair,Low_Cost
762,2025-11-29,FR3039,prague,21:35:00,197,EU,Sábado,Noche,0,0,0.99,Grupo Ryanair,Low_Cost
763,2025-11-29,FR3800,birmingham,21:55:00,189,INT,Sábado,Noche,0,0,0.96,Grupo Ryanair,Low_Cost
764,2025-11-29,FR8574,rome,22:10:00,189,EU,Sábado,Noche,0,0,0.95,Grupo Ryanair,Low_Cost
765,2025-11-30,FR3180,rome,06:00:00,189,EU,Domingo,Mañana,0,0,0.94,Grupo Ryanair,Low_Cost
766,2025-11-30,FR2834,charleroi,06:10:00,197,EU,Domingo,Mañana,0,0,0.94,Grupo Ryanair,Low_Cost
767,2025-11-30,FR2918,brussels,06:25:00,189,EU,Domingo,Mañana,0,0,0.95,Grupo Ryanair,Low_Cost
768,2025-11-30,FR4084,warsaw,06:25:00,189,EU,Domingo,Mañana,0,0,0.98,Grupo Ryanair,Low_Cost
769,2025-11-30,FR2239,marrakech,06:30:00,189,INT,Domingo,Mañana,0,0,0.92,Grupo Ryanair,Low_Cost
770,2025-11-30,FR2507,cologne-bonn,06:40:00,189,EU,Domingo,Mañana,0,0,0.99,Grupo Ryanair,Low_Cost
771,2025-11-30,FR6597,manchester,07:30:00,189,INT,Domingo,Mañana,0,0,0.98,Grupo Ryanair,Low_Cost
772,2025-11-30,FR3108,luxembourg,07:35:00,189,EU,Domingo,Mañana,0,0,0.97,Grupo Ryanair,Low_Cost
773,2025-11-30,FR1165,sevilla,07:50:00,189,NAC,Domingo,Mañana,0,0,0.95,Grupo Ryanair,Low_Cost
774,2025-11-30,FR878,venice,08:30:00,189,EU,Domingo,Mañana,0,0,0.96,Grupo Ryanair,Low_Cost
775,2025-11-30,FR1786,vilnius,09:00:00,197,EU,Domingo,Mañana,0,0,0.99,Grupo Ryanair,Low_Cost
776,2025-11-30,FR3028,ibiza,09:05:00,197,NAC,Domingo,Mañana,0,0,0.57,Grupo Ryanair,Low_Cost
777,2025-11-30,FR3193,riga,09:10:00,189,EU,Domingo,Mañana,0,0,0.99,Grupo Ryanair,Low_Cost
778,2025-11-30,FR4545,porto,09:35:00,189,EU,Domingo,Mañana,0,0,0.93,Grupo Ryanair,Low_Cost
779,2025-11-30,FR333,gdansk,09:45:00,189,EU,Domingo,Mañana,0,0,0.98,Grupo Ryanair,Low_Cost
780,2025-11-30,FR8384,budapest,09:45:00,197,EU,Domingo,Mañana,0,0,0.98,Grupo Ryanair,Low_Cost
781,2025-11-30,FR2495,palma de mallorca,09:50:00,189,NAC,Domingo,Mañana,0,0,0.77,Grupo Ryanair,Low_Cost
782,2025-11-30,FR6341,rome,09:55:00,189,EU,Domingo,Mañana,0,0,0.95,Grupo Ryanair,Low_Cost
783,2025-11-30,FR3049,krakow,09:55:00,197,EU,Domingo,Mañana,0,0,0.99,Grupo Ryanair,Low_Cost
784,2025-11-30,FR8231,london,10:00:00,189,INT,Domingo,Mañana,0,0,0.98,Grupo Ryanair,Low_Cost
785,2025-11-30,FR6874,dublin,10:05:00,197,INT,Domingo,Mañana,0,0,0.95,Grupo Ryanair,Low_Cost
786,2025-11-30,FR7351,vienna,10:10:00,180,EU,Domingo,Mañana,0,0,0.99,Grupo Ryanair,Low_Cost
787,2025-11-30,FR575,bologna,10:20:00,189,EU,Domingo,Mañana,0,0,0.97,Grupo Ryanair,Low_Cost
788,2025-11-30,FR6267,edinburgh,10:30:00,189,INT,Domingo,Mañana,0,0,0.98,Grupo Ryanair,Low_Cost
789,2025-11-30,FR7543,manchester,10:40:00,197,INT,Domingo,Mañana,0,0,0.98,Grupo Ryanair,Low_Cost
790,2025-11-30,FR1279,copenhagen,10:45:00,189,EU,Domingo,Mañana,0,0,0.97,Grupo Ryanair,Low_Cost
791,2025-11-30,FR3143,milan,10:45:00,197,EU,Domingo,Mañana,0,0,0.98,Grupo Ryanair,Low_Cost
792,2025-11-30,FR3166,palermo,11:00:00,189,EU,Domingo,Mañana,0,0,0.97,Grupo Ryanair,Low_Cost
793,2025-11-30,FR2889,palma de mallorca,11:55:00,180,NAC,Domingo,Mañana,0,0,0.89,Grupo Ryanair,Low_Cost
794,2025-11-30,FR3129,ibiza,12:05:00,189,NAC,Domingo,Tarde,0,0,0.74,Grupo Ryanair,Low_Cost
795,2025-11-30,FR3976,dublin,12:25:00,197,INT,Domingo,Tarde,0,0,0.95,Grupo Ryanair,Low_Cost
796,2025-11-30,FR1527,valletta,12:30:00,189,EU,Domingo,Tarde,0,0,0.95,Grupo Ryanair,Low_Cost
797,2025-11-30,FR2402,sevilla,12:30:00,189,NAC,Domingo,Tarde,0,0,0.96,Grupo Ryanair,Low_Cost
798,2025-11-30,FR6300,sofia,12:45:00,189,EU,Domingo,Tarde,0,0,0.97,Grupo Ryanair,Low_Cost
799,2025-11-30,FR2511,cologne-bonn,12:55:00,189,EU,Domingo,Tarde,0,0,0.99,Grupo Ryanair,Low_Cost
800,2025-11-30,FR8598,reggio calabria,13:05:00,189,EU,Domingo,Tarde,0,0,0.94,Grupo Ryanair,Low_Cost
801,2025-11-30,FR3121,paris,13:20:00,189,EU,Domingo,Tarde,0,0,0.99,Grupo Ryanair,Low_Cost
802,2025-11-30,FR9811,london,13:40:00,189,INT,Domingo,Tarde,0,0,0.98,Grupo Ryanair,Low_Cost
803,2025-11-30,FR483,malaga,13:50:00,189,NAC,Domingo,Tarde,0,0,0.96,Grupo Ryanair,Low_Cost
804,2025-11-30,FR1342,palma de mallorca,14:05:00,189,NAC,Domingo,Tarde,0,0,0.91,Grupo Ryanair,Low_Cost
805,2025-11-30,FR6920,dublin,14:05:00,197,INT,Domingo,Tarde,0,0,0.95,Grupo Ryanair,Low_Cost
806,2025-11-30,FR4585,porto,14:10:00,189,EU,Domingo,Tarde,0,0,0.94,Grupo Ryanair,Low_Cost
807,2025-11-30,FR269,milan,14:55:00,189,EU,Domingo,Tarde,0,0,0.98,Grupo Ryanair,Low_Cost
808,2025-11-30,FR3320,milan,15:00:00,189,EU,Domingo,Tarde,0,0,0.98,Grupo Ryanair,Low_Cost
809,2025-11-30,FR774,torino,15:15:00,189,EU,Domingo,Tarde,0,0,0.97,Grupo Ryanair,Low_Cost
810,2025-11-30,FR3072,prague,15:15:00,189,EU,Domingo,Tarde,0,0,0.99,Grupo Ryanair,Low_Cost
811,2025-11-30,FR6973,rome,15:30:00,197,EU,Domingo,Tarde,0,0,0.95,Grupo Ryanair,Low_Cost
812,2025-11-30,FR133,berlin,16:15:00,189,EU,Domingo,Tarde,0,0,0.99,Grupo Ryanair,Low_Cost
813,2025-11-30,FR2922,brussels,16:15:00,189,EU,Domingo,Tarde,0,0,0.96,Grupo Ryanair,Low_Cost
814,2025-11-30,FR9814,london,16:40:00,189,INT,Domingo,Tarde,0,0,0.98,Grupo Ryanair,Low_Cost
815,2025-11-30,FR8669,dublin,16:55:00,189,INT,Domingo,Tarde,0,0,0.95,Grupo Ryanair,Low_Cost
816,2025-11-30,FR2250,marrakech,17:00:00,189,INT,Domingo,Tarde,0,0,0.94,Grupo Ryanair,Low_Cost
817,2025-11-30,FR8394,budapest,17:15:00,197,EU,Domingo,Tarde,0,0,0.98,Grupo Ryanair,Low_Cost
818,2025-11-30,FR5718,bratislava,17:20:00,189,EU,Domingo,Tarde,0,0,0.95,Grupo Ryanair,Low_Cost
819,2025-11-30,FR12,vienna,17:40:00,189,EU,Domingo,Tarde,0,0,0.99,Grupo Ryanair,Low_Cost
820,2025-11-30,FR5252,krakow,17:50:00,189,EU,Domingo,Tarde,0,0,0.99,Grupo Ryanair,Low_Cost
821,2025-11-30,FR1681,frankfurt-hahn,18:00:00,189,EU,Domingo,Tarde,0,0,0.98,Grupo Ryanair,Low_Cost
822,2025-11-30,FR777,venice,18:00:00,197,EU,Domingo,Tarde,0,0,0.96,Grupo Ryanair,Low_Cost
823,2025-11-30,FR6305,milan,18:05:00,189,EU,Domingo,Tarde,0,0,0.98,Grupo Ryanair,Low_Cost
824,2025-11-30,FR2406,sevilla,18:30:00,189,NAC,Domingo,Tarde,0,0,0.96,Grupo Ryanair,Low_Cost
825,2025-11-30,FR8631,tanger,18:45:00,189,INT,Domingo,Tarde,0,0,0.95,Grupo Ryanair,Low_Cost
826,2025-11-30,FR6394,dublin,19:10:00,197,INT,Domingo,Tarde,0,0,0.95,Grupo Ryanair,Low_Cost
827,2025-11-30,FR3160,bristol,19:25:00,189,INT,Domingo,Tarde,0,0,0.97,Grupo Ryanair,Low_Cost
828,2025-11-30,FR2233,al aaroui,19:40:00,189,INT,Domingo,Tarde,0,0,0.96,Grupo Ryanair,Low_Cost
829,2025-11-30,FR5710,napoli,19:45:00,189,EU,Domingo,Tarde,0,0,0.99,Grupo Ryanair,Low_Cost
830,2025-11-30,FR9015,london,19:45:00,189,INT,Domingo,Tarde,0,0,0.98,Grupo Ryanair,Low_Cost
831,2025-11-30,FR8136,ibiza,20:10:00,189,NAC,Domingo,Noche,0,0,0.76,Grupo Ryanair,Low_Cost
832,2025-11-30,FR6985,rome,20:30:00,197,EU,Domingo,Noche,0,0,0.95,Grupo Ryanair,Low_Cost
833,2025-11-30,FR4587,porto,20:40:00,189,EU,Domingo,Noche,0,0,0.94,Grupo Ryanair,Low_Cost
834,2025-11-30,FR6275,edinburgh,20:50:00,197,INT,Domingo,Noche,0,0,0.98,Grupo Ryanair,Low_Cost
835,2025-11-30,FR6944,warsaw,20:50:00,189,EU,Domingo,Noche,0,0,0.98,Grupo Ryanair,Low_Cost
836,2025-11-30,FR8615,budapest,21:00:00,189,EU,Domingo,Noche,0,0,0.98,Grupo Ryanair,Low_Cost
837,2025-11-30,FR2896,palma de mallorca,21:15:00,189,NAC,Domingo,Noche,0,0,0.92,Grupo Ryanair,Low_Cost
838,2025-11-30,FR3792,birmingham,21:20:00,189,INT,Domingo,Noche,0,0,0.96,Grupo Ryanair,Low_Cost
839,2025-11-30,FR5752,valletta,21:45:00,197,EU,Domingo,Noche,0,0,0.95,Grupo Ryanair,Low_Cost
840,2025-11-30,FR5220,bologna,22:50:00,197,EU,Domingo,Noche,0,0,0.97,Grupo Ryanair,Low_Cost
841,2025-11-30,FR9406,fes,23:15:00,189,INT,Domingo,Noche,0,0,0.95,Grupo Ryanair,Low_Cost
842,2025-12-01,FR3180,rome,06:00:00,189,EU,Lunes,Mañana,0,0,0.93,Grupo Ryanair,Low_Cost
843,2025-12-01,FR846,milan,06:10:00,189,EU,Lunes,Mañana,0,0,0.98,Grupo Ryanair,Low_Cost
844,2025-12-01,FR2233,al aaroui,06:20:00,189,INT,Lunes,Mañana,0,0,0.95,Grupo Ryanair,Low_Cost
845,2025-12-01,FR8384,budapest,06:25:00,197,EU,Lunes,Mañana,0,0,0.98,Grupo Ryanair,Low_Cost
846,2025-12-01,FR3078,lisbon,06:30:00,189,EU,Lunes,Mañana,0,0,0.98,Grupo Ryanair,Low_Cost
847,2025-12-01,FR3035,krakow,06:45:00,189,EU,Lunes,Mañana,0,0,0.99,Grupo Ryanair,Low_Cost
848,2025-12-01,FR8215,london,06:45:00,197,INT,Lunes,Mañana,0,0,0.98,Grupo Ryanair,Low_Cost
849,2025-12-01,FR3028,ibiza,07:35:00,189,NAC,Lunes,Mañana,0,0,0.56,Grupo Ryanair,Low_Cost
850,2025-12-01,FR1342,palma de mallorca,07:40:00,180,NAC,Lunes,Mañana,0,0,0.67,Grupo Ryanair,Low_Cost
851,2025-12-01,FR1165,sevilla,07:55:00,189,NAC,Lunes,Mañana,0,0,0.95,Grupo Ryanair,Low_Cost
852,2025-12-01,FR58,napoli,08:35:00,197,EU,Lunes,Mañana,0,0,0.99,Grupo Ryanair,Low_Cost
853,2025-12-01,FR575,bologna,08:40:00,189,EU,Lunes,Mañana,0,0,0.97,Grupo Ryanair,Low_Cost
854,2025-12-01,FR12,vienna,09:00:00,180,EU,Lunes,Mañana,0,0,0.99,Grupo Ryanair,Low_Cost
855,2025-12-01,FR6078,ouarzazate,09:05:00,189,INT,Lunes,Mañana,0,0,0.9,Grupo Ryanair,Low_Cost
856,2025-12-01,FR2834,charleroi,09:40:00,189,EU,Lunes,Mañana,0,0,0.96,Grupo Ryanair,Low_Cost
857,2025-12-01,FR2495,palma de mallorca,09:45:00,189,NAC,Lunes,Mañana,0,0,0.75,Grupo Ryanair,Low_Cost
858,2025-12-01,FR4545,porto,09:50:00,189,EU,Lunes,Mañana,0,0,0.92,Grupo Ryanair,Low_Cost
859,2025-12-01,FR9175,bristol,10:10:00,189,INT,Lunes,Mañana,0,0,0.97,Grupo Ryanair,Low_Cost
860,2025-12-01,FR6559,liverpool,10:15:00,189,INT,Lunes,Mañana,0,0,0.91,Grupo Ryanair,Low_Cost
861,2025-12-01,FR3143,milan,10:20:00,189,EU,Lunes,Mañana,0,0,0.98,Grupo Ryanair,Low_Cost
862,2025-12-01,FR7808,london,10:35:00,197,INT,Lunes,Mañana,0,0,0.98,Grupo Ryanair,Low_Cost
863,2025-12-01,FR2239,marrakech,10:45:00,189,INT,Lunes,Mañana,0,0,0.93,Grupo Ryanair,Low_Cost
864,2025-12-01,FR3121,paris,10:45:00,189,EU,Lunes,Mañana,0,0,0.99,Grupo Ryanair,Low_Cost
865,2025-12-01,FR3976,dublin,10:45:00,189,INT,Lunes,Mañana,0,0,0.94,Grupo Ryanair,Low_Cost
866,2025-12-01,FR3039,prague,10:55:00,189,EU,Lunes,Mañana,0,0,0.99,Grupo Ryanair,Low_Cost
867,2025-12-01,FR9045,london,11:00:00,189,INT,Lunes,Mañana,0,0,0.98,Grupo Ryanair,Low_Cost
868,2025-12-01,FR7539,milan,11:30:00,189,EU,Lunes,Mañana,0,0,0.98,Grupo Ryanair,Low_Cost
869,2025-12-01,FR1279,copenhagen,11:35:00,189,EU,Lunes,Mañana,0,0,0.97,Grupo Ryanair,Low_Cost
870,2025-12-01,FR777,venice,11:55:00,197,EU,Lunes,Mañana,0,0,0.96,Grupo Ryanair,Low_Cost
871,2025-12-01,FR8217,london,12:00:00,189,INT,Lunes,Tarde,0,0,0.98,Grupo Ryanair,Low_Cost
872,2025-12-01,FR6973,rome,12:35:00,197,EU,Lunes,Tarde,0,0,0.94,Grupo Ryanair,Low_Cost
873,2025-12-01,FR774,torino,12:40:00,189,EU,Lunes,Tarde,0,0,0.97,Grupo Ryanair,Low_Cost
874,2025-12-01,FR483,malaga,12:45:00,189,NAC,Lunes,Tarde,0,0,0.96,Grupo Ryanair,Low_Cost
875,2025-12-01,FR3108,luxembourg,13:00:00,197,EU,Lunes,Tarde,0,0,0.97,Grupo Ryanair,Low_Cost
876,2025-12-01,FR8631,tanger,13:20:00,189,INT,Lunes,Tarde,0,0,0.94,Grupo Ryanair,Low_Cost
877,2025-12-01,FR4585,porto,13:40:00,189,EU,Lunes,Tarde,0,0,0.92,Grupo Ryanair,Low_Cost
878,2025-12-01,FR3189,fes,13:50:00,189,INT,Lunes,Tarde,0,0,0.94,Grupo Ryanair,Low_Cost
879,2025-12-01,FR3792,birmingham,13:55:00,189,INT,Lunes,Tarde,0,0,0.96,Grupo Ryanair,Low_Cost
880,2025-12-01,FR2889,palma de mallorca,14:05:00,189,NAC,Lunes,Tarde,0,0,0.9,Grupo Ryanair,Low_Cost
881,2025-12-01,FR3146,oujda,15:10:00,189,INT,Lunes,Tarde,0,0,0.99,Grupo Ryanair,Low_Cost
882,2025-12-01,FR2330,al aaroui,15:15:00,189,INT,Lunes,Tarde,0,0,0.96,Grupo Ryanair,Low_Cost
883,2025-12-01,FR1681,frankfurt-hahn,15:35:00,189,EU,Lunes,Tarde,0,0,0.98,Grupo Ryanair,Low_Cost
884,2025-12-01,FR867,venice,16:05:00,189,EU,Lunes,Tarde,0,0,0.96,Grupo Ryanair,Low_Cost
885,2025-12-01,FR9811,london,16:05:00,189,INT,Lunes,Tarde,0,0,0.98,Grupo Ryanair,Low_Cost
886,2025-12-01,FR2507,cologne-bonn,16:45:00,197,EU,Lunes,Tarde,0,0,0.99,Grupo Ryanair,Low_Cost
887,2025-12-01,FR5718,bratislava,16:50:00,197,EU,Lunes,Tarde,0,0,0.95,Grupo Ryanair,Low_Cost
888,2025-12-01,FR6305,milan,16:50:00,189,EU,Lunes,Tarde,0,0,0.98,Grupo Ryanair,Low_Cost
889,2025-12-01,FR6874,dublin,16:55:00,189,INT,Lunes,Tarde,0,0,0.95,Grupo Ryanair,Low_Cost
890,2025-12-01,FR5270,manchester,17:05:00,189,INT,Lunes,Tarde,0,0,0.98,Grupo Ryanair,Low_Cost
891,2025-12-01,FR6300,sofia,17:05:00,189,EU,Lunes,Tarde,0,0,0.97,Grupo Ryanair,Low_Cost
892,2025-12-01,FR1786,vilnius,17:30:00,189,EU,Lunes,Tarde,0,0,0.99,Grupo Ryanair,Low_Cost
893,2025-12-01,FR2922,brussels,17:30:00,189,EU,Lunes,Tarde,0,0,0.96,Grupo Ryanair,Low_Cost
894,2025-12-01,FR269,milan,18:00:00,189,EU,Lunes,Tarde,0,0,0.98,Grupo Ryanair,Low_Cost
895,2025-12-01,FR3320,milan,18:30:00,189,EU,Lunes,Tarde,0,0,0.98,Grupo Ryanair,Low_Cost
896,2025-12-01,FR3174,ibiza,18:45:00,189,NAC,Lunes,Tarde,0,0,0.76,Grupo Ryanair,Low_Cost
897,2025-12-01,FR3185,rabat,19:05:00,189,INT,Lunes,Tarde,0,0,0.92,Grupo Ryanair,Low_Cost
898,2025-12-01,FR9307,cork,19:15:00,189,INT,Lunes,Tarde,0,0,0.92,Grupo Ryanair,Low_Cost
899,2025-12-01,FR8231,london,19:25:00,197,INT,Lunes,Tarde,0,0,0.98,Grupo Ryanair,Low_Cost
900,2025-12-01,FR2896,palma de mallorca,19:40:00,180,NAC,Lunes,Tarde,0,0,0.91,Grupo Ryanair,Low_Cost
901,2025-12-01,FR133,berlin,19:45:00,197,EU,Lunes,Tarde,0,0,0.99,Grupo Ryanair,Low_Cost
902,2025-12-01,FR7351,vienna,19:45:00,180,EU,Lunes,Tarde,0,0,0.99,Grupo Ryanair,Low_Cost
903,2025-12-01,FR3080,malaga,20:00:00,189,NAC,Lunes,Noche,0,0,0.96,Grupo Ryanair,Low_Cost
904,2025-12-01,FR3807,charleroi,20:05:00,189,EU,Lunes,Noche,0,0,0.96,Grupo Ryanair,Low_Cost
905,2025-12-01,FR6341,rome,20:10:00,189,EU,Lunes,Noche,0,0,0.95,Grupo Ryanair,Low_Cost
906,2025-12-01,FR6597,manchester,20:10:00,189,INT,Lunes,Noche,0,0,0.98,Grupo Ryanair,Low_Cost
907,2025-12-01,FR5710,napoli,20:40:00,189,EU,Lunes,Noche,0,0,0.99,Grupo Ryanair,Low_Cost
908,2025-12-01,FR8394,budapest,20:40:00,197,EU,Lunes,Noche,0,0,0.98,Grupo Ryanair,Low_Cost
909,2025-12-01,FR2098,bologna,20:50:00,189,EU,Lunes,Noche,0,0,0.97,Grupo Ryanair,Low_Cost
910,2025-12-01,FR3928,trieste,20:50:00,189,EU,Lunes,Noche,0,0,0.97,Grupo Ryanair,Low_Cost
911,2025-12-01,FR878,venice,20:55:00,189,EU,Lunes,Noche,0,0,0.96,Grupo Ryanair,Low_Cost
912,2025-12-01,FR6275,edinburgh,21:05:00,197,INT,Lunes,Noche,0,0,0.98,Grupo Ryanair,Low_Cost
913,2025-12-01,FR6920,dublin,21:10:00,189,INT,Lunes,Noche,0,0,0.95,Grupo Ryanair,Low_Cost
914,2025-12-01,FR2402,sevilla,21:30:00,189,NAC,Lunes,Noche,0,0,0.96,Grupo Ryanair,Low_Cost
915,2025-12-01,FR4084,warsaw,21:30:00,189,EU,Lunes,Noche,0,0,0.98,Grupo Ryanair,Low_Cost
916,2025-12-01,FR3168,newcastle,21:45:00,189,INT,Lunes,Noche,0,0,0.92,Grupo Ryanair,Low_Cost
917,2025-12-01,FR4587,porto,21:45:00,197,EU,Lunes,Noche,0,0,0.92,Grupo Ryanair,Low_Cost
918,2025-12-01,FR1527,valletta,21:50:00,189,EU,Lunes,Noche,0,0,0.95,Grupo Ryanair,Low_Cost
919,2025-12-01,FR2250,marrakech,21:50:00,189,INT,Lunes,Noche,0,0,0.92,Grupo Ryanair,Low_Cost
920,2025-12-01,FR8574,rome,22:20:00,189,EU,Lunes,Noche,0,0,0.95,Grupo Ryanair,Low_Cost
921,2025-12-01,FR3800,birmingham,23:00:00,197,INT,Lunes,Noche,0,0,0.96,Grupo Ryanair,Low_Cost
922,2025-12-02,FR2918,brussels,06:05:00,189,EU,Martes,Mañana,0,0,0.95,Grupo Ryanair,Low_Cost
923,2025-12-02,FR3189,fes,06:15:00,189,INT,Martes,Mañana,0,0,0.93,Grupo Ryanair,Low_Cost
924,2025-12-02,FR2507,cologne-bonn,06:20:00,189,EU,Martes,Mañana,0,0,0.99,Grupo Ryanair,Low_Cost
925,2025-12-02,FR4545,porto,06:35:00,197,EU,Martes,Mañana,0,0,0.91,Grupo Ryanair,Low_Cost
926,2025-12-02,FR3166,palermo,07:35:00,189,EU,Martes,Mañana,0,0,0.97,Grupo Ryanair,Low_Cost
927,2025-12-02,FR5718,bratislava,07:35:00,189,EU,Martes,Mañana,0,0,0.93,Grupo Ryanair,Low_Cost
928,2025-12-02,FR3193,riga,07:55:00,189,EU,Martes,Mañana,0,0,0.99,Grupo Ryanair,Low_Cost
929,2025-12-02,FR6973,rome,08:20:00,189,EU,Martes,Mañana,0,0,0.94,Grupo Ryanair,Low_Cost
930,2025-12-02,FR133,berlin,08:50:00,189,EU,Martes,Mañana,0,0,0.99,Grupo Ryanair,Low_Cost
931,2025-12-02,FR3035,krakow,09:10:00,189,EU,Martes,Mañana,0,0,0.99,Grupo Ryanair,Low_Cost
932,2025-12-02,FR3807,charleroi,09:10:00,197,EU,Martes,Mañana,0,0,0.96,Grupo Ryanair,Low_Cost
933,2025-12-02,FR12,vienna,10:15:00,180,EU,Martes,Mañana,0,0,0.99,Grupo Ryanair,Low_Cost
934,2025-12-02,FR1279,copenhagen,10:25:00,197,EU,Martes,Mañana,0,0,0.97,Grupo Ryanair,Low_Cost
935,2025-12-02,FR5270,manchester,10:30:00,197,INT,Martes,Mañana,0,0,0.98,Grupo Ryanair,Low_Cost
936,2025-12-02,FR58,napoli,11:40:00,189,EU,Martes,Mañana,0,0,0.99,Grupo Ryanair,Low_Cost
937,2025-12-02,FR3108,luxembourg,12:15:00,189,EU,Martes,Tarde,0,0,0.97,Grupo Ryanair,Low_Cost
938,2025-12-02,FR8384,budapest,12:35:00,197,EU,Martes,Tarde,0,0,0.98,Grupo Ryanair,Low_Cost
939,2025-12-02,FR6267,edinburgh,12:55:00,197,INT,Martes,Tarde,0,0,0.98,Grupo Ryanair,Low_Cost
940,2025-12-02,FR2239,marrakech,14:00:00,189,INT,Martes,Tarde,0,0,0.92,Grupo Ryanair,Low_Cost
941,2025-12-02,FR3076,stockholm,14:05:00,189,EU,Martes,Tarde,0,0,0.99,Grupo Ryanair,Low_Cost
942,2025-12-02,FR8217,london,15:25:00,189,INT,Martes,Tarde,0,0,0.98,Grupo Ryanair,Low_Cost
943,2025-12-02,FR846,milan,16:55:00,189,EU,Martes,Tarde,0,0,0.98,Grupo Ryanair,Low_Cost
944,2025-12-02,FR1165,sevilla,17:05:00,189,NAC,Martes,Tarde,0,0,0.96,Grupo Ryanair,Low_Cost
945,2025-12-02,FR575,bologna,17:25:00,197,EU,Martes,Tarde,0,0,0.97,Grupo Ryanair,Low_Cost
946,2025-12-02,FR6300,sofia,18:15:00,197,EU,Martes,Tarde,0,0,0.97,Grupo Ryanair,Low_Cost
947,2025-12-02,FR777,venice,18:40:00,189,EU,Martes,Tarde,0,0,0.96,Grupo Ryanair,Low_Cost
948,2025-12-02,FR9015,london,19:25:00,197,INT,Martes,Tarde,0,0,0.98,Grupo Ryanair,Low_Cost
949,2025-12-02,FR2495,palma de mallorca,19:30:00,197,NAC,Martes,Tarde,0,0,0.91,Grupo Ryanair,Low_Cost
950,2025-12-02,FR4084,warsaw,20:15:00,189,EU,Martes,Noche,0,0,0.98,Grupo Ryanair,Low_Cost
951,2025-12-02,FR6394,dublin,21:15:00,197,INT,Martes,Noche,0,0,0.95,Grupo Ryanair,Low_Cost
952,2025-12-02,FR4585,porto,22:00:00,197,EU,Martes,Noche,0,0,0.92,Grupo Ryanair,Low_Cost
953,2025-12-03,FR2918,brussels,06:05:00,189,EU,Miércoles,Mañana,0,0,0.86,Grupo Ryanair,Low_Cost
954,2025-12-03,FR3185,rabat,06:05:00,189,INT,Miércoles,Mañana,0,0,0.93,Grupo Ryanair,Low_Cost
955,2025-12-03,FR9406,fes,06:05:00,189,INT,Miércoles,Mañana,0,0,0.89,Grupo Ryanair,Low_Cost
956,2025-12-03,FR483,malaga,06:15:00,189,NAC,Miércoles,Mañana,0,0,0.76,Grupo Ryanair,Low_Cost
957,2025-12-03,FR2239,marrakech,06:35:00,189,INT,Miércoles,Mañana,0,0,0.98,Grupo Ryanair,Low_Cost
958,2025-12-03,FR3028,ibiza,06:45:00,189,NAC,Miércoles,Mañana,0,0,0.2,Grupo Ryanair,Low_Cost
959,2025-12-03,FR3108,luxembourg,06:50:00,197,EU,Miércoles,Mañana,0,0,0.96,Grupo Ryanair,Low_Cost
960,2025-12-03,FR2495,palma de mallorca,07:20:00,180,NAC,Miércoles,Mañana,0,0,0.44,Grupo Ryanair,Low_Cost
961,2025-12-03,FR846,milan,08:05:00,189,EU,Miércoles,Mañana,0,0,1.0,Grupo Ryanair,Low_Cost
962,2025-12-03,FR8384,budapest,09:30:00,189,EU,Miércoles,Mañana,0,0,1.0,Grupo Ryanair,Low_Cost
963,2025-12-03,FR2834,charleroi,09:45:00,189,EU,Miércoles,Mañana,0,0,1.0,Grupo Ryanair,Low_Cost
964,2025-12-03,FR4545,porto,09:45:00,197,EU,Miércoles,Mañana,0,0,0.94,Grupo Ryanair,Low_Cost
965,2025-12-03,FR3049,krakow,09:55:00,197,EU,Miércoles,Mañana,0,0,1.0,Grupo Ryanair,Low_Cost
966,2025-12-03,FR3078,lisbon,10:15:00,189,EU,Miércoles,Mañana,0,0,0.96,Grupo Ryanair,Low_Cost
967,2025-12-03,FR3039,prague,10:20:00,189,EU,Miércoles,Mañana,0,0,0.99,Grupo Ryanair,Low_Cost
968,2025-12-03,FR6267,edinburgh,10:45:00,197,INT,Miércoles,Mañana,0,0,1.0,Grupo Ryanair,Low_Cost
969,2025-12-03,FR2507,cologne-bonn,11:00:00,197,EU,Miércoles,Mañana,0,0,1.0,Grupo Ryanair,Low_Cost
970,2025-12-03,FR575,bologna,11:40:00,189,EU,Miércoles,Mañana,0,0,0.98,Grupo Ryanair,Low_Cost
971,2025-12-03,FR9925,frankfurt-hahn,12:35:00,189,EU,Miércoles,Tarde,0,0,1.0,Grupo Ryanair,Low_Cost
972,2025-12-03,FR6597,manchester,13:00:00,197,INT,Miércoles,Tarde,0,0,1.0,Grupo Ryanair,Low_Cost
973,2025-12-03,FR777,venice,15:10:00,189,EU,Miércoles,Tarde,0,0,0.98,Grupo Ryanair,Low_Cost
974,2025-12-03,FR12,vienna,15:15:00,197,EU,Miércoles,Tarde,0,0,0.99,Grupo Ryanair,Low_Cost
975,2025-12-03,FR3035,krakow,16:15:00,197,EU,Miércoles,Tarde,0,0,1.0,Grupo Ryanair,Low_Cost
976,2025-12-03,FR3928,trieste,16:50:00,189,EU,Miércoles,Tarde,0,0,0.97,Grupo Ryanair,Low_Cost
977,2025-12-03,FR5718,bratislava,16:50:00,189,EU,Miércoles,Tarde,0,0,1.0,Grupo Ryanair,Low_Cost
978,2025-12-03,FR4585,porto,17:30:00,189,EU,Miércoles,Tarde,0,0,0.92,Grupo Ryanair,Low_Cost
979,2025-12-03,FR3180,rome,18:00:00,189,EU,Miércoles,Tarde,0,0,0.96,Grupo Ryanair,Low_Cost
980,2025-12-03,FR3129,ibiza,18:35:00,189,NAC,Miércoles,Tarde,0,0,0.63,Grupo Ryanair,Low_Cost
981,2025-12-03,FR8394,budapest,18:50:00,189,EU,Miércoles,Tarde,0,0,1.0,Grupo Ryanair,Low_Cost
982,2025-12-03,FR8231,london,19:00:00,189,INT,Miércoles,Tarde,0,0,1.0,Grupo Ryanair,Low_Cost
983,2025-12-03,FR1165,sevilla,19:10:00,197,NAC,Miércoles,Tarde,0,0,0.97,Grupo Ryanair,Low_Cost
984,2025-12-03,FR9334,marrakech,19:10:00,189,INT,Miércoles,Tarde,0,0,0.96,Grupo Ryanair,Low_Cost
985,2025-12-03,FR1342,palma de mallorca,19:15:00,197,NAC,Miércoles,Tarde,0,0,0.92,Grupo Ryanair,Low_Cost
986,2025-12-03,FR133,berlin,19:35:00,197,EU,Miércoles,Tarde,0,0,1.0,Grupo Ryanair,Low_Cost
987,2025-12-03,FR3143,milan,19:55:00,189,EU,Miércoles,Tarde,0,0,0.99,Grupo Ryanair,Low_Cost
988,2025-12-03,FR58,napoli,20:10:00,189,EU,Miércoles,Noche,0,0,0.99,Grupo Ryanair,Low_Cost
989,2025-12-03,FR5246,vilnius,20:10:00,197,EU,Miércoles,Noche,0,0,1.0,Grupo Ryanair,Low_Cost
990,2025-12-03,FR6394,dublin,22:05:00,189,INT,Miércoles,Noche,0,0,1.0,Grupo Ryanair,Low_Cost
991,2025-12-04,FR8215,london,06:00:00,189,INT,Jueves,Mañana,0,0,1.0,Grupo Ryanair,Low_Cost
992,2025-12-04,FR3976,dublin,06:15:00,197,INT,Jueves,Mañana,0,0,0.96,Grupo Ryanair,Low_Cost
993,2025-12-04,FR3049,krakow,06:40:00,197,EU,Jueves,Mañana,0,0,1.0,Grupo Ryanair,Low_Cost
994,2025-12-04,FR3028,ibiza,06:45:00,189,NAC,Jueves,Mañana,0,0,0.08,Grupo Ryanair,Low_Cost
995,2025-12-04,FR2495,palma de mallorca,07:20:00,180,NAC,Jueves,Mañana,0,0,0.36,Grupo Ryanair,Low_Cost
996,2025-12-04,FR133,berlin,07:25:00,189,EU,Jueves,Mañana,0,0,0.99,Grupo Ryanair,Low_Cost
997,2025-12-04,FR2507,cologne-bonn,07:45:00,197,EU,Jueves,Mañana,0,0,0.99,Grupo Ryanair,Low_Cost
998,2025-12-04,FR575,bologna,08:05:00,189,EU,Jueves,Mañana,0,0,1.0,Grupo Ryanair,Low_Cost
999,2025-12-04,FR774,torino,08:05:00,189,EU,Jueves,Mañana,0,0,1.0,Grupo Ryanair,Low_Cost
1000,2025-12-04,FR6973,rome,08:40:00,189,EU,Jueves,Mañana,0,0,0.95,Grupo Ryanair,Low_Cost
1001,2025-12-04,FR5710,napoli,09:05:00,189,EU,Jueves,Mañana,0,0,0.99,Grupo Ryanair,Low_Cost
1002,2025-12-04,FR12,vienna,09:10:00,180,EU,Jueves,Mañana,0,0,0.97,Grupo Ryanair,Low_Cost
1003,2025-12-04,FR3320,milan,09:30:00,189,EU,Jueves,Mañana,0,0,0.99,Grupo Ryanair,Low_Cost
1004,2025-12-04,FR1279,copenhagen,10:00:00,197,EU,Jueves,Mañana,0,0,1.0,Grupo Ryanair,Low_Cost
1005,2025-12-04,FR1165,sevilla,10:20:00,189,NAC,Jueves,Mañana,0,0,0.87,Grupo Ryanair,Low_Cost
1006,2025-12-04,FR3121,paris,10:25:00,189,EU,Jueves,Mañana,0,0,1.0,Grupo Ryanair,Low_Cost
1007,2025-12-04,FR8384,budapest,10:25:00,189,EU,Jueves,Mañana,0,0,0.99,Grupo Ryanair,Low_Cost
1008,2025-12-04,FR3792,birmingham,11:00:00,189,INT,Jueves,Mañana,0,0,1.0,Grupo Ryanair,Low_Cost
1009,2025-12-04,FR4545,porto,11:00:00,197,EU,Jueves,Mañana,0,0,0.97,Grupo Ryanair,Low_Cost
1010,2025-12-04,FR483,malaga,11:10:00,197,NAC,Jueves,Mañana,0,0,1.0,Grupo Ryanair,Low_Cost
1011,2025-12-04,FR6597,manchester,11:20:00,189,INT,Jueves,Mañana,0,0,1.0,Grupo Ryanair,Low_Cost
1012,2025-12-04,FR2239,marrakech,12:30:00,189,INT,Jueves,Tarde,0,0,0.99,Grupo Ryanair,Low_Cost
1013,2025-12-04,FR3160,bristol,12:45:00,189,INT,Jueves,Tarde,0,0,0.99,Grupo Ryanair,Low_Cost
1014,2025-12-04,FR1681,frankfurt-hahn,13:00:00,189,EU,Jueves,Tarde,0,0,1.0,Grupo Ryanair,Low_Cost
1015,2025-12-04,FR3039,prague,13:30:00,197,EU,Jueves,Tarde,0,0,0.99,Grupo Ryanair,Low_Cost
1016,2025-12-04,FR269,milan,13:40:00,189,EU,Jueves,Tarde,0,0,0.96,Grupo Ryanair,Low_Cost
1017,2025-12-04,FR6267,edinburgh,13:45:00,197,INT,Jueves,Tarde,0,0,1.0,Grupo Ryanair,Low_Cost
1018,2025-12-04,FR846,milan,13:45:00,197,EU,Jueves,Tarde,0,0,0.99,Grupo Ryanair,Low_Cost
1019,2025-12-04,FR2233,al aaroui,14:00:00,189,INT,Jueves,Tarde,0,0,0.93,Grupo Ryanair,Low_Cost
1020,2025-12-04,FR9015,london,14:30:00,189,INT,Jueves,Tarde,0,0,0.99,Grupo Ryanair,Low_Cost
1021,2025-12-04,FR3189,fes,15:00:00,189,INT,Jueves,Tarde,0,0,0.98,Grupo Ryanair,Low_Cost
1022,2025-12-04,FR2922,brussels,16:05:00,189,EU,Jueves,Tarde,0,0,0.96,Grupo Ryanair,Low_Cost
1023,2025-12-04,FR9045,london,16:30:00,189,INT,Jueves,Tarde,0,0,0.97,Grupo Ryanair,Low_Cost
1024,2025-12-04,FR9913,tallinn,16:30:00,197,EU,Jueves,Tarde,0,0,1.0,Grupo Ryanair,Low_Cost
1025,2025-12-04,FR4585,porto,16:35:00,197,EU,Jueves,Tarde,0,0,0.95,Grupo Ryanair,Low_Cost
1026,2025-12-04,FR8394,budapest,17:30:00,189,EU,Jueves,Tarde,0,0,1.0,Grupo Ryanair,Low_Cost
1027,2025-12-04,FR6300,sofia,17:45:00,189,EU,Jueves,Tarde,0,0,0.99,Grupo Ryanair,Low_Cost
1028,2025-12-04,FR5718,bratislava,18:00:00,189,EU,Jueves,Tarde,0,0,0.97,Grupo Ryanair,Low_Cost
1029,2025-12-04,FR3078,lisbon,18:30:00,189,EU,Jueves,Tarde,0,0,1.0,Grupo Ryanair,Low_Cost
1030,2025-12-04,FR6394,dublin,18:30:00,197,INT,Jueves,Tarde,0,0,0.99,Grupo Ryanair,Low_Cost
1031,2025-12-04,FR3193,riga,19:05:00,189,EU,Jueves,Tarde,0,0,1.0,Grupo Ryanair,Low_Cost
1032,2025-12-04,FR1342,palma de mallorca,19:25:00,189,NAC,Jueves,Tarde,0,0,1.0,Grupo Ryanair,Low_Cost
1033,2025-12-04,FR8217,london,19:25:00,189,INT,Jueves,Tarde,0,0,0.99,Grupo Ryanair,Low_Cost
1034,2025-12-04,FR8598,reggio calabria,19:45:00,189,EU,Jueves,Tarde,0,0,0.88,Grupo Ryanair,Low_Cost
1035,2025-12-04,FR8631,tanger,19:55:00,189,INT,Jueves,Tarde,0,0,0.95,Grupo Ryanair,Low_Cost
1036,2025-12-04,FR3143,milan,20:25:00,189,EU,Jueves,Noche,0,0,1.0,Grupo Ryanair,Low_Cost
1037,2025-12-04,FR4587,porto,20:45:00,197,EU,Jueves,Noche,0,0,0.98,Grupo Ryanair,Low_Cost
1038,2025-12-04,FR333,gdansk,21:00:00,189,EU,Jueves,Noche,0,0,1.0,Grupo Ryanair,Low_Cost
1039,2025-12-04,FR1527,valletta,21:20:00,197,EU,Jueves,Noche,0,0,0.96,Grupo Ryanair,Low_Cost
1040,2025-12-04,FR3035,krakow,21:30:00,197,EU,Jueves,Noche,0,0,0.98,Grupo Ryanair,Low_Cost
1041,2025-12-04,FR4084,warsaw,21:30:00,189,EU,Jueves,Noche,0,0,1.0,Grupo Ryanair,Low_Cost
1042,2025-12-05,FR8183,bologna,06:10:00,189,EU,Viernes,Mañana,0,1,0.96,Grupo Ryanair,Low_Cost
1043,2025-12-05,FR8231,london,06:10:00,189,INT,Viernes,Mañana,0,1,1.0,Grupo Ryanair,Low_Cost
1044,2025-12-05,FR777,venice,06:20:00,189,EU,Viernes,Mañana,0,1,0.97,Grupo Ryanair,Low_Cost
1045,2025-12-05,FR846,milan,06:25:00,189,EU,Viernes,Mañana,0,1,1.0,Grupo Ryanair,Low_Cost
1046,2025-12-05,FR133,berlin,06:35:00,189,EU,Viernes,Mañana,0,1,0.98,Grupo Ryanair,Low_Cost
1047,2025-12-05,FR4545,porto,06:45:00,197,EU,Viernes,Mañana,0,1,0.97,Grupo Ryanair,Low_Cost
1048,2025-12-05,FR2889,palma de mallorca,07:40:00,180,NAC,Viernes,Mañana,0,1,0.94,Grupo Ryanair,Low_Cost
1049,2025-12-05,FR3976,dublin,08:00:00,189,INT,Viernes,Mañana,0,1,0.95,Grupo Ryanair,Low_Cost
1050,2025-12-05,FR3185,rabat,08:10:00,189,INT,Viernes,Mañana,0,1,0.96,Grupo Ryanair,Low_Cost
1051,2025-12-05,FR6973,rome,08:15:00,189,EU,Viernes,Mañana,0,1,0.99,Grupo Ryanair,Low_Cost
1052,2025-12-05,FR5752,valletta,08:40:00,197,EU,Viernes,Mañana,0,1,0.95,Grupo Ryanair,Low_Cost
1053,2025-12-05,FR1165,sevilla,09:00:00,189,NAC,Viernes,Mañana,0,1,0.98,Grupo Ryanair,Low_Cost
1054,2025-12-05,FR2834,charleroi,09:15:00,197,EU,Viernes,Mañana,0,1,0.99,Grupo Ryanair,Low_Cost
1055,2025-12-05,FR12,vienna,09:25:00,180,EU,Viernes,Mañana,0,1,0.98,Grupo Ryanair,Low_Cost
1056,2025-12-05,FR3028,ibiza,09:40:00,189,NAC,Viernes,Mañana,0,1,0.69,Grupo Ryanair,Low_Cost
1057,2025-12-05,FR3320,milan,09:45:00,189,EU,Viernes,Mañana,0,1,1.0,Grupo Ryanair,Low_Cost
1058,2025-12-05,FR9015,london,10:00:00,197,INT,Viernes,Mañana,0,1,1.0,Grupo Ryanair,Low_Cost
1059,2025-12-05,FR6920,dublin,10:05:00,197,INT,Viernes,Mañana,0,1,0.94,Grupo Ryanair,Low_Cost
1060,2025-12-05,FR2239,marrakech,10:20:00,189,INT,Viernes,Mañana,0,1,1.0,Grupo Ryanair,Low_Cost
1061,2025-12-05,FR6267,edinburgh,10:30:00,189,INT,Viernes,Mañana,0,1,1.0,Grupo Ryanair,Low_Cost
1062,2025-12-05,FR5270,manchester,10:55:00,197,INT,Viernes,Mañana,0,1,0.99,Grupo Ryanair,Low_Cost
1063,2025-12-05,FR8384,budapest,11:00:00,189,EU,Viernes,Mañana,0,1,0.98,Grupo Ryanair,Low_Cost
1064,2025-12-05,FR3166,palermo,11:10:00,189,EU,Viernes,Mañana,0,1,0.98,Grupo Ryanair,Low_Cost
1065,2025-12-05,FR269,milan,11:20:00,189,EU,Viernes,Mañana,0,1,0.99,Grupo Ryanair,Low_Cost
1066,2025-12-05,FR3121,paris,11:35:00,197,EU,Viernes,Mañana,0,1,1.0,Grupo Ryanair,Low_Cost
1067,2025-12-05,FR2896,palma de mallorca,11:35:00,180,NAC,Viernes,Mañana,0,1,0.97,Grupo Ryanair,Low_Cost
1068,2025-12-05,FR3049,krakow,11:45:00,189,EU,Viernes,Mañana,0,1,0.99,Grupo Ryanair,Low_Cost
1069,2025-12-05,FR774,torino,11:55:00,189,EU,Viernes,Mañana,0,1,0.94,Grupo Ryanair,Low_Cost
1070,2025-12-05,FR4585,porto,12:15:00,197,EU,Viernes,Tarde,0,1,0.98,Grupo Ryanair,Low_Cost
1071,2025-12-05,FR575,bologna,12:45:00,189,EU,Viernes,Tarde,0,1,1.0,Grupo Ryanair,Low_Cost
1072,2025-12-05,FR58,napoli,12:45:00,189,EU,Viernes,Tarde,0,1,1.0,Grupo Ryanair,Low_Cost
1073,2025-12-05,FR6874,dublin,12:55:00,197,INT,Viernes,Tarde,0,1,0.99,Grupo Ryanair,Low_Cost
1074,2025-12-05,FR2922,brussels,13:35:00,189,EU,Viernes,Tarde,0,1,0.94,Grupo Ryanair,Low_Cost
1075,2025-12-05,FR6078,ouarzazate,13:50:00,189,INT,Viernes,Tarde,0,1,0.97,Grupo Ryanair,Low_Cost
1076,2025-12-05,FR3180,rome,13:55:00,189,EU,Viernes,Tarde,0,1,1.0,Grupo Ryanair,Low_Cost
1077,2025-12-05,FR7351,vienna,14:20:00,180,EU,Viernes,Tarde,0,1,1.0,Grupo Ryanair,Low_Cost
1078,2025-12-05,FR8215,london,14:35:00,189,INT,Viernes,Tarde,0,1,0.99,Grupo Ryanair,Low_Cost
1079,2025-12-05,FR2233,al aaroui,14:40:00,189,INT,Viernes,Tarde,0,1,1.0,Grupo Ryanair,Low_Cost
1080,2025-12-05,FR2507,cologne-bonn,14:55:00,189,EU,Viernes,Tarde,0,1,0.99,Grupo Ryanair,Low_Cost
1081,2025-12-05,FR867,venice,14:55:00,189,EU,Viernes,Tarde,0,1,0.97,Grupo Ryanair,Low_Cost
1082,2025-12-05,FR1342,palma de mallorca,15:00:00,189,NAC,Viernes,Tarde,0,1,0.99,Grupo Ryanair,Low_Cost
1083,2025-12-05,FR5718,bratislava,15:10:00,189,EU,Viernes,Tarde,0,1,0.95,Grupo Ryanair,Low_Cost
1084,2025-12-05,FR483,malaga,15:25:00,197,NAC,Viernes,Tarde,0,1,0.99,Grupo Ryanair,Low_Cost
1085,2025-12-05,FR9045,london,16:05:00,189,INT,Viernes,Tarde,0,1,0.92,Grupo Ryanair,Low_Cost
1086,2025-12-05,FR2925,brussels,16:15:00,189,EU,Viernes,Tarde,0,1,0.92,Grupo Ryanair,Low_Cost
1087,2025-12-05,FR6985,rome,16:15:00,189,EU,Viernes,Tarde,0,1,1.0,Grupo Ryanair,Low_Cost
1088,2025-12-05,FR3129,ibiza,16:45:00,189,NAC,Viernes,Tarde,0,1,1.0,Grupo Ryanair,Low_Cost
1089,2025-12-05,FR878,venice,16:55:00,180,EU,Viernes,Tarde,0,1,1.0,Grupo Ryanair,Low_Cost
1090,2025-12-05,FR4587,porto,17:05:00,197,EU,Viernes,Tarde,0,1,0.99,Grupo Ryanair,Low_Cost
1091,2025-12-05,FR3076,stockholm,17:30:00,197,EU,Viernes,Tarde,0,1,1.0,Grupo Ryanair,Low_Cost
1092,2025-12-05,FR6341,rome,18:00:00,189,EU,Viernes,Tarde,0,1,1.0,Grupo Ryanair,Low_Cost
1093,2025-12-05,FR6353,milan,18:00:00,197,EU,Viernes,Tarde,0,1,1.0,Grupo Ryanair,Low_Cost
1094,2025-12-05,FR2098,bologna,18:35:00,189,EU,Viernes,Tarde,0,1,0.94,Grupo Ryanair,Low_Cost
1095,2025-12-05,FR3189,fes,18:50:00,189,INT,Viernes,Tarde,0,1,0.98,Grupo Ryanair,Low_Cost
1096,2025-12-05,FR149,berlin,19:15:00,197,EU,Viernes,Tarde,0,1,0.95,Grupo Ryanair,Low_Cost
1097,2025-12-05,FR3078,lisbon,19:20:00,189,EU,Viernes,Tarde,0,1,1.0,Grupo Ryanair,Low_Cost
1098,2025-12-05,FR6330,sofia,19:20:00,189,EU,Viernes,Tarde,0,1,1.0,Grupo Ryanair,Low_Cost
1099,2025-12-05,FR9111,torino,19:25:00,197,EU,Viernes,Tarde,0,1,0.98,Grupo Ryanair,Low_Cost
1100,2025-12-05,FR2330,al aaroui,19:35:00,189,INT,Viernes,Tarde,0,1,0.96,Grupo Ryanair,Low_Cost
1101,2025-12-05,FR7362,vienna,19:40:00,180,EU,Viernes,Tarde,0,1,0.97,Grupo Ryanair,Low_Cost
1102,2025-12-05,FR6374,paris,19:45:00,189,EU,Viernes,Tarde,0,1,1.0,Grupo Ryanair,Low_Cost
1103,2025-12-05,FR1527,valletta,20:05:00,189,EU,Viernes,Noche,0,1,0.97,Grupo Ryanair,Low_Cost
1104,2025-12-05,FR2402,sevilla,20:10:00,189,NAC,Viernes,Noche,0,1,0.96,Grupo Ryanair,Low_Cost
1105,2025-12-05,FR6275,edinburgh,20:10:00,197,INT,Viernes,Noche,0,1,1.0,Grupo Ryanair,Low_Cost
1106,2025-12-05,FR6305,milan,20:10:00,197,EU,Viernes,Noche,0,1,0.97,Grupo Ryanair,Low_Cost
1107,2025-12-05,FR7539,milan,20:35:00,189,EU,Viernes,Noche,0,1,0.98,Grupo Ryanair,Low_Cost
1108,2025-12-05,FR8631,tanger,20:35:00,189,INT,Viernes,Noche,0,1,0.98,Grupo Ryanair,Low_Cost
1109,2025-12-05,FR1786,vilnius,20:35:00,197,EU,Viernes,Noche,0,1,1.0,Grupo Ryanair,Low_Cost
1110,2025-12-05,FR5710,napoli,20:50:00,197,EU,Viernes,Noche,0,1,0.99,Grupo Ryanair,Low_Cost
1111,2025-12-05,FR8394,budapest,21:00:00,189,EU,Viernes,Noche,0,1,0.96,Grupo Ryanair,Low_Cost
1112,2025-12-05,FR3174,ibiza,21:10:00,189,NAC,Viernes,Noche,0,1,0.98,Grupo Ryanair,Low_Cost
1113,2025-12-05,FR6944,warsaw,21:30:00,189,EU,Viernes,Noche,0,1,0.99,Grupo Ryanair,Low_Cost
1114,2025-12-05,FR7808,london,21:35:00,197,INT,Viernes,Noche,0,1,0.99,Grupo Ryanair,Low_Cost
1115,2025-12-05,FR8669,dublin,21:40:00,189,INT,Viernes,Noche,0,1,0.96,Grupo Ryanair,Low_Cost
1116,2025-12-05,FR9811,london,21:40:00,189,INT,Viernes,Noche,0,1,0.94,Grupo Ryanair,Low_Cost
1117,2025-12-05,FR2495,palma de mallorca,21:45:00,189,NAC,Viernes,Noche,0,1,0.97,Grupo Ryanair,Low_Cost
1118,2025-12-05,FR6597,manchester,21:45:00,189,INT,Viernes,Noche,0,1,1.0,Grupo Ryanair,Low_Cost
1119,2025-12-05,FR2250,marrakech,21:55:00,189,INT,Viernes,Noche,0,1,0.98,Grupo Ryanair,Low_Cost
1120,2025-12-05,FR3792,birmingham,21:55:00,189,INT,Viernes,Noche,0,1,0.99,Grupo Ryanair,Low_Cost
1121,2025-12-05,FR3080,malaga,22:30:00,197,NAC,Viernes,Noche,0,1,0.96,Grupo Ryanair,Low_Cost
1122,2025-12-05,FR9814,london,23:10:00,189,INT,Viernes,Noche,0,1,0.99,Grupo Ryanair,Low_Cost
1123,2025-12-06,FR846,milan,06:00:00,189,EU,Sábado,Mañana,1,0,1.0,Grupo Ryanair,Low_Cost
1124,2025-12-06,FR5718,bratislava,06:10:00,189,EU,Sábado,Mañana,1,0,0.97,Grupo Ryanair,Low_Cost
1125,2025-12-06,FR4545,porto,06:15:00,197,EU,Sábado,Mañana,1,0,0.98,Grupo Ryanair,Low_Cost
1126,2025-12-06,FR1342,palma de mallorca,06:20:00,189,NAC,Sábado,Mañana,1,0,0.94,Grupo Ryanair,Low_Cost
1127,2025-12-06,FR777,venice,06:30:00,189,EU,Sábado,Mañana,1,0,0.93,Grupo Ryanair,Low_Cost
1128,2025-12-06,FR8217,london,06:55:00,189,INT,Sábado,Mañana,1,0,1.0,Grupo Ryanair,Low_Cost
1129,2025-12-06,FR2918,brussels,08:05:00,189,EU,Sábado,Mañana,1,0,0.96,Grupo Ryanair,Low_Cost
1130,2025-12-06,FR3180,rome,08:15:00,189,EU,Sábado,Mañana,1,0,0.96,Grupo Ryanair,Low_Cost
1131,2025-12-06,FR1165,sevilla,08:50:00,189,NAC,Sábado,Mañana,1,0,0.99,Grupo Ryanair,Low_Cost
1132,2025-12-06,FR575,bologna,08:50:00,189,EU,Sábado,Mañana,1,0,0.96,Grupo Ryanair,Low_Cost
1133,2025-12-06,FR3166,palermo,09:00:00,189,EU,Sábado,Mañana,1,0,0.95,Grupo Ryanair,Low_Cost
1134,2025-12-06,FR2834,charleroi,09:15:00,189,EU,Sábado,Mañana,1,0,0.99,Grupo Ryanair,Low_Cost
1135,2025-12-06,FR133,berlin,09:20:00,189,EU,Sábado,Mañana,1,0,0.99,Grupo Ryanair,Low_Cost
1136,2025-12-06,FR2239,marrakech,09:20:00,189,INT,Sábado,Mañana,1,0,0.95,Grupo Ryanair,Low_Cost
1137,2025-12-06,FR3028,ibiza,09:20:00,189,NAC,Sábado,Mañana,1,0,0.98,Grupo Ryanair,Low_Cost
1138,2025-12-06,FR2889,palma de mallorca,09:25:00,189,NAC,Sábado,Mañana,1,0,0.96,Grupo Ryanair,Low_Cost
1139,2025-12-06,FR3049,krakow,09:30:00,189,EU,Sábado,Mañana,1,0,0.99,Grupo Ryanair,Low_Cost
1140,2025-12-06,FR3143,milan,10:00:00,189,EU,Sábado,Mañana,1,0,0.97,Grupo Ryanair,Low_Cost
1141,2025-12-06,FR6559,liverpool,10:00:00,189,INT,Sábado,Mañana,1,0,0.89,Grupo Ryanair,Low_Cost
1142,2025-12-06,FR9171,stockholm,10:20:00,197,EU,Sábado,Mañana,1,0,0.99,Grupo Ryanair,Low_Cost
1143,2025-12-06,FR3168,newcastle,10:25:00,189,INT,Sábado,Mañana,1,0,0.94,Grupo Ryanair,Low_Cost
1144,2025-12-06,FR9307,cork,10:30:00,197,INT,Sábado,Mañana,1,0,0.91,Grupo Ryanair,Low_Cost
1145,2025-12-06,FR12,vienna,10:30:00,180,EU,Sábado,Mañana,1,0,0.99,Grupo Ryanair,Low_Cost
1146,2025-12-06,FR6394,dublin,11:00:00,197,INT,Sábado,Mañana,1,0,0.92,Grupo Ryanair,Low_Cost
1147,2025-12-06,FR4597,porto,11:20:00,197,EU,Sábado,Mañana,1,0,1.0,Grupo Ryanair,Low_Cost
1148,2025-12-06,FR2507,cologne-bonn,11:55:00,180,EU,Sábado,Mañana,1,0,1.0,Grupo Ryanair,Low_Cost
1149,2025-12-06,FR2896,palma de mallorca,12:00:00,189,NAC,Sábado,Tarde,1,0,0.96,Grupo Ryanair,Low_Cost
1150,2025-12-06,FR3108,luxembourg,12:05:00,189,EU,Sábado,Tarde,1,0,0.97,Grupo Ryanair,Low_Cost
1151,2025-12-06,FR8231,london,12:25:00,189,INT,Sábado,Tarde,1,0,1.0,Grupo Ryanair,Low_Cost
1152,2025-12-06,FR3320,milan,12:30:00,197,EU,Sábado,Tarde,1,0,0.99,Grupo Ryanair,Low_Cost
1153,2025-12-06,FR6341,rome,12:30:00,189,EU,Sábado,Tarde,1,0,0.95,Grupo Ryanair,Low_Cost
1154,2025-12-06,FR483,malaga,13:05:00,189,NAC,Sábado,Tarde,1,0,0.95,Grupo Ryanair,Low_Cost
1155,2025-12-06,FR7808,london,13:20:00,197,INT,Sábado,Tarde,1,0,0.99,Grupo Ryanair,Low_Cost
1156,2025-12-06,FR6597,manchester,13:25:00,189,INT,Sábado,Tarde,1,0,0.95,Grupo Ryanair,Low_Cost
1157,2025-12-06,FR2098,bologna,13:30:00,189,EU,Sábado,Tarde,1,0,0.95,Grupo Ryanair,Low_Cost
1158,2025-12-06,FR1681,frankfurt-hahn,14:00:00,189,EU,Sábado,Tarde,1,0,0.99,Grupo Ryanair,Low_Cost
1159,2025-12-06,FR8631,tanger,14:00:00,189,INT,Sábado,Tarde,1,0,0.96,Grupo Ryanair,Low_Cost
1160,2025-12-06,FR58,napoli,14:15:00,189,EU,Sábado,Tarde,1,0,1.0,Grupo Ryanair,Low_Cost
1161,2025-12-06,FR3070,palma de mallorca,14:40:00,189,NAC,Sábado,Tarde,1,0,0.96,Grupo Ryanair,Low_Cost
1162,2025-12-06,FR774,torino,14:45:00,189,EU,Sábado,Tarde,1,0,0.99,Grupo Ryanair,Low_Cost
1163,2025-12-06,FR3121,paris,14:50:00,189,EU,Sábado,Tarde,1,0,0.99,Grupo Ryanair,Low_Cost
1164,2025-12-06,FR6300,sofia,14:55:00,189,EU,Sábado,Tarde,1,0,0.98,Grupo Ryanair,Low_Cost
1165,2025-12-06,FR3189,fes,15:30:00,189,INT,Sábado,Tarde,1,0,1.0,Grupo Ryanair,Low_Cost
1166,2025-12-06,FR3807,charleroi,16:05:00,197,EU,Sábado,Tarde,1,0,1.0,Grupo Ryanair,Low_Cost
1167,2025-12-06,FR8384,budapest,16:10:00,189,EU,Sábado,Tarde,1,0,0.96,Grupo Ryanair,Low_Cost
1168,2025-12-06,FR7543,manchester,16:20:00,189,INT,Sábado,Tarde,1,0,0.77,Grupo Ryanair,Low_Cost
1169,2025-12-06,FR3146,oujda,16:45:00,189,INT,Sábado,Tarde,1,0,1.0,Grupo Ryanair,Low_Cost
1170,2025-12-06,FR269,milan,16:50:00,189,EU,Sábado,Tarde,1,0,0.98,Grupo Ryanair,Low_Cost
1171,2025-12-06,FR2406,sevilla,17:00:00,197,NAC,Sábado,Tarde,1,0,0.96,Grupo Ryanair,Low_Cost
1172,2025-12-06,FR9015,london,17:00:00,197,INT,Sábado,Tarde,1,0,1.0,Grupo Ryanair,Low_Cost
1173,2025-12-06,FR5752,valletta,17:10:00,197,EU,Sábado,Tarde,1,0,0.72,Grupo Ryanair,Low_Cost
1174,2025-12-06,FR6874,dublin,17:40:00,189,INT,Sábado,Tarde,1,0,0.94,Grupo Ryanair,Low_Cost
1175,2025-12-06,FR2233,al aaroui,17:50:00,189,INT,Sábado,Tarde,1,0,0.95,Grupo Ryanair,Low_Cost
1176,2025-12-06,FR2925,brussels,17:50:00,197,EU,Sábado,Tarde,1,0,0.97,Grupo Ryanair,Low_Cost
1177,2025-12-06,FR6353,milan,17:55:00,197,EU,Sábado,Tarde,1,0,0.93,Grupo Ryanair,Low_Cost
1178,2025-12-06,FR878,venice,18:15:00,189,EU,Sábado,Tarde,1,0,0.99,Grupo Ryanair,Low_Cost
1179,2025-12-06,FR3035,krakow,18:20:00,197,EU,Sábado,Tarde,1,0,0.99,Grupo Ryanair,Low_Cost
1180,2025-12-06,FR3792,birmingham,18:55:00,197,INT,Sábado,Tarde,1,0,0.95,Grupo Ryanair,Low_Cost
1181,2025-12-06,FR9045,london,19:05:00,189,INT,Sábado,Tarde,1,0,0.94,Grupo Ryanair,Low_Cost
1182,2025-12-06,FR5270,manchester,19:20:00,189,INT,Sábado,Tarde,1,0,0.68,Grupo Ryanair,Low_Cost
1183,2025-12-06,FR149,berlin,19:35:00,197,EU,Sábado,Tarde,1,0,0.97,Grupo Ryanair,Low_Cost
1184,2025-12-06,FR3078,lisbon,19:55:00,189,EU,Sábado,Tarde,1,0,0.99,Grupo Ryanair,Low_Cost
1185,2025-12-06,FR7351,vienna,20:05:00,180,EU,Sábado,Noche,1,0,1.0,Grupo Ryanair,Low_Cost
1186,2025-12-06,FR867,venice,20:20:00,189,EU,Sábado,Noche,1,0,0.85,Grupo Ryanair,Low_Cost
1187,2025-12-06,FR9581,sevilla,20:25:00,189,NAC,Sábado,Noche,1,0,0.95,Grupo Ryanair,Low_Cost
1188,2025-12-06,FR3182,malaga,20:45:00,189,NAC,Sábado,Noche,1,0,0.95,Grupo Ryanair,Low_Cost
1189,2025-12-06,FR3928,trieste,20:45:00,189,EU,Sábado,Noche,1,0,0.99,Grupo Ryanair,Low_Cost
1190,2025-12-06,FR4585,porto,20:50:00,197,EU,Sábado,Noche,1,0,0.92,Grupo Ryanair,Low_Cost
1191,2025-12-06,FR6267,edinburgh,20:55:00,189,INT,Sábado,Noche,1,0,0.92,Grupo Ryanair,Low_Cost
1192,2025-12-06,FR5220,bologna,21:30:00,189,EU,Sábado,Noche,1,0,0.98,Grupo Ryanair,Low_Cost
1193,2025-12-06,FR3039,prague,21:35:00,189,EU,Sábado,Noche,1,0,1.0,Grupo Ryanair,Low_Cost
1194,2025-12-06,FR3800,birmingham,21:55:00,189,INT,Sábado,Noche,1,0,1.0,Grupo Ryanair,Low_Cost
1195,2025-12-06,FR8574,rome,22:10:00,189,EU,Sábado,Noche,1,0,0.92,Grupo Ryanair,Low_Cost
1196,2025-12-07,FR3180,rome,06:00:00,189,EU,Domingo,Mañana,0,1,0.91,Grupo Ryanair,Low_Cost
1197,2025-12-07,FR846,milan,06:00:00,189,EU,Domingo,Mañana,0,1,0.89,Grupo Ryanair,Low_Cost
1198,2025-12-07,FR2834,charleroi,06:10:00,197,EU,Domingo,Mañana,0,1,0.91,Grupo Ryanair,Low_Cost
1199,2025-12-07,FR2918,brussels,06:25:00,189,EU,Domingo,Mañana,0,1,0.98,Grupo Ryanair,Low_Cost
1200,2025-12-07,FR4084,warsaw,06:25:00,189,EU,Domingo,Mañana,0,1,0.92,Grupo Ryanair,Low_Cost
1201,2025-12-07,FR2239,marrakech,06:30:00,189,INT,Domingo,Mañana,0,1,1.0,Grupo Ryanair,Low_Cost
1202,2025-12-07,FR2507,cologne-bonn,06:40:00,189,EU,Domingo,Mañana,0,1,1.0,Grupo Ryanair,Low_Cost
1203,2025-12-07,FR6597,manchester,07:30:00,189,INT,Domingo,Mañana,0,1,0.54,Grupo Ryanair,Low_Cost
1204,2025-12-07,FR3108,luxembourg,07:35:00,189,EU,Domingo,Mañana,0,1,1.0,Grupo Ryanair,Low_Cost
1205,2025-12-07,FR1165,sevilla,07:50:00,189,NAC,Domingo,Mañana,0,1,0.76,Grupo Ryanair,Low_Cost
1206,2025-12-07,FR878,venice,08:30:00,189,EU,Domingo,Mañana,0,1,0.89,Grupo Ryanair,Low_Cost
1207,2025-12-07,FR1786,vilnius,09:00:00,197,EU,Domingo,Mañana,0,1,1.0,Grupo Ryanair,Low_Cost
1208,2025-12-07,FR3028,ibiza,09:05:00,197,NAC,Domingo,Mañana,0,1,0.19,Grupo Ryanair,Low_Cost
1209,2025-12-07,FR3193,riga,09:10:00,189,EU,Domingo,Mañana,0,1,0.99,Grupo Ryanair,Low_Cost
1210,2025-12-07,FR4545,porto,09:35:00,189,EU,Domingo,Mañana,0,1,0.95,Grupo Ryanair,Low_Cost
1211,2025-12-07,FR333,gdansk,09:45:00,189,EU,Domingo,Mañana,0,1,0.97,Grupo Ryanair,Low_Cost
1212,2025-12-07,FR8384,budapest,09:45:00,197,EU,Domingo,Mañana,0,1,1.0,Grupo Ryanair,Low_Cost
1213,2025-12-07,FR2495,palma de mallorca,09:50:00,189,NAC,Domingo,Mañana,0,1,0.48,Grupo Ryanair,Low_Cost
1214,2025-12-07,FR9593,tanger,09:50:00,189,INT,Domingo,Mañana,0,1,0.99,Grupo Ryanair,Low_Cost
1215,2025-12-07,FR6341,rome,09:55:00,189,EU,Domingo,Mañana,0,1,0.91,Grupo Ryanair,Low_Cost
1216,2025-12-07,FR3049,krakow,09:55:00,197,EU,Domingo,Mañana,0,1,1.0,Grupo Ryanair,Low_Cost
1217,2025-12-07,FR8231,london,10:00:00,189,INT,Domingo,Mañana,0,1,0.95,Grupo Ryanair,Low_Cost
1218,2025-12-07,FR6874,dublin,10:05:00,197,INT,Domingo,Mañana,0,1,0.93,Grupo Ryanair,Low_Cost
1219,2025-12-07,FR7351,vienna,10:10:00,180,EU,Domingo,Mañana,0,1,0.98,Grupo Ryanair,Low_Cost
1220,2025-12-07,FR575,bologna,10:20:00,189,EU,Domingo,Mañana,0,1,0.95,Grupo Ryanair,Low_Cost
1221,2025-12-07,FR6267,edinburgh,10:30:00,189,INT,Domingo,Mañana,0,1,0.98,Grupo Ryanair,Low_Cost
1222,2025-12-07,FR7543,manchester,10:40:00,197,INT,Domingo,Mañana,0,1,1.0,Grupo Ryanair,Low_Cost
1223,2025-12-07,FR1279,copenhagen,10:45:00,189,EU,Domingo,Mañana,0,1,0.97,Grupo Ryanair,Low_Cost
1224,2025-12-07,FR3143,milan,10:45:00,197,EU,Domingo,Mañana,0,1,1.0,Grupo Ryanair,Low_Cost
1225,2025-12-07,FR3166,palermo,11:00:00,189,EU,Domingo,Mañana,0,1,0.99,Grupo Ryanair,Low_Cost
1226,2025-12-07,FR2889,palma de mallorca,11:55:00,180,NAC,Domingo,Mañana,0,1,0.94,Grupo Ryanair,Low_Cost
1227,2025-12-07,FR8217,london,12:00:00,197,INT,Domingo,Tarde,0,1,0.95,Grupo Ryanair,Low_Cost
1228,2025-12-07,FR3129,ibiza,12:05:00,189,NAC,Domingo,Tarde,0,1,0.55,Grupo Ryanair,Low_Cost
1229,2025-12-07,FR3976,dublin,12:25:00,197,INT,Domingo,Tarde,0,1,0.97,Grupo Ryanair,Low_Cost
1230,2025-12-07,FR1527,valletta,12:30:00,189,EU,Domingo,Tarde,0,1,0.95,Grupo Ryanair,Low_Cost
1231,2025-12-07,FR2402,sevilla,12:30:00,189,NAC,Domingo,Tarde,0,1,0.99,Grupo Ryanair,Low_Cost
1232,2025-12-07,FR6300,sofia,12:45:00,189,EU,Domingo,Tarde,0,1,0.96,Grupo Ryanair,Low_Cost
1233,2025-12-07,FR2511,cologne-bonn,12:55:00,189,EU,Domingo,Tarde,0,1,1.0,Grupo Ryanair,Low_Cost
1234,2025-12-07,FR8598,reggio calabria,13:05:00,189,EU,Domingo,Tarde,0,1,0.96,Grupo Ryanair,Low_Cost
1235,2025-12-07,FR3121,paris,13:20:00,189,EU,Domingo,Tarde,0,1,0.99,Grupo Ryanair,Low_Cost
1236,2025-12-07,FR9811,london,13:40:00,189,INT,Domingo,Tarde,0,1,0.99,Grupo Ryanair,Low_Cost
1237,2025-12-07,FR483,malaga,13:50:00,189,NAC,Domingo,Tarde,0,1,0.98,Grupo Ryanair,Low_Cost
1238,2025-12-07,FR1342,palma de mallorca,14:05:00,189,NAC,Domingo,Tarde,0,1,1.0,Grupo Ryanair,Low_Cost
1239,2025-12-07,FR6920,dublin,14:05:00,197,INT,Domingo,Tarde,0,1,0.96,Grupo Ryanair,Low_Cost
1240,2025-12-07,FR4585,porto,14:10:00,197,EU,Domingo,Tarde,0,1,0.92,Grupo Ryanair,Low_Cost
1241,2025-12-07,FR6973,rome,14:25:00,189,EU,Domingo,Tarde,0,1,0.77,Grupo Ryanair,Low_Cost
1242,2025-12-07,FR3320,milan,15:00:00,189,EU,Domingo,Tarde,0,1,0.98,Grupo Ryanair,Low_Cost
1243,2025-12-07,FR774,torino,15:15:00,189,EU,Domingo,Tarde,0,1,1.0,Grupo Ryanair,Low_Cost
1244,2025-12-07,FR3072,prague,15:15:00,189,EU,Domingo,Tarde,0,1,1.0,Grupo Ryanair,Low_Cost
1245,2025-12-07,FR269,milan,15:30:00,197,EU,Domingo,Tarde,0,1,0.72,Grupo Ryanair,Low_Cost
1246,2025-12-07,FR133,berlin,16:15:00,189,EU,Domingo,Tarde,0,1,1.0,Grupo Ryanair,Low_Cost
1247,2025-12-07,FR2922,brussels,16:15:00,189,EU,Domingo,Tarde,0,1,0.95,Grupo Ryanair,Low_Cost
1248,2025-12-07,FR9814,london,16:40:00,189,INT,Domingo,Tarde,0,1,0.97,Grupo Ryanair,Low_Cost
1249,2025-12-07,FR8669,dublin,16:55:00,189,INT,Domingo,Tarde,0,1,0.89,Grupo Ryanair,Low_Cost
1250,2025-12-07,FR2250,marrakech,17:00:00,189,INT,Domingo,Tarde,0,1,1.0,Grupo Ryanair,Low_Cost
1251,2025-12-07,FR8394,budapest,17:15:00,197,EU,Domingo,Tarde,0,1,0.95,Grupo Ryanair,Low_Cost
1252,2025-12-07,FR5718,bratislava,17:20:00,189,EU,Domingo,Tarde,0,1,0.94,Grupo Ryanair,Low_Cost
1253,2025-12-07,FR12,vienna,17:40:00,189,EU,Domingo,Tarde,0,1,1.0,Grupo Ryanair,Low_Cost
1254,2025-12-07,FR5252,krakow,17:50:00,189,EU,Domingo,Tarde,0,1,0.99,Grupo Ryanair,Low_Cost
1255,2025-12-07,FR1681,frankfurt-hahn,18:00:00,189,EU,Domingo,Tarde,0,1,0.96,Grupo Ryanair,Low_Cost
1256,2025-12-07,FR777,venice,18:00:00,197,EU,Domingo,Tarde,0,1,0.81,Grupo Ryanair,Low_Cost
1257,2025-12-07,FR6305,milan,18:05:00,189,EU,Domingo,Tarde,0,1,0.95,Grupo Ryanair,Low_Cost
1258,2025-12-07,FR2406,sevilla,18:30:00,189,NAC,Domingo,Tarde,0,1,0.95,Grupo Ryanair,Low_Cost
1259,2025-12-07,FR8631,tanger,18:45:00,189,INT,Domingo,Tarde,0,1,0.99,Grupo Ryanair,Low_Cost
1260,2025-12-07,FR6394,dublin,19:10:00,197,INT,Domingo,Tarde,0,1,0.92,Grupo Ryanair,Low_Cost
1261,2025-12-07,FR3160,bristol,19:25:00,189,INT,Domingo,Tarde,0,1,0.92,Grupo Ryanair,Low_Cost
1262,2025-12-07,FR2233,al aaroui,19:40:00,189,INT,Domingo,Tarde,0,1,0.98,Grupo Ryanair,Low_Cost
1263,2025-12-07,FR5710,napoli,19:45:00,189,EU,Domingo,Tarde,0,1,1.0,Grupo Ryanair,Low_Cost
1264,2025-12-07,FR9015,london,19:45:00,189,INT,Domingo,Tarde,0,1,1.0,Grupo Ryanair,Low_Cost
1265,2025-12-07,FR8136,ibiza,20:10:00,189,NAC,Domingo,Noche,0,1,0.92,Grupo Ryanair,Low_Cost
1266,2025-12-07,FR6985,rome,20:30:00,197,EU,Domingo,Noche,0,1,0.93,Grupo Ryanair,Low_Cost
1267,2025-12-07,FR4587,porto,20:40:00,189,EU,Domingo,Noche,0,1,0.96,Grupo Ryanair,Low_Cost
1268,2025-12-07,FR6275,edinburgh,20:50:00,189,INT,Domingo,Noche,0,1,1.0,Grupo Ryanair,Low_Cost
1269,2025-12-07,FR6944,warsaw,20:50:00,189,EU,Domingo,Noche,0,1,1.0,Grupo Ryanair,Low_Cost
1270,2025-12-07,FR8615,budapest,21:00:00,189,EU,Domingo,Noche,0,1,1.0,Grupo Ryanair,Low_Cost
1271,2025-12-07,FR2896,palma de mallorca,21:15:00,189,NAC,Domingo,Noche,0,1,0.94,Grupo Ryanair,Low_Cost
1272,2025-12-07,FR3792,birmingham,21:20:00,189,INT,Domingo,Noche,0,1,1.0,Grupo Ryanair,Low_Cost
1273,2025-12-07,FR5752,valletta,21:45:00,197,EU,Domingo,Noche,0,1,0.94,Grupo Ryanair,Low_Cost
1274,2025-12-07,FR5220,bologna,22:50:00,189,EU,Domingo,Noche,0,1,1.0,Grupo Ryanair,Low_Cost
1275,2025-12-07,FR9406,fes,23:15:00,189,INT,Domingo,Noche,0,1,0.96,Grupo Ryanair,Low_Cost
