,fecha_scrapeo,Name_company,Num_flight,Name_Destiny,Time_flight,flight_state,flight_capacity,Aircraft,Gate,Type_f,week_day,day_time,festivo,Visper_fest,Airline_Type,OCC
2,2025-11-17,Grupo easy,EC7105,geneva,06:15:00,En hora,156,Airbus A319,R,EU,Lunes,Mañana,0,0,Low_Cost,0.95
6,2025-11-17,Grupo easy,EC8062,london,06:45:00,Retrasado,156,Airbus A319,R,EU,Lunes,Mañana,0,0,Low_Cost,0.97
9,2025-11-17,Grupo easy,EC7141,strasbourg,07:20:00,En hora,156,Airbus A319,R,EU,Lunes,Mañana,0,0,Low_Cost,0.95
10,2025-11-17,Grupo easy,EC7151,milan,07:20:00,En hora,156,Airbus A319,R,EU,Lunes,Mañana,0,0,Low_Cost,0.97
14,2025-11-17,Norwegian Air Sweden AOC,D85510,copenhagen,08:00:00,En hora,189,Boeing 737-800,U,EU,Lunes,Mañana,0,0,Low_Cost,0.97
17,2025-11-17,Grupo easy,EC1376,geneva,08:45:00,En hora,156,Airbus A319,R,EU,Lunes,Mañana,0,0,Low_Cost,0.95
20,2025-11-17,Grupo wizz,W62048,krakow,09:05:00,En hora,239,Airbus A321neo,S,EU,Lunes,Mañana,0,0,Low_Cost,0.97
21,2025-11-17,Volotea,V72327,strasbourg,09:10:00,Retrasado,180,Airbus A320,U,EU,Lunes,Mañana,0,0,Low_Cost,0.95
22,2025-11-17,Air Arabia Maroc,3O398,rabat,09:20:00,En hora,174,Airbus A320,Y,INT,Lunes,Mañana,0,0,Low_Cost,0.85
23,2025-11-17,Eurowings,EW2521,stuttgart,09:20:00,En hora,180,Airbus A320,S,EU,Lunes,Mañana,0,0,Low_Cost,0.95
24,2025-11-17,Grupo wizz,W43176,bucharest,09:25:00,En hora,230,Airbus A321,U,EU,Lunes,Mañana,0,0,Low_Cost,0.95
25,2025-11-17,Grupo wizz,W45088,tirana,09:25:00,En hora,239,Airbus A321neo,W,INT,Lunes,Mañana,0,0,Low_Cost,0.95
26,2025-11-17,Grupo wizz,W62376,budapest,09:25:00,En hora,239,Airbus A321neo,U,EU,Lunes,Mañana,0,0,Low_Cost,0.97
27,2025-11-17,Volotea,V73573,asturias,09:30:00,Retrasado,156,Airbus A319,S,NAC,Lunes,Mañana,0,0,Low_Cost,0.95
28,2025-11-17,Grupo easy,EC1030,"basel, switzerland/mulhouse",09:35:00,En hora,180,Airbus A320,R,EU,Lunes,Mañana,0,0,Low_Cost,0.95
30,2025-11-17,Transavia,HV6062,rotterdam,09:40:00,En hora,189,Boeing 737-800,S,EU,Lunes,Mañana,0,0,Low_Cost,0.95
31,2025-11-17,Eurowings,EW9441,dusseldorf,09:45:00,En hora,180,Airbus A320,S,EU,Lunes,Mañana,0,0,Low_Cost,0.95
34,2025-11-17,Air Serbia,JU581,belgrade,09:55:00,En hora,144,Airbus A319,W,INT,Lunes,Mañana,0,0,Legacy,0.86
35,2025-11-17,Grupo easy,EC7656,lisbon,10:00:00,En hora,230,Airbus A321,R,EU,Lunes,Mañana,0,0,Low_Cost,0.97
36,2025-11-17,Transavia,HV5132,amsterdam,10:05:00,En hora,189,Boeing 737-800,U,EU,Lunes,Mañana,0,0,Low_Cost,0.95
37,2025-11-17,Transavia,TO4751,paris,10:05:00,Retrasado,189,Boeing 737-800,U,EU,Lunes,Mañana,0,0,Low_Cost,0.97
38,2025-11-17,Grupo wizz,W46018,rome,10:05:00,Retrasado,239,Airbus A321neo,U,EU,Lunes,Mañana,0,0,Low_Cost,0.96
40,2025-11-17,Grupo wizz,W61476,warsaw,10:15:00,Retrasado,230,Airbus A321,S,EU,Lunes,Mañana,0,0,Low_Cost,0.97
42,2025-11-17,Grupo easy,U22324,london,10:25:00,Retrasado,186,Airbus A320neo,M,INT,Lunes,Mañana,0,0,Low_Cost,0.97
44,2025-11-17,Grupo easy,EC7131,nice/cote d'azur,10:40:00,En hora,156,Airbus A319,R,EU,Lunes,Mañana,0,0,Low_Cost,0.95
45,2025-11-17,Grupo easy,U28056,london,10:40:00,Retrasado,180,Airbus A320,M,INT,Lunes,Mañana,0,0,Low_Cost,0.97
51,2025-11-17,Grupo easy,U22002,manchester,11:20:00,Retrasado,180,Airbus A320,M,INT,Lunes,Mañana,0,0,Low_Cost,0.97
52,2025-11-17,FLYONE Armenia,3F232,yerevan,11:30:00,En hora,180,Airbus A320,Y,INT,Lunes,Mañana,0,0,Low_Cost,0.95
53,2025-11-17,Aer Lingus,EI563,dublin,11:30:00,En hora,174,Airbus A320,Y,INT,Lunes,Mañana,0,0,Low_Cost,0.96
55,2025-11-17,Transavia,TO4755,paris,11:30:00,En hora,189,Boeing 737-800,U,EU,Lunes,Mañana,0,0,Low_Cost,0.97
57,2025-11-17,Grupo easy,EC7197,birmingham,11:40:00,En hora,156,Airbus A319,R,EU,Lunes,Mañana,0,0,Low_Cost,0.97
60,2025-11-17,Jet2,LS232,leeds bradford,12:00:00,En hora,189,Boeing 737-800,W,INT,Lunes,Tarde,0,0,Low_Cost,0.95
64,2025-11-17,Pegasus Airlines,PC1092,istanbul,12:45:00,En hora,180,Airbus A320,W,INT,Lunes,Tarde,0,0,Low_Cost,0.95
65,2025-11-17,Norwegian Air Sweden AOC,D83657,copenhagen,12:50:00,En hora,189,Boeing 737 MAX 8,S,EU,Lunes,Tarde,0,0,Low_Cost,0.97
66,2025-11-17,Grupo easy,EC7137,lyon,12:55:00,En hora,156,Airbus A319,R,EU,Lunes,Tarde,0,0,Low_Cost,0.95
67,2025-11-17,Grupo wizz,W67022,bratislava,12:55:00,Retrasado,239,Airbus A321neo,S,EU,Lunes,Tarde,0,0,Low_Cost,0.95
69,2025-11-17,Grupo wizz,W46330,milan,13:10:00,En hora,239,Airbus A321neo,U,EU,Lunes,Tarde,0,0,Low_Cost,0.97
71,2025-11-17,HiSky,H4264,bucharest,13:20:00,En hora,186,Airbus A320,S,EU,Lunes,Tarde,0,0,Low_Cost,0.95
72,2025-11-17,Norwegian Air Sweden AOC,D81741,oslo,13:25:00,En hora,189,Boeing 737-800,U,EU,Lunes,Tarde,0,0,Low_Cost,0.95
73,2025-11-17,Eurowings,EW521,cologne-bonn,13:25:00,En hora,180,Airbus A320,U,EU,Lunes,Tarde,0,0,Low_Cost,0.97
74,2025-11-17,Pegasus Airlines,PC1528,izmir,13:30:00,En hora,180,Airbus A320,Y,INT,Lunes,Tarde,0,0,Low_Cost,0.95
75,2025-11-17,Luxair,LG3592,luxembourg,13:35:00,Retrasado,76,de Havilland Dash 8-400,U,EU,Lunes,Tarde,0,0,Legacy,0.86
76,2025-11-17,Grupo easy,EC7153,milan,13:40:00,Retrasado,156,Airbus A319,R,EU,Lunes,Tarde,0,0,Low_Cost,0.97
78,2025-11-17,Turkish Airlines,TK608,ankara,13:40:00,Retrasado,165,Boeing 737-800,Y,INT,Lunes,Tarde,0,0,Legacy,0.86
80,2025-11-17,Jet2,LS804,manchester,13:50:00,En hora,189,Boeing 737-800,W,INT,Lunes,Tarde,0,0,Low_Cost,0.97
82,2025-11-17,Air Baltic,BT684,riga,14:05:00,Retrasado,148,Airbus A220-300,U,EU,Lunes,Tarde,0,0,Low_Cost,0.97
84,2025-11-17,Norwegian Air Sweden AOC,D85502,stockholm,14:40:00,En hora,189,Boeing 737-800,U,EU,Lunes,Tarde,0,0,Low_Cost,0.97
85,2025-11-17,Bluebird Airways,BZ251,tel aviv,14:45:00,En hora,189,Boeing 737-800,W,INT,Lunes,Tarde,0,0,Low_Cost,0.95
86,2025-11-17,Grupo easy,EC7107,geneva,14:45:00,Retrasado,156,Airbus A319,R,EU,Lunes,Tarde,0,0,Low_Cost,0.95
87,2025-11-17,Volotea,V71443,ancona,14:45:00,En hora,180,Airbus A320,S,EU,Lunes,Tarde,0,0,Low_Cost,0.95
88,2025-11-17,Grupo wizz,W64406,sofia,14:50:00,Retrasado,239,Airbus A321neo,S,EU,Lunes,Tarde,0,0,Low_Cost,0.97
89,2025-11-17,Grupo easy,EC4212,napoli,14:55:00,En hora,180,Airbus A320,R,EU,Lunes,Tarde,0,0,Low_Cost,0.97
90,2025-11-17,SmartWings,QS1059,prague,14:55:00,Retrasado,189,Boeing 737-800,S,EU,Lunes,Tarde,0,0,Low_Cost,0.97
91,2025-11-17,Air Arabia Maroc,3O376,al aaroui,15:00:00,En hora,174,Airbus A320,Y,INT,Lunes,Tarde,0,0,Low_Cost,0.93
94,2025-11-17,Grupo wizz,W46728,venice,15:40:00,En hora,230,Airbus A321,S,EU,Lunes,Tarde,0,0,Low_Cost,0.97
95,2025-11-17,Pegasus Airlines,PC1094,istanbul,15:45:00,Retrasado,239,Airbus A321neo,W,INT,Lunes,Tarde,0,0,Low_Cost,0.95
98,2025-11-17,Grupo wizz,W43564,timisoara,16:25:00,Retrasado,180,Airbus A320,S,EU,Lunes,Tarde,0,0,Low_Cost,0.95
99,2025-11-17,Volotea,V73735,murcia,16:35:00,En hora,180,Airbus A320,R,NAC,Lunes,Tarde,0,0,Low_Cost,0.95
104,2025-11-17,Grupo easy,U23372,liverpool,17:00:00,En hora,156,Airbus A319,M,INT,Lunes,Tarde,0,0,Low_Cost,0.92
107,2025-11-17,Grupo easy,EC7173,berlin,17:10:00,En hora,156,Airbus A319,R,EU,Lunes,Tarde,0,0,Low_Cost,0.97
108,2025-11-17,Volotea,V73700,vitoria,17:15:00,En hora,156,Airbus A319,S,NAC,Lunes,Tarde,0,0,Low_Cost,0.95
109,2025-11-17,Grupo wizz,W67920,kopitnari,17:15:00,Retrasado,239,Airbus A321neo,W,INT,Lunes,Tarde,0,0,Low_Cost,0.95
112,2025-11-17,Grupo easy,EC3737,milan,17:35:00,En hora,180,Airbus A320,R,EU,Lunes,Tarde,0,0,Low_Cost,0.97
113,2025-11-17,Grupo easy,EC7199,edinburgh,17:35:00,En hora,156,Airbus A319,R,EU,Lunes,Tarde,0,0,Low_Cost,0.97
114,2025-11-17,Transavia,HV5134,amsterdam,17:50:00,Retrasado,232,Airbus A321neo,R,EU,Lunes,Tarde,0,0,Low_Cost,0.95
117,2025-11-17,Grupo easy,EC7205,southampton,18:05:00,En hora,156,Airbus A319,R,EU,Lunes,Tarde,0,0,Low_Cost,0.95
119,2025-11-17,Grupo wizz,W43686,iasi,18:30:00,En hora,180,Airbus A320,R,EU,Lunes,Tarde,0,0,Low_Cost,0.95
121,2025-11-17,Grupo wizz,W61478,warsaw,19:00:00,En hora,239,Airbus A321neo,S,EU,Lunes,Tarde,0,0,Low_Cost,0.97
125,2025-11-17,Eurowings,EW7521,hamburg,19:40:00,En hora,180,Airbus A320,U,EU,Lunes,Tarde,0,0,Low_Cost,0.95
127,2025-11-17,Grupo wizz,W61706,gdansk,19:40:00,En hora,239,Airbus A321neo,S,EU,Lunes,Tarde,0,0,Low_Cost,0.97
130,2025-11-17,Grupo easy,U28058,london,19:45:00,En hora,156,Airbus A319,M,INT,Lunes,Tarde,0,0,Low_Cost,0.97
131,2025-11-17,Volotea,V71415,verona,19:55:00,En hora,180,Airbus A320,U,EU,Lunes,Tarde,0,0,Low_Cost,0.95
132,2025-11-17,Grupo wizz,W64666,larnaca,19:55:00,En hora,230,Airbus A321,W,INT,Lunes,Tarde,0,0,Low_Cost,0.95
134,2025-11-17,Air Arabia Maroc,3O378,tanger,20:05:00,En hora,174,Airbus A320,W,INT,Lunes,Noche,0,0,Low_Cost,0.95
138,2025-11-17,Grupo easy,EC1956,milan,20:15:00,En hora,180,Airbus A320,R,EU,Lunes,Noche,0,0,Low_Cost,0.97
139,2025-11-17,Grupo wizz,W42940,vienna,20:20:00,Retrasado,239,Airbus A321neo,S,EU,Lunes,Noche,0,0,Low_Cost,0.97
140,2025-11-17,Grupo easy,EC1010,"basel, switzerland/mulhouse",20:30:00,En hora,156,Airbus A319,R,EU,Lunes,Noche,0,0,Low_Cost,0.95
141,2025-11-17,T'Way Air,TW408,seoul/incheon,20:30:00,En hora,246,Airbus A330-200,W,INT,Lunes,Noche,0,0,Low_Cost,0.95
142,2025-11-17,Volotea,V72135,bordeaux,20:30:00,En hora,180,Airbus A320,S,EU,Lunes,Noche,0,0,Low_Cost,0.95
143,2025-11-17,Air Serbia,JU585,belgrade,20:35:00,En hora,144,Airbus A319,W,INT,Lunes,Noche,0,0,Legacy,0.86
146,2025-11-17,Transavia,TO4759,paris,20:45:00,En hora,186,Airbus A320neo,U,EU,Lunes,Noche,0,0,Low_Cost,0.97
147,2025-11-17,Grupo wizz,W62378,budapest,20:45:00,Retrasado,239,Airbus A321neo,U,EU,Lunes,Noche,0,0,Low_Cost,0.97
150,2025-11-17,Volotea,V72165,nantes/atlantique,20:50:00,Retrasado,156,Airbus A319,R,EU,Lunes,Noche,0,0,Low_Cost,0.95
152,2025-11-17,Aer Lingus,EI565,dublin,21:05:00,En hora,174,Airbus A320,Y,INT,Lunes,Noche,0,0,Low_Cost,0.96
155,2025-11-17,Grupo easy,EC1380,geneva,21:20:00,Retrasado,180,Airbus A320,R,EU,Lunes,Noche,0,0,Low_Cost,0.95
156,2025-11-17,Grupo wizz,W43178,bucharest,21:20:00,Retrasado,230,Airbus A321,S,EU,Lunes,Noche,0,0,Low_Cost,0.95
157,2025-11-17,Grupo wizz,W43406,cluj-napoca,21:25:00,En hora,180,Airbus A320,S,EU,Lunes,Noche,0,0,Low_Cost,0.95
160,2025-11-17,Grupo wizz,W46020,rome,21:35:00,Retrasado,239,Airbus A321neo,S,EU,Lunes,Noche,0,0,Low_Cost,0.96
165,2025-11-17,Grupo easy,U22706,bristol,21:55:00,En hora,180,Airbus A320,M,INT,Lunes,Noche,0,0,Low_Cost,0.93
166,2025-11-17,Grupo wizz,W64116,belgrade,21:55:00,En hora,239,Airbus A321neo,Y,INT,Lunes,Noche,0,0,Low_Cost,0.95
168,2025-11-17,Grupo wizz,W45154,tirana,22:45:00,En hora,230,Airbus A321,W,INT,Lunes,Noche,0,0,Low_Cost,0.95
169,2025-11-18,Grupo easy,EC7105,geneva,06:00:00,En hora,156,Airbus A319,R,EU,Martes,Mañana,0,0,Low_Cost,0.95
173,2025-11-18,Grupo easy,EC8062,london,07:30:00,En hora,156,Airbus A319,R,EU,Martes,Mañana,0,0,Low_Cost,0.97
177,2025-11-18,Grupo easy,EC3737,milan,08:00:00,En hora,180,Airbus A320,R,EU,Martes,Mañana,0,0,Low_Cost,0.97
179,2025-11-18,Grupo wizz,W43938,chisinau,09:00:00,En hora,180,Airbus A320,W,INT,Martes,Mañana,0,0,Low_Cost,0.95
180,2025-11-18,Grupo wizz,W62048,krakow,09:05:00,En hora,239,Airbus A321neo,S,EU,Martes,Mañana,0,0,Low_Cost,0.97
183,2025-11-18,Grupo wizz,W61914,vilnius,09:20:00,En hora,239,Airbus A321neo,U,EU,Martes,Mañana,0,0,Low_Cost,0.97
184,2025-11-18,Grupo wizz,W43176,bucharest,09:25:00,En hora,239,Airbus A321neo,U,EU,Martes,Mañana,0,0,Low_Cost,0.95
185,2025-11-18,Grupo wizz,W62376,budapest,09:25:00,Retrasado,239,Airbus A321neo,S,EU,Martes,Mañana,0,0,Low_Cost,0.97
186,2025-11-18,Transavia,TO4751,paris,09:30:00,En hora,232,Airbus A321neo,U,EU,Martes,Mañana,0,0,Low_Cost,0.97
187,2025-11-18,Grupo wizz,W42938,vienna,09:35:00,En hora,239,Airbus A321neo,U,EU,Martes,Mañana,0,0,Low_Cost,0.97
188,2025-11-18,Air Arabia Maroc,3O378,tanger,09:45:00,En hora,174,Airbus A320,Y,INT,Martes,Mañana,0,0,Low_Cost,0.95
189,2025-11-18,Eurowings,EW9441,dusseldorf,09:45:00,En hora,150,Airbus A319,S,EU,Martes,Mañana,0,0,Low_Cost,0.95
190,2025-11-18,Air Serbia,JU581,belgrade,09:55:00,En hora,144,Airbus A319,Y,INT,Martes,Mañana,0,0,Legacy,0.86
192,2025-11-18,Grupo wizz,W61476,warsaw,10:15:00,En hora,239,Airbus A321neo,S,EU,Martes,Mañana,0,0,Low_Cost,0.97
195,2025-11-18,Azerbaijan Airlines,J246,baku,10:45:00,En hora,186,Airbus A320neo,Y,INT,Martes,Mañana,0,0,Low_Cost,0.95
196,2025-11-18,Aer Lingus,EI563,dublin,11:30:00,En hora,174,Airbus A320,W,INT,Martes,Mañana,0,0,Low_Cost,0.96
198,2025-11-18,Icelandair,FI597,keflavik,11:50:00,En hora,160,Boeing 737 MAX 8,U,EU,Martes,Mañana,0,0,Legacy,0.86
200,2025-11-18,Grupo easy,EC7151,milan,12:20:00,En hora,156,Airbus A319,R,EU,Martes,Tarde,0,0,Low_Cost,0.97
201,2025-11-18,Norwegian Air Sweden AOC,D83657,copenhagen,12:30:00,En hora,189,Boeing 737 MAX 8,U,EU,Martes,Tarde,0,0,Low_Cost,0.97
203,2025-11-18,Pegasus Airlines,PC1092,istanbul,12:45:00,Retrasado,239,Airbus A321neo,W,INT,Martes,Tarde,0,0,Low_Cost,0.95
205,2025-11-18,Norwegian Air Shuttle,DY1741,oslo,13:25:00,Retrasado,197,Boeing 737 MAX 8,U,EU,Martes,Tarde,0,0,Low_Cost,0.95
206,2025-11-18,FlyOne,5F5512,chisinau,13:30:00,En hora,194,Airbus A321,W,INT,Martes,Tarde,0,0,Low_Cost,0.95
207,2025-11-18,Luxair,LG3592,luxembourg,13:40:00,En hora,186,Boeing 737-800,U,EU,Martes,Tarde,0,0,Legacy,0.86
210,2025-11-18,Kuwait Airways,KU136,kuwait city,14:25:00,Retrasado,235,Airbus A330-800,W,INT,Martes,Tarde,0,0,Legacy,0.86
211,2025-11-18,Bluebird Airways,BZ251,tel aviv,14:45:00,Retrasado,189,Boeing 737-800,Y,INT,Martes,Tarde,0,0,Low_Cost,0.95
216,2025-11-18,Transavia,HV5134,amsterdam,17:45:00,En hora,189,Boeing 737-800,U,EU,Martes,Tarde,0,0,Low_Cost,0.95
218,2025-11-18,Grupo easy,EC7103,"basel, switzerland/mulhouse",18:10:00,En hora,156,Airbus A319,R,EU,Martes,Tarde,0,0,Low_Cost,0.95
222,2025-11-18,Grupo wizz,W61176,katowice,18:55:00,En hora,239,Airbus A321neo,S,EU,Martes,Tarde,0,0,Low_Cost,0.95
223,2025-11-18,Grupo wizz,W61478,warsaw,19:00:00,En hora,239,Airbus A321neo,S,EU,Martes,Tarde,0,0,Low_Cost,0.97
225,2025-11-18,Eurowings,EW9443,dusseldorf,19:35:00,En hora,180,Airbus A320,S,EU,Martes,Tarde,0,0,Low_Cost,0.95
226,2025-11-18,Grupo wizz,W64406,sofia,19:35:00,En hora,230,Airbus A321,S,EU,Martes,Tarde,0,0,Low_Cost,0.97
227,2025-11-18,Grupo easy,U28058,london,19:45:00,En hora,156,Airbus A319,M,INT,Martes,Tarde,0,0,Low_Cost,0.97
228,2025-11-18,Transavia,HV6790,eindhoven,19:55:00,En hora,189,Boeing 737-800,U,EU,Martes,Tarde,0,0,Low_Cost,0.95
229,2025-11-18,Air Arabia Maroc,3O642,tanger,20:00:00,En hora,174,Airbus A320,Y,INT,Martes,Noche,0,0,Low_Cost,0.95
230,2025-11-18,Grupo easy,EC1956,milan,20:15:00,En hora,180,Airbus A320,R,EU,Martes,Noche,0,0,Low_Cost,0.97
232,2025-11-18,Transavia,TO4759,paris,20:45:00,En hora,186,Airbus A320neo,S,EU,Martes,Noche,0,0,Low_Cost,0.97
233,2025-11-18,Grupo easy,EC1380,geneva,21:15:00,En hora,180,Airbus A320,R,EU,Martes,Noche,0,0,Low_Cost,0.95
235,2025-11-18,Grupo wizz,W46020,rome,21:35:00,En hora,239,Airbus A321neo,S,EU,Martes,Noche,0,0,Low_Cost,0.96
241,2025-11-19,Grupo easy,EC7193,leeds bradford,06:30:00,En hora,156,Airbus A319,R,EU,Miércoles,Mañana,0,0,Low_Cost,0.95
245,2025-11-19,Grupo easy,EC8062,london,07:20:00,En hora,156,Airbus A319,R,EU,Miércoles,Mañana,0,0,Low_Cost,0.97
246,2025-11-19,Grupo easy,EC3737,milan,08:25:00,En hora,180,Airbus A320,R,EU,Miércoles,Mañana,0,0,Low_Cost,0.97
247,2025-11-19,Grupo easy,EC7161,napoli,09:20:00,En hora,156,Airbus A319,R,EU,Miércoles,Mañana,0,0,Low_Cost,0.97
248,2025-11-19,Grupo wizz,W43176,bucharest,09:25:00,En hora,230,Airbus A321,U,EU,Miércoles,Mañana,0,0,Low_Cost,0.95
249,2025-11-19,Grupo wizz,W62376,budapest,09:25:00,En hora,239,Airbus A321neo,U,EU,Miércoles,Mañana,0,0,Low_Cost,0.97
251,2025-11-19,Air Arabia Maroc,3O376,al aaroui,09:35:00,En hora,174,Airbus A320,Y,INT,Miércoles,Mañana,0,0,Low_Cost,0.93
252,2025-11-19,Grupo wizz,W42940,vienna,09:35:00,Retrasado,239,Airbus A321neo,S,EU,Miércoles,Mañana,0,0,Low_Cost,0.97
253,2025-11-19,Eurowings,EW9441,dusseldorf,09:45:00,En hora,150,Airbus A319,S,EU,Miércoles,Mañana,0,0,Low_Cost,0.95
257,2025-11-19,Air Arabia Maroc,3O642,tanger,10:05:00,En hora,174,Airbus A320,W,INT,Miércoles,Mañana,0,0,Low_Cost,0.95
258,2025-11-19,Transavia,HV5132,amsterdam,10:05:00,En hora,232,Airbus A321neo,U,EU,Miércoles,Mañana,0,0,Low_Cost,0.95
260,2025-11-19,Grupo wizz,W61476,warsaw,10:15:00,En hora,230,Airbus A321,S,EU,Miércoles,Mañana,0,0,Low_Cost,0.97
262,2025-11-19,Air Baltic,BT878,tallinn,10:35:00,Retrasado,148,Airbus A220-300,U,EU,Miércoles,Mañana,0,0,Low_Cost,0.97
264,2025-11-19,SkyUp MT,U5406,chisinau,10:50:00,Retrasado,149,Boeing 737-700,Y,INT,Miércoles,Mañana,0,0,Low_Cost,0.95
265,2025-11-19,Grupo easy,U22704,bristol,10:55:00,En hora,186,Airbus A320neo,M,INT,Miércoles,Mañana,0,0,Low_Cost,0.94
267,2025-11-19,Aer Lingus,EI563,dublin,11:30:00,En hora,174,Airbus A320,Y,INT,Miércoles,Mañana,0,0,Low_Cost,0.96
270,2025-11-19,Pegasus Airlines,PC1092,istanbul,12:45:00,Retrasado,239,Airbus A321neo,Y,INT,Miércoles,Tarde,0,0,Low_Cost,0.95
273,2025-11-19,HiSky,H4264,bucharest,13:20:00,En hora,186,Airbus A320,R,EU,Miércoles,Tarde,0,0,Low_Cost,0.95
274,2025-11-19,Norwegian Air Shuttle,DY1741,oslo,13:25:00,Retrasado,189,Boeing 737-800,U,EU,Miércoles,Tarde,0,0,Low_Cost,0.95
275,2025-11-19,Eurowings,EW521,cologne-bonn,13:25:00,Retrasado,226,Airbus A321,U,EU,Miércoles,Tarde,0,0,Low_Cost,0.97
276,2025-11-19,Luxair,LG3592,luxembourg,13:40:00,Retrasado,76,de Havilland Dash 8-400,U,EU,Miércoles,Tarde,0,0,Legacy,0.86
277,2025-11-19,Turkish Airlines,TK608,ankara,13:40:00,Retrasado,165,Boeing 737-800,W,INT,Miércoles,Tarde,0,0,Legacy,0.86
278,2025-11-19,Bluebird Airways,BZ251,tel aviv,14:45:00,En hora,180,Airbus A320,Y,INT,Miércoles,Tarde,0,0,Low_Cost,0.95
279,2025-11-19,Norwegian Air Sweden AOC,D83659,copenhagen,14:45:00,En hora,189,Boeing 737-800,S,EU,Miércoles,Tarde,0,0,Low_Cost,0.97
280,2025-11-19,Eurowings,EW2521,stuttgart,15:10:00,Retrasado,150,Airbus A319,S,EU,Miércoles,Tarde,0,0,Low_Cost,0.95
283,2025-11-19,Pegasus Airlines,PC1094,istanbul,15:45:00,Retrasado,220,Airbus A321,W,INT,Miércoles,Tarde,0,0,Low_Cost,0.95
284,2025-11-19,Volotea,V71415,verona,15:45:00,En hora,180,Airbus A320,R,EU,Miércoles,Tarde,0,0,Low_Cost,0.95
286,2025-11-19,Transavia,TO4755,paris,16:45:00,En hora,186,Airbus A320neo,U,EU,Miércoles,Tarde,0,0,Low_Cost,0.97
289,2025-11-19,Grupo wizz,W67920,kopitnari,17:15:00,En hora,239,Airbus A321neo,Y,INT,Miércoles,Tarde,0,0,Low_Cost,0.95
291,2025-11-19,Iberojet,E9803,palmerola,17:40:00,En hora,432,Airbus A350-900,S,NAC,Miércoles,Tarde,0,0,Low_Cost,0.95
293,2025-11-19,Grupo wizz,W43686,iasi,18:30:00,En hora,180,Airbus A320,S,EU,Miércoles,Tarde,0,0,Low_Cost,0.95
294,2025-11-19,Grupo easy,EC7103,"basel, switzerland/mulhouse",18:35:00,En hora,156,Airbus A319,R,EU,Miércoles,Tarde,0,0,Low_Cost,0.95
295,2025-11-19,Grupo easy,EC7155,milan,19:00:00,En hora,156,Airbus A319,R,EU,Miércoles,Tarde,0,0,Low_Cost,0.97
297,2025-11-19,Grupo wizz,W61478,warsaw,19:00:00,Retrasado,239,Airbus A321neo,S,EU,Miércoles,Tarde,0,0,Low_Cost,0.97
301,2025-11-19,Eurowings,EW9443,dusseldorf,19:35:00,Retrasado,180,Airbus A320,S,EU,Miércoles,Tarde,0,0,Low_Cost,0.95
303,2025-11-19,Transavia,HV6064,rotterdam,19:40:00,Retrasado,189,Boeing 737-800,U,EU,Miércoles,Tarde,0,0,Low_Cost,0.95
304,2025-11-19,Grupo easy,U28058,london,19:45:00,En hora,180,Airbus A320,M,INT,Miércoles,Tarde,0,0,Low_Cost,0.97
305,2025-11-19,Grupo wizz,W61706,gdansk,19:50:00,Retrasado,239,Airbus A321neo,U,EU,Miércoles,Tarde,0,0,Low_Cost,0.97
309,2025-11-19,Grupo easy,EC1956,milan,20:15:00,En hora,180,Airbus A320,R,EU,Miércoles,Noche,0,0,Low_Cost,0.97
310,2025-11-19,Air Arabia Maroc,3O378,tanger,20:20:00,En hora,174,Airbus A320,Y,INT,Miércoles,Noche,0,0,Low_Cost,0.95
311,2025-11-19,T'Way Air,TW408,seoul/incheon,20:30:00,Retrasado,294,BOEING 777-300ER,Y,INT,Miércoles,Noche,0,0,Low_Cost,0.95
312,2025-11-19,Air Serbia,JU585,belgrade,20:35:00,En hora,144,Airbus A319,Y,INT,Miércoles,Noche,0,0,Legacy,0.86
313,2025-11-19,Grupo wizz,W62378,budapest,20:45:00,Retrasado,239,Airbus A321neo,S,EU,Miércoles,Noche,0,0,Low_Cost,0.97
314,2025-11-19,Transavia,TO4759,paris,20:50:00,Retrasado,186,Airbus A320neo,S,EU,Miércoles,Noche,0,0,Low_Cost,0.97
315,2025-11-19,Grupo easy,U22326,london,20:55:00,En hora,156,Airbus A319,M,INT,Miércoles,Noche,0,0,Low_Cost,0.97
316,2025-11-19,Grupo easy,EC1380,geneva,21:15:00,Retrasado,180,Airbus A320,R,EU,Miércoles,Noche,0,0,Low_Cost,0.95
317,2025-11-19,Grupo wizz,W43406,cluj-napoca,21:25:00,Retrasado,180,Airbus A320,U,EU,Miércoles,Noche,0,0,Low_Cost,0.95
318,2025-11-19,Grupo wizz,W46020,rome,21:35:00,En hora,239,Airbus A321neo,R,EU,Miércoles,Noche,0,0,Low_Cost,0.96
322,2025-11-20,Grupo easy,EC7105,geneva,06:10:00,En hora,156,Airbus A319,R,EU,Jueves,Mañana,0,0,Low_Cost,0.95
324,2025-11-20,Grupo easy,EC7191,glasgow,06:40:00,En hora,156,Airbus A319,R,EU,Jueves,Mañana,0,0,Low_Cost,0.95
329,2025-11-20,Grupo easy,EC7101,"basel, switzerland/mulhouse",07:30:00,En hora,156,Airbus A319,R,EU,Jueves,Mañana,0,0,Low_Cost,0.95
330,2025-11-20,Grupo easy,EC7151,milan,07:30:00,Retrasado,156,Airbus A319,R,EU,Jueves,Mañana,0,0,Low_Cost,0.97
332,2025-11-20,Norwegian Air Sweden AOC,D85510,copenhagen,07:55:00,En hora,189,Boeing 737-800,S,EU,Jueves,Mañana,0,0,Low_Cost,0.97
337,2025-11-20,Grupo wizz,W43938,chisinau,09:00:00,Retrasado,180,Airbus A320,Y,INT,Jueves,Mañana,0,0,Low_Cost,0.95
339,2025-11-20,Grupo wizz,W62048,krakow,09:05:00,Retrasado,239,Airbus A321neo,U,EU,Jueves,Mañana,0,0,Low_Cost,0.97
341,2025-11-20,Grupo wizz,W61914,vilnius,09:20:00,Retrasado,239,Airbus A321neo,S,EU,Jueves,Mañana,0,0,Low_Cost,0.97
342,2025-11-20,Grupo wizz,W43176,bucharest,09:25:00,Retrasado,239,Airbus A321neo,U,EU,Jueves,Mañana,0,0,Low_Cost,0.95
343,2025-11-20,Grupo wizz,W62376,budapest,09:25:00,Retrasado,239,Airbus A321neo,U,EU,Jueves,Mañana,0,0,Low_Cost,0.97
345,2025-11-20,Grupo wizz,W42938,vienna,09:35:00,Retrasado,239,Airbus A321neo,S,EU,Jueves,Mañana,0,0,Low_Cost,0.97
346,2025-11-20,Air Serbia,JU581,belgrade,09:55:00,Retrasado,144,Airbus A319,W,INT,Jueves,Mañana,0,0,Legacy,0.86
347,2025-11-20,Grupo easy,EC7656,lisbon,10:00:00,En hora,230,Airbus A321,R,EU,Jueves,Mañana,0,0,Low_Cost,0.97
349,2025-11-20,Transavia,HV5132,amsterdam,10:05:00,Retrasado,232,Airbus A321neo,S,EU,Jueves,Mañana,0,0,Low_Cost,0.95
350,2025-11-20,Grupo wizz,W61476,warsaw,10:15:00,Retrasado,239,Airbus A321neo,U,EU,Jueves,Mañana,0,0,Low_Cost,0.97
354,2025-11-20,Grupo easy,U28056,london,10:35:00,En hora,186,Airbus A320neo,M,INT,Jueves,Mañana,0,0,Low_Cost,0.97
355,2025-11-20,Grupo easy,U25716,southend,10:40:00,En hora,186,Airbus A320neo,M,INT,Jueves,Mañana,0,0,Low_Cost,0.95
356,2025-11-20,Azerbaijan Airlines,J246,baku,10:45:00,Retrasado,186,Airbus A320neo,W,INT,Jueves,Mañana,0,0,Low_Cost,0.95
359,2025-11-20,Grupo easy,U22704,bristol,11:05:00,En hora,180,Airbus A320,M,INT,Jueves,Mañana,0,0,Low_Cost,0.93
363,2025-11-20,Aer Lingus,EI563,dublin,11:30:00,En hora,174,Airbus A320,Y,INT,Jueves,Mañana,0,0,Low_Cost,0.96
364,2025-11-20,Jet2,LS1338,birmingham,11:30:00,Retrasado,189,Boeing 737-800,W,INT,Jueves,Mañana,0,0,Low_Cost,0.97
365,2025-11-20,Grupo easy,EC7131,nice/cote d'azur,12:00:00,En hora,156,Airbus A319,R,EU,Jueves,Tarde,0,0,Low_Cost,0.95
366,2025-11-20,Grupo easy,EC8064,london,12:10:00,En hora,156,Airbus A319,R,EU,Jueves,Tarde,0,0,Low_Cost,0.97
369,2025-11-20,Pegasus Airlines,PC1092,istanbul,12:45:00,Retrasado,239,Airbus A321neo,W,INT,Jueves,Tarde,0,0,Low_Cost,0.95
370,2025-11-20,Grupo wizz,W67022,bratislava,12:55:00,En hora,239,Airbus A321neo,U,EU,Jueves,Tarde,0,0,Low_Cost,0.95
372,2025-11-20,Volotea,V71445,olbia,13:05:00,En hora,180,Airbus A320,S,EU,Jueves,Tarde,0,0,Low_Cost,0.95
373,2025-11-20,Norwegian Air Sweden AOC,D81741,oslo,13:25:00,En hora,189,Boeing 737 MAX 8,U,EU,Jueves,Tarde,0,0,Low_Cost,0.95
374,2025-11-20,Eurowings,EW521,cologne-bonn,13:25:00,Retrasado,150,Airbus A319,S,EU,Jueves,Tarde,0,0,Low_Cost,0.97
376,2025-11-20,Luxair,LG3592,luxembourg,13:35:00,Retrasado,76,de Havilland Dash 8-400,U,EU,Jueves,Tarde,0,0,Legacy,0.86
380,2025-11-20,Transavia,TO4755,paris,13:45:00,Retrasado,186,Airbus A320neo,U,EU,Jueves,Tarde,0,0,Low_Cost,0.97
381,2025-11-20,Jet2,LS804,manchester,13:50:00,Retrasado,189,Boeing 737-800,Y,INT,Jueves,Tarde,0,0,Low_Cost,0.97
383,2025-11-20,Air Baltic,BT684,riga,14:05:00,En hora,148,Airbus A220-300,U,EU,Jueves,Tarde,0,0,Low_Cost,0.97
384,2025-11-20,Grupo easy,EC7153,milan,14:10:00,En hora,156,Airbus A319,R,EU,Jueves,Tarde,0,0,Low_Cost,0.97
385,2025-11-20,SunExpress,XQ895,izmir,14:15:00,En hora,189,Boeing 737-800,W,INT,Jueves,Tarde,0,0,Low_Cost,0.95
386,2025-11-20,Kuwait Airways,KU136,kuwait city,14:25:00,En hora,278,Airbus A330-900,W,INT,Jueves,Tarde,0,0,Legacy,0.86
387,2025-11-20,Norwegian Air Sweden AOC,D85502,stockholm,14:40:00,Retrasado,189,Boeing 737-800,R,EU,Jueves,Tarde,0,0,Low_Cost,0.97
388,2025-11-20,Bluebird Airways,BZ251,tel aviv,14:45:00,En hora,189,Boeing 737-800,W,INT,Jueves,Tarde,0,0,Low_Cost,0.95
389,2025-11-20,Eurowings,EW7521,hamburg,14:45:00,Retrasado,180,Airbus A320,U,EU,Jueves,Tarde,0,0,Low_Cost,0.95
390,2025-11-20,SmartWings,QS1059,prague,14:55:00,En hora,189,Boeing 737-800,S,EU,Jueves,Tarde,0,0,Low_Cost,0.97
393,2025-11-20,Grupo wizz,W46728,venice,15:40:00,En hora,239,Airbus A321neo,U,EU,Jueves,Tarde,0,0,Low_Cost,0.97
395,2025-11-20,Volotea,V73573,asturias,16:05:00,En hora,156,Airbus A319,S,NAC,Jueves,Tarde,0,0,Low_Cost,0.95
396,2025-11-20,Volotea,V73700,vitoria,16:15:00,En hora,180,Airbus A320,S,NAC,Jueves,Tarde,0,0,Low_Cost,0.95
400,2025-11-20,Grupo easy,EC1378,geneva,16:50:00,En hora,180,Airbus A320,R,EU,Jueves,Tarde,0,0,Low_Cost,0.95
402,2025-11-20,Grupo easy,EC7173,berlin,17:25:00,En hora,156,Airbus A319,R,EU,Jueves,Tarde,0,0,Low_Cost,0.97
404,2025-11-20,Volotea,V72327,strasbourg,17:30:00,En hora,180,Airbus A320,S,EU,Jueves,Tarde,0,0,Low_Cost,0.95
405,2025-11-20,Transavia,HV5136,amsterdam,17:45:00,En hora,189,Boeing 737-800,U,EU,Jueves,Tarde,0,0,Low_Cost,0.95
409,2025-11-20,Grupo easy,EC7139,rennes/saint-jacques,18:15:00,En hora,180,Airbus A320,R,EU,Jueves,Tarde,0,0,Low_Cost,0.95
412,2025-11-20,Grupo easy,EC7103,"basel, switzerland/mulhouse",18:40:00,En hora,156,Airbus A319,R,EU,Jueves,Tarde,0,0,Low_Cost,0.95
414,2025-11-20,Grupo wizz,W43180,bucharest,18:45:00,En hora,230,Airbus A321,U,EU,Jueves,Tarde,0,0,Low_Cost,0.95
415,2025-11-20,Grupo wizz,W61176,katowice,18:55:00,En hora,180,Airbus A320,U,EU,Jueves,Tarde,0,0,Low_Cost,0.95
417,2025-11-20,Grupo easy,EC7155,milan,19:15:00,En hora,156,Airbus A319,R,EU,Jueves,Tarde,0,0,Low_Cost,0.97
420,2025-11-20,Eurowings,EW9443,dusseldorf,19:35:00,En hora,180,Airbus A320,S,EU,Jueves,Tarde,0,0,Low_Cost,0.95
421,2025-11-20,Grupo wizz,W64406,sofia,19:35:00,En hora,239,Airbus A321neo,U,EU,Jueves,Tarde,0,0,Low_Cost,0.97
422,2025-11-20,Air Arabia Maroc,3O378,tanger,19:40:00,En hora,174,Airbus A320,W,INT,Jueves,Tarde,0,0,Low_Cost,0.95
423,2025-11-20,Eurowings,EW2521,stuttgart,19:40:00,En hora,180,Airbus A320,S,EU,Jueves,Tarde,0,0,Low_Cost,0.95
424,2025-11-20,Grupo wizz,W61478,warsaw,19:40:00,En hora,239,Airbus A321neo,S,EU,Jueves,Tarde,0,0,Low_Cost,0.97
426,2025-11-20,Grupo easy,U28058,london,19:45:00,En hora,156,Airbus A319,M,INT,Jueves,Tarde,0,0,Low_Cost,0.97
428,2025-11-20,Volotea,V72167,lille/lesquin,19:55:00,En hora,180,Airbus A320,R,EU,Jueves,Tarde,0,0,Low_Cost,0.95
429,2025-11-20,Transavia,HV6788,eindhoven,20:00:00,En hora,189,Boeing 737-800,U,EU,Jueves,Noche,0,0,Low_Cost,0.95
430,2025-11-20,Grupo easy,EC1956,milan,20:15:00,En hora,180,Airbus A320,R,EU,Jueves,Noche,0,0,Low_Cost,0.97
431,2025-11-20,Air Arabia Maroc,3O376,al aaroui,20:25:00,En hora,174,Airbus A320,Y,INT,Jueves,Noche,0,0,Low_Cost,0.93
433,2025-11-20,Transavia,HV6064,rotterdam,20:30:00,En hora,189,Boeing 737-800,U,EU,Jueves,Noche,0,0,Low_Cost,0.95
435,2025-11-20,Grupo wizz,W62378,budapest,20:45:00,En hora,239,Airbus A321neo,U,EU,Jueves,Noche,0,0,Low_Cost,0.97
436,2025-11-20,Transavia,TO4759,paris,20:50:00,En hora,186,Airbus A320neo,U,EU,Jueves,Noche,0,0,Low_Cost,0.97
437,2025-11-20,Grupo easy,U22324,london,20:55:00,En hora,186,Airbus A320neo,M,INT,Jueves,Noche,0,0,Low_Cost,0.97
438,2025-11-20,Grupo wizz,W64738,skopje,20:55:00,En hora,239,Airbus A321neo,W,INT,Jueves,Noche,0,0,Low_Cost,0.95
440,2025-11-20,Aer Lingus,EI565,dublin,21:05:00,En hora,174,Airbus A320,W,INT,Jueves,Noche,0,0,Low_Cost,0.96
441,2025-11-20,Grupo easy,EC1380,geneva,21:15:00,En hora,180,Airbus A320,R,EU,Jueves,Noche,0,0,Low_Cost,0.95
443,2025-11-20,Grupo wizz,W43178,bucharest,21:20:00,En hora,230,Airbus A321,U,EU,Jueves,Noche,0,0,Low_Cost,0.95
444,2025-11-20,Grupo wizz,W43406,cluj-napoca,21:25:00,En hora,186,Airbus A320neo,S,EU,Jueves,Noche,0,0,Low_Cost,0.95
447,2025-11-20,Grupo wizz,W46020,rome,21:35:00,En hora,230,Airbus A321,U,EU,Jueves,Noche,0,0,Low_Cost,0.96
448,2025-11-20,Grupo wizz,W64116,belgrade,22:10:00,En hora,230,Airbus A321,W,INT,Jueves,Noche,0,0,Low_Cost,0.95
449,2025-11-20,Grupo wizz,W45154,tirana,22:45:00,En hora,239,Airbus A321neo,W,INT,Jueves,Noche,0,0,Low_Cost,0.95
450,2025-11-21,Grupo easy,EC7105,geneva,06:10:00,En hora,156,Airbus A319,R,EU,Viernes,Mañana,0,0,Low_Cost,0.95
457,2025-11-21,Grupo easy,EC7101,"basel, switzerland/mulhouse",07:20:00,En hora,156,Airbus A319,R,EU,Viernes,Mañana,0,0,Low_Cost,0.95
458,2025-11-21,Grupo easy,EC7199,edinburgh,07:20:00,En hora,156,Airbus A319,R,EU,Viernes,Mañana,0,0,Low_Cost,0.97
460,2025-11-21,Norwegian Air Sweden AOC,D85502,stockholm,08:00:00,En hora,189,Boeing 737-800,U,EU,Viernes,Mañana,0,0,Low_Cost,0.97
464,2025-11-21,Grupo easy,EC1376,geneva,08:40:00,Retrasado,156,Airbus A319,R,EU,Viernes,Mañana,0,0,Low_Cost,0.95
467,2025-11-21,Grupo wizz,W62048,krakow,09:05:00,Retrasado,239,Airbus A321neo,U,EU,Viernes,Mañana,0,0,Low_Cost,0.97
468,2025-11-21,Grupo easy,EC3737,milan,09:10:00,En hora,180,Airbus A320,R,EU,Viernes,Mañana,0,0,Low_Cost,0.97
470,2025-11-21,Air Arabia Maroc,3O374,casablanca,09:25:00,En hora,174,Airbus A320,W,INT,Viernes,Mañana,0,0,Low_Cost,0.95
472,2025-11-21,Grupo wizz,W43176,bucharest,09:25:00,En hora,230,Airbus A321,U,EU,Viernes,Mañana,0,0,Low_Cost,0.95
473,2025-11-21,Grupo wizz,W45088,tirana,09:25:00,Retrasado,230,Airbus A321,Y,INT,Viernes,Mañana,0,0,Low_Cost,0.95
474,2025-11-21,Grupo wizz,W62376,budapest,09:25:00,En hora,239,Airbus A321neo,U,EU,Viernes,Mañana,0,0,Low_Cost,0.97
477,2025-11-21,Transavia,HV6788,eindhoven,09:45:00,En hora,189,Boeing 737-800,S,EU,Viernes,Mañana,0,0,Low_Cost,0.95
478,2025-11-21,Grupo easy,U26654,birmingham,09:45:00,En hora,180,Airbus A320,M,INT,Viernes,Mañana,0,0,Low_Cost,0.97
479,2025-11-21,Air Arabia Maroc,3O378,tanger,09:50:00,Retrasado,174,Airbus A320,Y,INT,Viernes,Mañana,0,0,Low_Cost,0.95
480,2025-11-21,Grupo easy,EC7656,lisbon,09:55:00,Retrasado,230,Airbus A321,R,EU,Viernes,Mañana,0,0,Low_Cost,0.97
481,2025-11-21,Air Serbia,JU581,belgrade,09:55:00,Retrasado,144,Airbus A319,Y,INT,Viernes,Mañana,0,0,Legacy,0.86
483,2025-11-21,Grupo wizz,W46018,rome,10:00:00,En hora,239,Airbus A321neo,S,EU,Viernes,Mañana,0,0,Low_Cost,0.96
485,2025-11-21,Transavia,HV5132,amsterdam,10:05:00,Retrasado,232,Airbus A321neo,S,EU,Viernes,Mañana,0,0,Low_Cost,0.95
486,2025-11-21,Eurowings,EW7521,hamburg,10:10:00,Retrasado,180,Airbus A320,S,EU,Viernes,Mañana,0,0,Low_Cost,0.95
487,2025-11-21,Grupo wizz,W61476,warsaw,10:15:00,Retrasado,239,Airbus A321neo,U,EU,Viernes,Mañana,0,0,Low_Cost,0.97
489,2025-11-21,Grupo easy,U22002,manchester,10:25:00,En hora,186,Airbus A320neo,M,INT,Viernes,Mañana,0,0,Low_Cost,0.97
490,2025-11-21,Grupo easy,EC7131,nice/cote d'azur,10:30:00,En hora,156,Airbus A319,R,EU,Viernes,Mañana,0,0,Low_Cost,0.95
492,2025-11-21,Grupo easy,EC4212,napoli,10:35:00,Retrasado,180,Airbus A320,R,EU,Viernes,Mañana,0,0,Low_Cost,0.97
493,2025-11-21,Transavia,HV6064,rotterdam,10:40:00,Retrasado,189,Boeing 737-800,U,EU,Viernes,Mañana,0,0,Low_Cost,0.95
494,2025-11-21,Grupo easy,U22704,bristol,10:50:00,En hora,180,Airbus A320,M,INT,Viernes,Mañana,0,0,Low_Cost,0.93
499,2025-11-21,FLYONE Armenia,3F232,yerevan,11:30:00,Retrasado,180,Airbus A320,Y,INT,Viernes,Mañana,0,0,Low_Cost,0.95
500,2025-11-21,Aer Lingus,EI563,dublin,11:35:00,Retrasado,174,Airbus A320,Y,INT,Viernes,Mañana,0,0,Low_Cost,0.96
503,2025-11-21,Grupo easy,EC7141,strasbourg,11:45:00,En hora,156,Airbus A319,R,EU,Viernes,Mañana,0,0,Low_Cost,0.95
505,2025-11-21,Grupo easy,U28056,london,11:45:00,En hora,156,Airbus A319,M,INT,Viernes,Mañana,0,0,Low_Cost,0.97
506,2025-11-21,Icelandair,FI597,keflavik,11:50:00,Retrasado,160,Boeing 737 MAX 8,S,EU,Viernes,Mañana,0,0,Legacy,0.86
508,2025-11-21,Jet2,LS232,leeds bradford,12:00:00,Retrasado,189,Boeing 737 MAX 8,W,INT,Viernes,Tarde,0,0,Low_Cost,0.95
509,2025-11-21,Grupo easy,EC8064,london,12:15:00,En hora,156,Airbus A319,M,INT,Viernes,Tarde,0,0,Low_Cost,0.97
511,2025-11-21,Norwegian Air Sweden AOC,D83657,copenhagen,12:30:00,Retrasado,189,Boeing 737 MAX 8,S,EU,Viernes,Tarde,0,0,Low_Cost,0.97
514,2025-11-21,Pegasus Airlines,PC1092,istanbul,12:45:00,Retrasado,220,Airbus A321,Y,INT,Viernes,Tarde,0,0,Low_Cost,0.95
516,2025-11-21,Grupo wizz,W67022,bratislava,12:55:00,Retrasado,239,Airbus A321neo,U,EU,Viernes,Tarde,0,0,Low_Cost,0.95
517,2025-11-21,Grupo wizz,W46330,milan,13:10:00,Retrasado,230,Airbus A321,U,EU,Viernes,Tarde,0,0,Low_Cost,0.97
518,2025-11-21,Norwegian Air Shuttle,DY1741,oslo,13:25:00,En hora,189,Boeing 737-800,U,EU,Viernes,Tarde,0,0,Low_Cost,0.95
519,2025-11-21,Pegasus Airlines,PC1528,izmir,13:30:00,Retrasado,180,Airbus A320,Y,INT,Viernes,Tarde,0,0,Low_Cost,0.95
520,2025-11-21,Turkish Airlines,TK608,ankara,13:40:00,Retrasado,165,Boeing 737-800,W,INT,Viernes,Tarde,0,0,Legacy,0.86
522,2025-11-21,Jet2,LS804,manchester,13:50:00,En hora,189,Boeing 737-800,Y,INT,Viernes,Tarde,0,0,Low_Cost,0.97
524,2025-11-21,Air Baltic,BT684,riga,14:05:00,Retrasado,148,Airbus A220-300,S,EU,Viernes,Tarde,0,0,Low_Cost,0.97
525,2025-11-21,Azores Airlines,S4507,ponta delgada,14:10:00,En hora,186,Airbus A320neo,U,EU,Viernes,Tarde,0,0,Low_Cost,0.95
526,2025-11-21,Grupo easy,EC7153,milan,14:20:00,En hora,156,Airbus A319,R,EU,Viernes,Tarde,0,0,Low_Cost,0.97
528,2025-11-21,Transavia,TO4755,paris,14:20:00,En hora,186,Airbus A320neo,S,EU,Viernes,Tarde,0,0,Low_Cost,0.97
530,2025-11-21,Grupo easy,EC7107,geneva,14:40:00,En hora,156,Airbus A319,R,EU,Viernes,Tarde,0,0,Low_Cost,0.95
531,2025-11-21,Volotea,V71443,ancona,14:45:00,En hora,180,Airbus A320,S,EU,Viernes,Tarde,0,0,Low_Cost,0.95
532,2025-11-21,Grupo wizz,W64406,sofia,14:50:00,Retrasado,239,Airbus A321neo,U,EU,Viernes,Tarde,0,0,Low_Cost,0.97
535,2025-11-21,SmartWings,QS1059,prague,14:55:00,En hora,189,Boeing 737-800,U,EU,Viernes,Tarde,0,0,Low_Cost,0.97
538,2025-11-21,Volotea,V73735,murcia,15:15:00,Retrasado,156,Airbus A319,S,NAC,Viernes,Tarde,0,0,Low_Cost,0.95
540,2025-11-21,Grupo wizz,W46728,venice,15:40:00,En hora,239,Airbus A321neo,S,EU,Viernes,Tarde,0,0,Low_Cost,0.97
541,2025-11-21,Pegasus Airlines,PC1094,istanbul,15:45:00,Retrasado,220,Airbus A321,W,INT,Viernes,Tarde,0,0,Low_Cost,0.95
543,2025-11-21,Norwegian Air Sweden AOC,D85510,copenhagen,16:15:00,Retrasado,189,Boeing 737-800,U,EU,Viernes,Tarde,0,0,Low_Cost,0.97
546,2025-11-21,Grupo wizz,W43564,timisoara,16:25:00,En hora,180,Airbus A320,U,EU,Viernes,Tarde,0,0,Low_Cost,0.95
548,2025-11-21,Grupo easy,EC7173,berlin,16:50:00,En hora,156,Airbus A319,R,EU,Viernes,Tarde,0,0,Low_Cost,0.97
549,2025-11-21,Volotea,V73700,vitoria,16:50:00,Retrasado,180,Airbus A320,R,NAC,Viernes,Tarde,0,0,Low_Cost,0.95
552,2025-11-21,Grupo wizz,W67920,kopitnari,17:15:00,En hora,239,Airbus A321neo,W,INT,Viernes,Tarde,0,0,Low_Cost,0.95
554,2025-11-21,Volotea,V73573,asturias,17:40:00,En hora,156,Airbus A319,S,NAC,Viernes,Tarde,0,0,Low_Cost,0.95
555,2025-11-21,Transavia,HV5134,amsterdam,17:45:00,En hora,189,Boeing 737-800,U,EU,Viernes,Tarde,0,0,Low_Cost,0.95
558,2025-11-21,Grupo easy,EC7205,southampton,18:10:00,En hora,156,Airbus A319,R,EU,Viernes,Tarde,0,0,Low_Cost,0.95
559,2025-11-21,Air Arabia Maroc,3O398,rabat,18:30:00,En hora,174,Airbus A320,W,INT,Viernes,Tarde,0,0,Low_Cost,0.9
560,2025-11-21,FlyOne,5F5512,chisinau,18:30:00,Retrasado,180,Airbus A320,Y,INT,Viernes,Tarde,0,0,Low_Cost,0.95
561,2025-11-21,Grupo wizz,W43686,iasi,18:30:00,Retrasado,180,Airbus A320,U,EU,Viernes,Tarde,0,0,Low_Cost,0.95
563,2025-11-21,Grupo easy,EC7103,"basel, switzerland/mulhouse",18:45:00,En hora,156,Airbus A319,R,EU,Viernes,Tarde,0,0,Low_Cost,0.95
565,2025-11-21,Grupo wizz,W61478,warsaw,19:00:00,En hora,239,Airbus A321neo,U,EU,Viernes,Tarde,0,0,Low_Cost,0.97
566,2025-11-21,Grupo easy,EC7155,milan,19:10:00,En hora,156,Airbus A319,R,EU,Viernes,Tarde,0,0,Low_Cost,0.97
570,2025-11-21,Volotea,V72165,nantes/atlantique,19:30:00,En hora,156,Airbus A319,S,EU,Viernes,Tarde,0,0,Low_Cost,0.95
571,2025-11-21,Eurowings,EW9443,dusseldorf,19:35:00,Retrasado,232,Airbus A321neo,S,EU,Viernes,Tarde,0,0,Low_Cost,0.95
574,2025-11-21,Grupo easy,U28058,london,19:40:00,En hora,156,Airbus A319,M,INT,Viernes,Tarde,0,0,Low_Cost,0.97
576,2025-11-21,Eurowings,EW2521,stuttgart,19:55:00,Retrasado,226,Airbus A321,U,EU,Viernes,Tarde,0,0,Low_Cost,0.95
577,2025-11-21,Volotea,V71415,verona,19:55:00,Retrasado,180,Airbus A320,U,EU,Viernes,Tarde,0,0,Low_Cost,0.95
578,2025-11-21,Grupo wizz,W64666,larnaca,19:55:00,Retrasado,230,Airbus A321,Y,INT,Viernes,Tarde,0,0,Low_Cost,0.95
583,2025-11-21,Grupo wizz,W62096,krakow,20:10:00,Retrasado,239,Airbus A321neo,S,EU,Viernes,Noche,0,0,Low_Cost,0.97
584,2025-11-21,Grupo easy,EC1956,milan,20:15:00,Retrasado,180,Airbus A320,R,EU,Viernes,Noche,0,0,Low_Cost,0.97
585,2025-11-21,Grupo wizz,W42940,vienna,20:20:00,Retrasado,239,Airbus A321neo,S,EU,Viernes,Noche,0,0,Low_Cost,0.97
587,2025-11-21,T'Way Air,TW408,seoul/incheon,20:30:00,Retrasado,246,Airbus A330-200,W,INT,Viernes,Noche,0,0,Low_Cost,0.95
588,2025-11-21,Volotea,V72135,bordeaux,20:30:00,Retrasado,180,Airbus A320,R,EU,Viernes,Noche,0,0,Low_Cost,0.95
591,2025-11-21,Air Serbia,JU585,belgrade,20:35:00,Retrasado,144,Airbus A319,Y,INT,Viernes,Noche,0,0,Legacy,0.86
593,2025-11-21,Luxair,LG3592,luxembourg,20:40:00,Retrasado,186,Boeing 737-800,S,EU,Viernes,Noche,0,0,Legacy,0.86
594,2025-11-21,Grupo wizz,W62378,budapest,20:45:00,Retrasado,239,Airbus A321neo,S,EU,Viernes,Noche,0,0,Low_Cost,0.97
596,2025-11-21,Transavia,TO4759,paris,20:50:00,Retrasado,186,Airbus A320neo,U,EU,Viernes,Noche,0,0,Low_Cost,0.97
597,2025-11-21,Grupo easy,U22326,london,20:55:00,En hora,180,Airbus A320,M,INT,Viernes,Noche,0,0,Low_Cost,0.97
599,2025-11-21,Aer Lingus,EI565,dublin,21:05:00,En hora,174,Airbus A320,Y,INT,Viernes,Noche,0,0,Low_Cost,0.96
600,2025-11-21,Grupo easy,U23374,liverpool,21:05:00,En hora,180,Airbus A320,M,INT,Viernes,Noche,0,0,Low_Cost,0.92
602,2025-11-21,Grupo easy,EC1380,geneva,21:15:00,Retrasado,180,Airbus A320,R,EU,Viernes,Noche,0,0,Low_Cost,0.95
603,2025-11-21,Grupo wizz,W43178,bucharest,21:20:00,En hora,230,Airbus A321,U,EU,Viernes,Noche,0,0,Low_Cost,0.95
604,2025-11-21,Grupo wizz,W43406,cluj-napoca,21:25:00,En hora,186,Airbus A320neo,R,EU,Viernes,Noche,0,0,Low_Cost,0.95
607,2025-11-21,Grupo wizz,W46020,rome,21:35:00,Retrasado,239,Airbus A321neo,S,EU,Viernes,Noche,0,0,Low_Cost,0.96
613,2025-11-21,Grupo wizz,W64116,belgrade,21:55:00,Retrasado,239,Airbus A321neo,W,INT,Viernes,Noche,0,0,Low_Cost,0.95
615,2025-11-21,Grupo wizz,W45154,tirana,22:45:00,En hora,230,Airbus A321,Y,INT,Viernes,Noche,0,0,Low_Cost,0.95
616,2025-11-21,Grupo wizz,W61706,gdansk,22:50:00,En hora,239,Airbus A321neo,S,EU,Viernes,Noche,0,0,Low_Cost,0.96
619,2025-11-22,Grupo easy,EC7105,geneva,06:10:00,En hora,156,Airbus A319,R,EU,Sábado,Mañana,0,0,Low_Cost,0.95
624,2025-11-22,Grupo easy,EC7151,milan,07:30:00,En hora,156,Airbus A319,R,EU,Sábado,Mañana,0,0,Low_Cost,0.97
627,2025-11-22,Air Arabia Maroc,3O376,al aaroui,08:35:00,En hora,174,Airbus A320,W,INT,Sábado,Mañana,0,0,Low_Cost,0.92
631,2025-11-22,Grupo wizz,W43938,chisinau,09:00:00,En hora,180,Airbus A320,Y,INT,Sábado,Mañana,0,0,Low_Cost,0.95
632,2025-11-22,Grupo wizz,W62048,krakow,09:05:00,En hora,239,Airbus A321neo,S,EU,Sábado,Mañana,0,0,Low_Cost,0.97
634,2025-11-22,Transavia,TO4751,paris,09:15:00,En hora,189,Boeing 737-800,U,EU,Sábado,Mañana,0,0,Low_Cost,0.97
638,2025-11-22,Grupo wizz,W61914,vilnius,09:20:00,En hora,239,Airbus A321neo,S,EU,Sábado,Mañana,0,0,Low_Cost,0.97
639,2025-11-22,Grupo wizz,W43176,bucharest,09:25:00,Retrasado,239,Airbus A321neo,U,EU,Sábado,Mañana,0,0,Low_Cost,0.95
640,2025-11-22,Grupo wizz,W62376,budapest,09:25:00,En hora,239,Airbus A321neo,U,EU,Sábado,Mañana,0,0,Low_Cost,0.97
642,2025-11-22,Grupo wizz,W42938,vienna,09:35:00,En hora,239,Airbus A321neo,S,EU,Sábado,Mañana,0,0,Low_Cost,0.97
643,2025-11-22,Air Serbia,JU581,belgrade,09:55:00,En hora,144,Airbus A319,Y,INT,Sábado,Mañana,0,0,Legacy,0.86
645,2025-11-22,Grupo wizz,W46018,rome,10:00:00,En hora,239,Airbus A321neo,S,EU,Sábado,Mañana,0,0,Low_Cost,0.96
646,2025-11-22,Transavia,HV5132,amsterdam,10:05:00,Retrasado,232,Airbus A321neo,U,EU,Sábado,Mañana,0,0,Low_Cost,0.95
647,2025-11-22,Grupo wizz,W61476,warsaw,10:15:00,En hora,239,Airbus A321neo,R,EU,Sábado,Mañana,0,0,Low_Cost,0.97
649,2025-11-22,Grupo easy,U22326,london,10:20:00,En hora,180,Airbus A320,M,INT,Sábado,Mañana,0,0,Low_Cost,0.97
653,2025-11-22,Grupo easy,U28056,london,10:35:00,En hora,156,Airbus A319,M,INT,Sábado,Mañana,0,0,Low_Cost,0.97
654,2025-11-22,Azerbaijan Airlines,J246,baku,10:45:00,En hora,186,Airbus A320neo,Y,INT,Sábado,Mañana,0,0,Low_Cost,0.95
655,2025-11-22,SkyUp MT,U5406,chisinau,10:50:00,En hora,149,Boeing 737-700,W,INT,Sábado,Mañana,0,0,Low_Cost,0.95
656,2025-11-22,Grupo easy,U22704,bristol,10:55:00,En hora,180,Airbus A320,M,INT,Sábado,Mañana,0,0,Low_Cost,0.93
659,2025-11-22,Grupo easy,EC7193,leeds bradford,11:30:00,En hora,156,Airbus A319,M,INT,Sábado,Mañana,0,0,Low_Cost,0.95
660,2025-11-22,Aer Lingus,EI563,dublin,11:30:00,En hora,174,Airbus A320,Y,INT,Sábado,Mañana,0,0,Low_Cost,0.96
663,2025-11-22,Grupo easy,EC8064,london,12:10:00,En hora,156,Airbus A319,M,INT,Sábado,Tarde,0,0,Low_Cost,0.97
665,2025-11-22,Pegasus Airlines,PC1092,istanbul,12:45:00,Retrasado,220,Airbus A321,Y,INT,Sábado,Tarde,0,0,Low_Cost,0.95
666,2025-11-22,Grupo wizz,W67022,bratislava,12:55:00,En hora,239,Airbus A321neo,U,EU,Sábado,Tarde,0,0,Low_Cost,0.95
668,2025-11-22,Boliviana de Aviacion,OB775,santa cruz,13:10:00,Retrasado,246,Airbus A330-200,Y,INT,Sábado,Tarde,0,0,Legacy,0.86
669,2025-11-22,Grupo wizz,W46330,milan,13:10:00,En hora,230,Airbus A321,U,EU,Sábado,Tarde,0,0,Low_Cost,0.97
670,2025-11-22,Grupo easy,EC7101,"basel, switzerland/mulhouse",13:20:00,En hora,156,Airbus A319,R,EU,Sábado,Tarde,0,0,Low_Cost,0.95
674,2025-11-22,Air Arabia Maroc,3O378,tanger,13:35:00,Retrasado,174,Airbus A320,Y,INT,Sábado,Tarde,0,0,Low_Cost,0.95
675,2025-11-22,Grupo easy,EC7153,milan,13:35:00,En hora,156,Airbus A319,R,EU,Sábado,Tarde,0,0,Low_Cost,0.97
676,2025-11-22,Ajet,VF608,ankara,13:40:00,Retrasado,180,Airbus A320,W,INT,Sábado,Tarde,0,0,Low_Cost,0.95
678,2025-11-22,Air Baltic,BT684,riga,14:05:00,Retrasado,148,Airbus A220-300,S,EU,Sábado,Tarde,0,0,Low_Cost,0.97
681,2025-11-22,Kuwait Airways,KU136,kuwait city,14:25:00,En hora,278,Airbus A330-900,W,INT,Sábado,Tarde,0,0,Legacy,0.86
687,2025-11-22,Grupo wizz,W46728,venice,15:40:00,En hora,239,Airbus A321neo,S,EU,Sábado,Tarde,0,0,Low_Cost,0.97
699,2025-11-22,Grupo easy,EC7103,"basel, switzerland/mulhouse",18:00:00,En hora,156,Airbus A319,R,EU,Sábado,Tarde,0,0,Low_Cost,0.95
700,2025-11-22,Norwegian Air Sweden AOC,D81741,oslo,18:15:00,En hora,189,Boeing 737-800,U,EU,Sábado,Tarde,0,0,Low_Cost,0.95
702,2025-11-22,Transavia,HV5134,amsterdam,18:15:00,En hora,232,Airbus A321neo,U,EU,Sábado,Tarde,0,0,Low_Cost,0.95
705,2025-11-22,Grupo wizz,W61176,katowice,18:55:00,En hora,239,Airbus A321neo,S,EU,Sábado,Tarde,0,0,Low_Cost,0.95
706,2025-11-22,Grupo wizz,W61478,warsaw,19:00:00,En hora,239,Airbus A321neo,S,EU,Sábado,Tarde,0,0,Low_Cost,0.97
710,2025-11-22,Grupo wizz,W64406,sofia,19:35:00,En hora,239,Airbus A321neo,S,EU,Sábado,Tarde,0,0,Low_Cost,0.97
711,2025-11-22,Air Baltic,BT878,tallinn,19:40:00,En hora,148,Airbus A220-300,U,EU,Sábado,Tarde,0,0,Low_Cost,0.97
714,2025-11-22,Grupo easy,EC1380,geneva,20:10:00,En hora,180,Airbus A320,R,EU,Sábado,Noche,0,0,Low_Cost,0.95
717,2025-11-22,T'Way Air,TW408,seoul/incheon,20:30:00,En hora,294,BOEING 777-300ER,Y,INT,Sábado,Noche,0,0,Low_Cost,0.95
720,2025-11-22,Transavia,TO4759,paris,20:45:00,Retrasado,186,Airbus A320neo,U,EU,Sábado,Noche,0,0,Low_Cost,0.97
721,2025-11-22,Grupo wizz,W62378,budapest,20:45:00,Retrasado,239,Airbus A321neo,U,EU,Sábado,Noche,0,0,Low_Cost,0.97
725,2025-11-22,Grupo wizz,W43178,bucharest,21:20:00,En hora,230,Airbus A321,S,EU,Sábado,Noche,0,0,Low_Cost,0.95
726,2025-11-22,Grupo wizz,W43406,cluj-napoca,21:25:00,En hora,180,Airbus A320,S,EU,Sábado,Noche,0,0,Low_Cost,0.95
729,2025-11-22,Grupo wizz,W46020,rome,21:35:00,En hora,239,Airbus A321neo,S,EU,Sábado,Noche,0,0,Low_Cost,0.96
732,2025-11-22,Grupo wizz,W64116,belgrade,22:10:00,En hora,239,Airbus A321neo,Y,INT,Sábado,Noche,0,0,Low_Cost,0.95
733,2025-11-22,Air Arabia Maroc,3O642,tanger,22:15:00,En hora,174,Airbus A320,W,INT,Sábado,Noche,0,0,Low_Cost,0.95
740,2025-11-23,Grupo easy,EC7101,"basel, switzerland/mulhouse",06:50:00,En hora,156,Airbus A319,R,EU,Domingo,Mañana,0,0,Low_Cost,0.95
741,2025-11-23,Grupo easy,EC7191,glasgow,07:20:00,En hora,156,Airbus A319,M,INT,Domingo,Mañana,0,0,Low_Cost,0.95
745,2025-11-23,Norwegian Air Sweden AOC,D85510,copenhagen,08:00:00,En hora,189,Boeing 737-800,U,EU,Domingo,Mañana,0,0,Low_Cost,0.97
746,2025-11-23,Grupo easy,EC7131,nice/cote d'azur,08:00:00,En hora,156,Airbus A319,R,EU,Domingo,Mañana,0,0,Low_Cost,0.95
747,2025-11-23,Grupo easy,EC3754,milan,08:25:00,En hora,180,Airbus A320,R,EU,Domingo,Mañana,0,0,Low_Cost,0.97
749,2025-11-23,Grupo easy,EC1376,geneva,08:35:00,En hora,156,Airbus A319,R,EU,Domingo,Mañana,0,0,Low_Cost,0.95
750,2025-11-23,Volotea,V73735,murcia,08:40:00,Retrasado,180,Airbus A320,U,NAC,Domingo,Mañana,0,0,Low_Cost,0.95
753,2025-11-23,Grupo wizz,W62048,krakow,09:05:00,Retrasado,239,Airbus A321neo,S,EU,Domingo,Mañana,0,0,Low_Cost,0.97
755,2025-11-23,Eurowings,EW7521,hamburg,09:25:00,En hora,150,Airbus A319,S,EU,Domingo,Mañana,0,0,Low_Cost,0.95
756,2025-11-23,Grupo wizz,W43176,bucharest,09:25:00,En hora,239,Airbus A321neo,U,EU,Domingo,Mañana,0,0,Low_Cost,0.95
757,2025-11-23,Grupo wizz,W45088,tirana,09:25:00,En hora,239,Airbus A321neo,W,INT,Domingo,Mañana,0,0,Low_Cost,0.95
758,2025-11-23,Grupo wizz,W62376,budapest,09:25:00,Retrasado,239,Airbus A321neo,U,EU,Domingo,Mañana,0,0,Low_Cost,0.97
760,2025-11-23,Grupo wizz,W42938,vienna,09:35:00,Retrasado,239,Airbus A321neo,R,EU,Domingo,Mañana,0,0,Low_Cost,0.97
761,2025-11-23,Grupo easy,EC7656,lisbon,09:45:00,En hora,230,Airbus A321,R,EU,Domingo,Mañana,0,0,Low_Cost,0.97
768,2025-11-23,Grupo wizz,W46018,rome,10:00:00,En hora,239,Airbus A321neo,S,EU,Domingo,Mañana,0,0,Low_Cost,0.96
771,2025-11-23,Grupo wizz,W61476,warsaw,10:15:00,En hora,239,Airbus A321neo,S,EU,Domingo,Mañana,0,0,Low_Cost,0.97
777,2025-11-23,Azerbaijan Airlines,J246,baku,10:45:00,Retrasado,122,Airbus A319,W,INT,Domingo,Mañana,0,0,Low_Cost,0.95
779,2025-11-23,Norwegian Air Sweden AOC,D81741,oslo,11:15:00,En hora,189,Boeing 737-800,U,EU,Domingo,Mañana,0,0,Low_Cost,0.95
780,2025-11-23,Aer Lingus,EI563,dublin,11:30:00,En hora,186,Airbus A320neo,W,INT,Domingo,Mañana,0,0,Low_Cost,0.96
781,2025-11-23,Grupo easy,EC7139,rennes/saint-jacques,11:45:00,En hora,156,Airbus A319,R,EU,Domingo,Mañana,0,0,Low_Cost,0.95
782,2025-11-23,Icelandair,FI597,keflavik,11:50:00,Retrasado,160,Boeing 737 MAX 8,U,EU,Domingo,Mañana,0,0,Legacy,0.86
788,2025-11-23,Volotea,V72167,lille/lesquin,12:35:00,Retrasado,180,Airbus A320,U,EU,Domingo,Tarde,0,0,Low_Cost,0.95
790,2025-11-23,Pegasus Airlines,PC1092,istanbul,12:45:00,En hora,220,Airbus A321,Y,INT,Domingo,Tarde,0,0,Low_Cost,0.95
793,2025-11-23,Volotea,V71445,olbia,13:05:00,En hora,180,Airbus A320,U,EU,Domingo,Tarde,0,0,Low_Cost,0.95
794,2025-11-23,Grupo wizz,W46330,milan,13:10:00,En hora,239,Airbus A321neo,U,EU,Domingo,Tarde,0,0,Low_Cost,0.97
796,2025-11-23,Grupo easy,U28056,london,13:25:00,En hora,156,Airbus A319,M,INT,Domingo,Tarde,0,0,Low_Cost,0.97
797,2025-11-23,Grupo easy,EC1380,geneva,13:40:00,En hora,180,Airbus A320,R,EU,Domingo,Tarde,0,0,Low_Cost,0.95
800,2025-11-23,Air Baltic,BT684,riga,14:05:00,En hora,148,Airbus A220-300,S,EU,Domingo,Tarde,0,0,Low_Cost,0.97
801,2025-11-23,Grupo easy,EC7153,milan,14:05:00,Retrasado,156,Airbus A319,R,EU,Domingo,Tarde,0,0,Low_Cost,0.97
805,2025-11-23,SunExpress,XQ895,izmir,14:15:00,Retrasado,189,Boeing 737-800,Y,INT,Domingo,Tarde,0,0,Low_Cost,0.95
806,2025-11-23,Transavia,HV5132,amsterdam,14:20:00,Retrasado,189,Boeing 737-800,U,EU,Domingo,Tarde,0,0,Low_Cost,0.95
807,2025-11-23,Grupo easy,EC7107,geneva,14:25:00,En hora,156,Airbus A319,R,EU,Domingo,Tarde,0,0,Low_Cost,0.95
808,2025-11-23,Norwegian Air Sweden AOC,D85502,stockholm,14:40:00,Retrasado,189,Boeing 737-800,S,EU,Domingo,Tarde,0,0,Low_Cost,0.97
809,2025-11-23,Bluebird Airways,BZ251,tel aviv,14:45:00,En hora,180,Airbus A320,Y,INT,Domingo,Tarde,0,0,Low_Cost,0.95
811,2025-11-23,SmartWings,QS1059,prague,14:55:00,En hora,189,Boeing 737-800,U,EU,Domingo,Tarde,0,0,Low_Cost,0.97
815,2025-11-23,Transavia,TO4755,paris,15:15:00,En hora,186,Airbus A320neo,U,EU,Domingo,Tarde,0,0,Low_Cost,0.97
816,2025-11-23,Grupo easy,EC7694,lisbon,15:20:00,Retrasado,180,Airbus A320,R,EU,Domingo,Tarde,0,0,Low_Cost,0.97
818,2025-11-23,Air Arabia Maroc,3O378,tanger,15:35:00,En hora,174,Airbus A320,Y,INT,Domingo,Tarde,0,0,Low_Cost,0.95
819,2025-11-23,Grupo wizz,W46728,venice,15:40:00,En hora,239,Airbus A321neo,U,EU,Domingo,Tarde,0,0,Low_Cost,0.97
822,2025-11-23,Grupo easy,EC7173,berlin,16:30:00,Retrasado,156,Airbus A319,R,EU,Domingo,Tarde,0,0,Low_Cost,0.97
825,2025-11-23,Air Arabia Maroc,3O374,casablanca,17:00:00,En hora,174,Airbus A320,W,INT,Domingo,Tarde,0,0,Low_Cost,0.95
830,2025-11-23,Volotea,V73573,asturias,17:40:00,En hora,156,Airbus A319,S,NAC,Domingo,Tarde,0,0,Low_Cost,0.95
835,2025-11-23,Grupo easy,EC7109,geneva,18:15:00,En hora,156,Airbus A319,R,EU,Domingo,Tarde,0,0,Low_Cost,0.95
836,2025-11-23,Volotea,V73700,vitoria,18:20:00,En hora,180,Airbus A320,S,NAC,Domingo,Tarde,0,0,Low_Cost,0.95
838,2025-11-23,Grupo wizz,W43686,iasi,18:30:00,En hora,180,Airbus A320,S,EU,Domingo,Tarde,0,0,Low_Cost,0.95
839,2025-11-23,Jet2,LS804,manchester,18:35:00,En hora,189,Boeing 737-800,Y,INT,Domingo,Tarde,0,0,Low_Cost,0.97
840,2025-11-23,Grupo easy,EC7103,"basel, switzerland/mulhouse",18:45:00,Retrasado,156,Airbus A319,R,EU,Domingo,Tarde,0,0,Low_Cost,0.95
842,2025-11-23,Transavia,HV6066,rotterdam,18:50:00,Retrasado,189,Boeing 737-800,U,EU,Domingo,Tarde,0,0,Low_Cost,0.95
843,2025-11-23,Grupo easy,U25716,southend,18:55:00,En hora,186,Airbus A320neo,M,INT,Domingo,Tarde,0,0,Low_Cost,0.95
844,2025-11-23,Grupo wizz,W61176,katowice,18:55:00,Retrasado,180,Airbus A320,U,EU,Domingo,Tarde,0,0,Low_Cost,0.95
845,2025-11-23,Grupo wizz,W61478,warsaw,19:00:00,En hora,239,Airbus A321neo,U,EU,Domingo,Tarde,0,0,Low_Cost,0.97
846,2025-11-23,Grupo easy,EC7159,milan,19:05:00,Retrasado,156,Airbus A319,R,EU,Domingo,Tarde,0,0,Low_Cost,0.97
847,2025-11-23,Grupo wizz,W43180,bucharest,19:05:00,En hora,230,Airbus A321,U,EU,Domingo,Tarde,0,0,Low_Cost,0.95
850,2025-11-23,Volotea,V72165,nantes/atlantique,19:30:00,En hora,156,Airbus A319,S,EU,Domingo,Tarde,0,0,Low_Cost,0.95
851,2025-11-23,Eurowings,EW9443,dusseldorf,19:35:00,En hora,150,Airbus A319,U,EU,Domingo,Tarde,0,0,Low_Cost,0.95
852,2025-11-23,Grupo wizz,W64406,sofia,19:35:00,En hora,239,Airbus A321neo,U,EU,Domingo,Tarde,0,0,Low_Cost,0.97
854,2025-11-23,Grupo easy,EC3750,milan,19:45:00,Retrasado,180,Airbus A320,R,EU,Domingo,Tarde,0,0,Low_Cost,0.97
857,2025-11-23,Grupo easy,U28058,london,19:45:00,En hora,156,Airbus A319,M,INT,Domingo,Tarde,0,0,Low_Cost,0.97
858,2025-11-23,Jet2,LS1338,birmingham,19:55:00,Retrasado,232,Airbus A321neo,W,INT,Domingo,Tarde,0,0,Low_Cost,0.97
859,2025-11-23,Grupo wizz,W64666,larnaca,19:55:00,Retrasado,230,Airbus A321,W,INT,Domingo,Tarde,0,0,Low_Cost,0.95
861,2025-11-23,Grupo wizz,W62096,krakow,20:10:00,Retrasado,239,Airbus A321neo,S,EU,Domingo,Noche,0,0,Low_Cost,0.97
862,2025-11-23,Grupo easy,EC4212,napoli,20:20:00,En hora,180,Airbus A320,R,EU,Domingo,Noche,0,0,Low_Cost,0.97
863,2025-11-23,Transavia,HV6788,eindhoven,20:20:00,Retrasado,189,Boeing 737-800,S,EU,Domingo,Noche,0,0,Low_Cost,0.95
864,2025-11-23,Grupo wizz,W67022,bratislava,20:20:00,En hora,239,Airbus A321neo,S,EU,Domingo,Noche,0,0,Low_Cost,0.95
866,2025-11-23,Air Serbia,JU585,belgrade,20:35:00,En hora,144,Airbus A319,Y,INT,Domingo,Noche,0,0,Legacy,0.86
867,2025-11-23,Norwegian Air Sweden AOC,D83659,copenhagen,20:40:00,En hora,189,Boeing 737 MAX 8,S,EU,Domingo,Noche,0,0,Low_Cost,0.97
868,2025-11-23,Eurowings,EW2521,stuttgart,20:40:00,Retrasado,180,Airbus A320neo,U,EU,Domingo,Noche,0,0,Low_Cost,0.95
870,2025-11-23,Luxair,LG3596,luxembourg,20:40:00,Retrasado,186,Boeing 737-800,R,EU,Domingo,Noche,0,0,Legacy,0.86
871,2025-11-23,Transavia,TO4759,paris,20:45:00,En hora,186,Airbus A320neo,U,EU,Domingo,Noche,0,0,Low_Cost,0.97
872,2025-11-23,Grupo wizz,W62378,budapest,20:45:00,Retrasado,239,Airbus A321neo,S,EU,Domingo,Noche,0,0,Low_Cost,0.97
874,2025-11-23,Transavia,HV5134,amsterdam,20:50:00,Retrasado,189,Boeing 737-800,U,EU,Domingo,Noche,0,0,Low_Cost,0.95
876,2025-11-23,Grupo easy,U22326,london,20:55:00,En hora,186,Airbus A320neo,M,INT,Domingo,Noche,0,0,Low_Cost,0.97
877,2025-11-23,Grupo wizz,W64738,skopje,20:55:00,En hora,239,Airbus A321neo,Y,INT,Domingo,Noche,0,0,Low_Cost,0.95
879,2025-11-23,Aer Lingus,EI565,dublin,21:05:00,Retrasado,174,Airbus A320,W,INT,Domingo,Noche,0,0,Low_Cost,0.96
882,2025-11-23,Grupo wizz,W43178,bucharest,21:20:00,En hora,230,Airbus A321,U,EU,Domingo,Noche,0,0,Low_Cost,0.95
883,2025-11-23,Grupo wizz,W43406,cluj-napoca,21:25:00,En hora,180,Airbus A320,S,EU,Domingo,Noche,0,0,Low_Cost,0.95
884,2025-11-23,Grupo easy,U28060,london,21:30:00,En hora,156,Airbus A319,M,INT,Domingo,Noche,0,0,Low_Cost,0.97
885,2025-11-23,Grupo wizz,W46020,rome,21:35:00,Retrasado,239,Airbus A321neo,S,EU,Domingo,Noche,0,0,Low_Cost,0.96
887,2025-11-23,Grupo easy,U22706,bristol,21:50:00,En hora,186,Airbus A320neo,M,INT,Domingo,Noche,0,0,Low_Cost,0.94
888,2025-11-23,Volotea,V71415,verona,21:55:00,Retrasado,180,Airbus A320,S,EU,Domingo,Noche,0,0,Low_Cost,0.95
889,2025-11-23,Grupo wizz,W64116,belgrade,21:55:00,Retrasado,230,Airbus A321,W,INT,Domingo,Noche,0,0,Low_Cost,0.95
890,2025-11-23,Grupo wizz,W45154,tirana,22:45:00,En hora,239,Airbus A321neo,W,INT,Domingo,Noche,0,0,Low_Cost,0.95
892,2025-11-23,Grupo wizz,W61706,gdansk,22:50:00,En hora,239,Airbus A321neo,U,EU,Domingo,Noche,0,0,Low_Cost,0.96
896,2025-11-24,Grupo easy,EC7105,geneva,06:15:00,En hora,156,Airbus A319,R,EU,Lunes,Mañana,0,0,Low_Cost,0.95
900,2025-11-24,Grupo easy,EC8062,london,06:45:00,En hora,156,Airbus A319,M,INT,Lunes,Mañana,0,0,Low_Cost,0.97
903,2025-11-24,Grupo easy,EC7141,strasbourg,07:20:00,En hora,156,Airbus A319,R,EU,Lunes,Mañana,0,0,Low_Cost,0.95
904,2025-11-24,Grupo easy,EC7151,milan,07:20:00,En hora,156,Airbus A319,R,EU,Lunes,Mañana,0,0,Low_Cost,0.97
908,2025-11-24,Norwegian Air Sweden AOC,D85510,copenhagen,08:00:00,En hora,189,Boeing 737-800,U,EU,Lunes,Mañana,0,0,Low_Cost,0.97
911,2025-11-24,Grupo easy,EC1376,geneva,08:45:00,Retrasado,156,Airbus A319,R,EU,Lunes,Mañana,0,0,Low_Cost,0.95
914,2025-11-24,Grupo wizz,W62048,krakow,09:05:00,Retrasado,239,Airbus A321neo,S,EU,Lunes,Mañana,0,0,Low_Cost,0.97
915,2025-11-24,Volotea,V72327,strasbourg,09:10:00,Retrasado,180,Airbus A320,S,EU,Lunes,Mañana,0,0,Low_Cost,0.95
916,2025-11-24,Air Arabia Maroc,3O398,rabat,09:20:00,En hora,174,Airbus A320,Y,INT,Lunes,Mañana,0,0,Low_Cost,0.85
917,2025-11-24,Eurowings,EW2521,stuttgart,09:20:00,Retrasado,150,Airbus A319,S,EU,Lunes,Mañana,0,0,Low_Cost,0.95
918,2025-11-24,Grupo wizz,W43176,bucharest,09:25:00,En hora,230,Airbus A321,U,EU,Lunes,Mañana,0,0,Low_Cost,0.95
919,2025-11-24,Grupo wizz,W45088,tirana,09:25:00,En hora,239,Airbus A321neo,W,INT,Lunes,Mañana,0,0,Low_Cost,0.95
920,2025-11-24,Grupo wizz,W62376,budapest,09:25:00,Retrasado,239,Airbus A321neo,S,EU,Lunes,Mañana,0,0,Low_Cost,0.97
921,2025-11-24,Volotea,V73573,asturias,09:30:00,En hora,156,Airbus A319,U,NAC,Lunes,Mañana,0,0,Low_Cost,0.95
922,2025-11-24,Grupo easy,EC1030,"basel, switzerland/mulhouse",09:35:00,En hora,180,Airbus A320,R,EU,Lunes,Mañana,0,0,Low_Cost,0.95
924,2025-11-24,Transavia,HV6062,rotterdam,09:40:00,En hora,189,Boeing 737-800,U,EU,Lunes,Mañana,0,0,Low_Cost,0.95
925,2025-11-24,Eurowings,EW9441,dusseldorf,09:45:00,Retrasado,180,Airbus A320,U,EU,Lunes,Mañana,0,0,Low_Cost,0.95
928,2025-11-24,Air Serbia,JU581,belgrade,09:55:00,Retrasado,144,Airbus A319,Y,INT,Lunes,Mañana,0,0,Legacy,0.86
929,2025-11-24,Grupo easy,EC7656,lisbon,10:00:00,Retrasado,230,Airbus A321,R,EU,Lunes,Mañana,0,0,Low_Cost,0.97
930,2025-11-24,Transavia,HV5132,amsterdam,10:05:00,Retrasado,189,Boeing 737-800,U,EU,Lunes,Mañana,0,0,Low_Cost,0.95
931,2025-11-24,Grupo wizz,W46018,rome,10:05:00,En hora,239,Airbus A321neo,U,EU,Lunes,Mañana,0,0,Low_Cost,0.96
933,2025-11-24,Grupo wizz,W61476,warsaw,10:15:00,Retrasado,239,Airbus A321neo,U,EU,Lunes,Mañana,0,0,Low_Cost,0.97
935,2025-11-24,Grupo easy,U22324,london,10:25:00,En hora,186,Airbus A320neo,M,INT,Lunes,Mañana,0,0,Low_Cost,0.97
937,2025-11-24,Grupo easy,EC7131,nice/cote d'azur,10:40:00,En hora,156,Airbus A319,R,EU,Lunes,Mañana,0,0,Low_Cost,0.95
938,2025-11-24,Grupo easy,U28056,london,10:40:00,En hora,180,Airbus A320,M,INT,Lunes,Mañana,0,0,Low_Cost,0.97
944,2025-11-24,Grupo easy,U22002,manchester,11:20:00,En hora,180,Airbus A320,M,INT,Lunes,Mañana,0,0,Low_Cost,0.97
945,2025-11-24,Aer Lingus,EI563,dublin,11:30:00,En hora,174,Airbus A320,W,INT,Lunes,Mañana,0,0,Low_Cost,0.96
947,2025-11-24,Transavia,TO4755,paris,11:30:00,En hora,189,Boeing 737-800,S,EU,Lunes,Mañana,0,0,Low_Cost,0.97
949,2025-11-24,Grupo easy,EC7197,birmingham,11:40:00,En hora,156,Airbus A319,M,INT,Lunes,Mañana,0,0,Low_Cost,0.97
952,2025-11-24,Jet2,LS232,leeds bradford,12:00:00,En hora,189,Boeing 737-800,W,INT,Lunes,Tarde,0,0,Low_Cost,0.95
956,2025-11-24,Pegasus Airlines,PC1092,istanbul,12:45:00,Retrasado,180,Airbus A320,W,INT,Lunes,Tarde,0,0,Low_Cost,0.95
957,2025-11-24,Norwegian Air Sweden AOC,D83657,copenhagen,12:50:00,En hora,189,Boeing 737-800,S,EU,Lunes,Tarde,0,0,Low_Cost,0.97
958,2025-11-24,Grupo easy,EC7137,lyon,12:55:00,En hora,156,Airbus A319,R,EU,Lunes,Tarde,0,0,Low_Cost,0.95
959,2025-11-24,Grupo wizz,W67022,bratislava,12:55:00,En hora,239,Airbus A321neo,S,EU,Lunes,Tarde,0,0,Low_Cost,0.95
961,2025-11-24,Grupo wizz,W46330,milan,13:10:00,Retrasado,239,Airbus A321neo,S,EU,Lunes,Tarde,0,0,Low_Cost,0.97
963,2025-11-24,HiSky,H4264,bucharest,13:20:00,En hora,186,Airbus A320,U,EU,Lunes,Tarde,0,0,Low_Cost,0.95
964,2025-11-24,Norwegian Air Sweden AOC,D81741,oslo,13:25:00,En hora,189,Boeing 737-800,U,EU,Lunes,Tarde,0,0,Low_Cost,0.95
965,2025-11-24,Eurowings,EW521,cologne-bonn,13:25:00,En hora,180,Airbus A320,S,EU,Lunes,Tarde,0,0,Low_Cost,0.97
966,2025-11-24,Pegasus Airlines,PC1528,izmir,13:30:00,Retrasado,180,Airbus A320,W,INT,Lunes,Tarde,0,0,Low_Cost,0.95
967,2025-11-24,Luxair,LG3592,luxembourg,13:35:00,Retrasado,76,de Havilland Dash 8-400,U,EU,Lunes,Tarde,0,0,Legacy,0.86
968,2025-11-24,Grupo easy,EC7153,milan,13:40:00,Retrasado,156,Airbus A319,R,EU,Lunes,Tarde,0,0,Low_Cost,0.97
970,2025-11-24,Turkish Airlines,TK608,ankara,13:40:00,Retrasado,165,Boeing 737-800,Y,INT,Lunes,Tarde,0,0,Legacy,0.86
972,2025-11-24,Jet2,LS804,manchester,13:50:00,En hora,189,Boeing 737-800,W,INT,Lunes,Tarde,0,0,Low_Cost,0.97
974,2025-11-24,Air Baltic,BT684,riga,14:05:00,Retrasado,148,Airbus A220-300,S,EU,Lunes,Tarde,0,0,Low_Cost,0.97
976,2025-11-24,Norwegian Air Sweden AOC,D85502,stockholm,14:40:00,En hora,189,Boeing 737-800,U,EU,Lunes,Tarde,0,0,Low_Cost,0.97
977,2025-11-24,Bluebird Airways,BZ251,tel aviv,14:45:00,En hora,189,Boeing 737-800,Y,INT,Lunes,Tarde,0,0,Low_Cost,0.95
978,2025-11-24,Grupo easy,EC7107,geneva,14:45:00,Retrasado,156,Airbus A319,R,EU,Lunes,Tarde,0,0,Low_Cost,0.95
979,2025-11-24,Volotea,V71443,ancona,14:45:00,En hora,180,Airbus A320,U,EU,Lunes,Tarde,0,0,Low_Cost,0.95
980,2025-11-24,Grupo wizz,W64406,sofia,14:50:00,Retrasado,180,Airbus A320,U,EU,Lunes,Tarde,0,0,Low_Cost,0.97
981,2025-11-24,Grupo easy,EC4212,napoli,14:55:00,Retrasado,180,Airbus A320,R,EU,Lunes,Tarde,0,0,Low_Cost,0.97
982,2025-11-24,SmartWings,QS1059,prague,14:55:00,En hora,189,Boeing 737-800,U,EU,Lunes,Tarde,0,0,Low_Cost,0.97
983,2025-11-24,Air Arabia Maroc,3O376,al aaroui,15:00:00,En hora,174,Airbus A320,Y,INT,Lunes,Tarde,0,0,Low_Cost,0.93
986,2025-11-24,Grupo wizz,W46728,venice,15:40:00,Retrasado,239,Airbus A321neo,U,EU,Lunes,Tarde,0,0,Low_Cost,0.97
987,2025-11-24,Pegasus Airlines,PC1094,istanbul,15:45:00,Retrasado,220,Airbus A321,W,INT,Lunes,Tarde,0,0,Low_Cost,0.95
990,2025-11-24,Grupo wizz,W43564,timisoara,16:25:00,En hora,180,Airbus A320,U,EU,Lunes,Tarde,0,0,Low_Cost,0.95
991,2025-11-24,Volotea,V73735,murcia,16:35:00,En hora,180,Airbus A320,S,NAC,Lunes,Tarde,0,0,Low_Cost,0.95
996,2025-11-24,Grupo easy,U23372,liverpool,17:00:00,En hora,156,Airbus A319,M,INT,Lunes,Tarde,0,0,Low_Cost,0.92
999,2025-11-24,Grupo easy,EC7173,berlin,17:10:00,En hora,156,Airbus A319,R,EU,Lunes,Tarde,0,0,Low_Cost,0.97
1000,2025-11-24,Volotea,V73700,vitoria,17:15:00,En hora,156,Airbus A319,S,NAC,Lunes,Tarde,0,0,Low_Cost,0.95
1001,2025-11-24,Grupo wizz,W67920,kopitnari,17:15:00,En hora,239,Airbus A321neo,W,INT,Lunes,Tarde,0,0,Low_Cost,0.95
1004,2025-11-24,Grupo easy,EC3737,milan,17:35:00,En hora,180,Airbus A320,R,EU,Lunes,Tarde,0,0,Low_Cost,0.97
1005,2025-11-24,Grupo easy,EC7199,edinburgh,17:35:00,En hora,156,Airbus A319,M,INT,Lunes,Tarde,0,0,Low_Cost,0.97
1006,2025-11-24,Transavia,HV5134,amsterdam,17:50:00,En hora,232,Airbus A321neo,U,EU,Lunes,Tarde,0,0,Low_Cost,0.95
1009,2025-11-24,Grupo easy,EC7205,southampton,18:05:00,En hora,156,Airbus A319,M,INT,Lunes,Tarde,0,0,Low_Cost,0.95
1011,2025-11-24,Grupo wizz,W43686,iasi,18:30:00,En hora,180,Airbus A320,S,EU,Lunes,Tarde,0,0,Low_Cost,0.95
1013,2025-11-24,Grupo wizz,W61478,warsaw,19:00:00,Retrasado,239,Airbus A321neo,S,EU,Lunes,Tarde,0,0,Low_Cost,0.97
1017,2025-11-24,Eurowings,EW7521,hamburg,19:40:00,En hora,226,Airbus A321,U,EU,Lunes,Tarde,0,0,Low_Cost,0.95
1019,2025-11-24,Grupo wizz,W61706,gdansk,19:40:00,Retrasado,230,Airbus A321,U,EU,Lunes,Tarde,0,0,Low_Cost,0.97
1022,2025-11-24,Grupo easy,U28058,london,19:45:00,En hora,156,Airbus A319,M,INT,Lunes,Tarde,0,0,Low_Cost,0.97
1023,2025-11-24,Volotea,V71415,verona,19:55:00,En hora,180,Airbus A320,U,EU,Lunes,Tarde,0,0,Low_Cost,0.95
1024,2025-11-24,Grupo wizz,W64666,larnaca,19:55:00,En hora,230,Airbus A321,W,INT,Lunes,Tarde,0,0,Low_Cost,0.95
1026,2025-11-24,Air Arabia Maroc,3O378,tanger,20:05:00,En hora,174,Airbus A320,Y,INT,Lunes,Noche,0,0,Low_Cost,0.95
1030,2025-11-24,Grupo easy,EC1956,milan,20:15:00,Retrasado,180,Airbus A320,R,EU,Lunes,Noche,0,0,Low_Cost,0.97
1031,2025-11-24,Grupo wizz,W42940,vienna,20:20:00,En hora,239,Airbus A321neo,S,EU,Lunes,Noche,0,0,Low_Cost,0.97
1032,2025-11-24,Grupo easy,EC1010,"basel, switzerland/mulhouse",20:30:00,En hora,156,Airbus A319,R,EU,Lunes,Noche,0,0,Low_Cost,0.95
1033,2025-11-24,T'Way Air,TW408,seoul/incheon,20:30:00,Retrasado,246,Airbus A330-200,W,INT,Lunes,Noche,0,0,Low_Cost,0.95
1034,2025-11-24,Volotea,V72135,bordeaux,20:30:00,En hora,180,Airbus A320,U,EU,Lunes,Noche,0,0,Low_Cost,0.95
1037,2025-11-24,Transavia,TO4759,paris,20:45:00,En hora,186,Airbus A320neo,S,EU,Lunes,Noche,0,0,Low_Cost,0.97
1038,2025-11-24,Grupo wizz,W62378,budapest,20:45:00,Retrasado,239,Airbus A321neo,S,EU,Lunes,Noche,0,0,Low_Cost,0.97
1041,2025-11-24,Volotea,V72165,nantes/atlantique,20:50:00,Retrasado,156,Airbus A319,S,EU,Lunes,Noche,0,0,Low_Cost,0.95
1043,2025-11-24,Aer Lingus,EI565,dublin,21:05:00,En hora,174,Airbus A320,W,INT,Lunes,Noche,0,0,Low_Cost,0.96
1046,2025-11-24,Grupo easy,EC1380,geneva,21:20:00,Retrasado,180,Airbus A320,R,EU,Lunes,Noche,0,0,Low_Cost,0.95
1047,2025-11-24,Grupo wizz,W43178,bucharest,21:20:00,Retrasado,239,Airbus A321neo,S,EU,Lunes,Noche,0,0,Low_Cost,0.95
1048,2025-11-24,Grupo wizz,W43406,cluj-napoca,21:25:00,Retrasado,186,Airbus A320neo,S,EU,Lunes,Noche,0,0,Low_Cost,0.95
1051,2025-11-24,Grupo wizz,W46020,rome,21:35:00,Retrasado,239,Airbus A321neo,S,EU,Lunes,Noche,0,0,Low_Cost,0.96
1056,2025-11-24,Grupo easy,U22706,bristol,21:55:00,En hora,186,Airbus A320neo,M,INT,Lunes,Noche,0,0,Low_Cost,0.94
1057,2025-11-24,Grupo wizz,W64116,belgrade,21:55:00,Retrasado,230,Airbus A321,W,INT,Lunes,Noche,0,0,Low_Cost,0.95
1059,2025-11-24,Grupo wizz,W45154,tirana,22:45:00,En hora,239,Airbus A321neo,W,INT,Lunes,Noche,0,0,Low_Cost,0.95
1060,2025-11-25,Grupo easy,EC7105,geneva,06:00:00,En hora,156,Airbus A319,R,EU,Martes,Mañana,0,0,Low_Cost,0.95
1064,2025-11-25,Grupo easy,EC7101,"basel, switzerland/mulhouse",07:25:00,En hora,156,Airbus A319,R,EU,Martes,Mañana,0,0,Low_Cost,0.95
1065,2025-11-25,Grupo easy,EC8062,london,07:30:00,En hora,156,Airbus A319,M,INT,Martes,Mañana,0,0,Low_Cost,0.97
1069,2025-11-25,Grupo easy,EC3737,milan,08:00:00,En hora,180,Airbus A320,R,EU,Martes,Mañana,0,0,Low_Cost,0.97
1071,2025-11-25,Grupo wizz,W43938,chisinau,09:00:00,Retrasado,180,Airbus A320,Y,INT,Martes,Mañana,0,0,Low_Cost,0.95
1072,2025-11-25,Grupo wizz,W62048,krakow,09:05:00,En hora,230,Airbus A321,U,EU,Martes,Mañana,0,0,Low_Cost,0.97
1075,2025-11-25,Grupo wizz,W61914,vilnius,09:20:00,Retrasado,239,Airbus A321neo,U,EU,Martes,Mañana,0,0,Low_Cost,0.97
1076,2025-11-25,Grupo wizz,W43176,bucharest,09:25:00,Retrasado,239,Airbus A321neo,U,EU,Martes,Mañana,0,0,Low_Cost,0.95
1077,2025-11-25,Grupo wizz,W62376,budapest,09:25:00,Retrasado,239,Airbus A321neo,U,EU,Martes,Mañana,0,0,Low_Cost,0.97
1078,2025-11-25,Grupo wizz,W42938,vienna,09:35:00,Retrasado,239,Airbus A321neo,S,EU,Martes,Mañana,0,0,Low_Cost,0.97
1079,2025-11-25,Air Arabia Maroc,3O378,tanger,09:45:00,En hora,174,Airbus A320,Y,INT,Martes,Mañana,0,0,Low_Cost,0.95
1080,2025-11-25,Air Serbia,JU581,belgrade,09:55:00,Retrasado,144,Airbus A319,W,INT,Martes,Mañana,0,0,Legacy,0.86
1082,2025-11-25,Grupo wizz,W61476,warsaw,10:15:00,En hora,239,Airbus A321neo,U,EU,Martes,Mañana,0,0,Low_Cost,0.97
1085,2025-11-25,Azerbaijan Airlines,J246,baku,10:45:00,En hora,186,Airbus A320neo,W,INT,Martes,Mañana,0,0,Low_Cost,0.95
1086,2025-11-25,Aer Lingus,EI563,dublin,11:30:00,En hora,174,Airbus A320,Y,INT,Martes,Mañana,0,0,Low_Cost,0.96
1088,2025-11-25,Icelandair,FI597,keflavik,11:50:00,Retrasado,160,Boeing 737 MAX 8,U,EU,Martes,Mañana,0,0,Legacy,0.86
1090,2025-11-25,Grupo easy,EC7151,milan,12:20:00,En hora,156,Airbus A319,R,EU,Martes,Tarde,0,0,Low_Cost,0.97
1091,2025-11-25,Norwegian Air Sweden AOC,D83657,copenhagen,12:30:00,En hora,189,Boeing 737-800,S,EU,Martes,Tarde,0,0,Low_Cost,0.97
1093,2025-11-25,Pegasus Airlines,PC1092,istanbul,12:45:00,En hora,220,Airbus A321,W,INT,Martes,Tarde,0,0,Low_Cost,0.95
1095,2025-11-25,Norwegian Air Sweden AOC,D81741,oslo,13:25:00,En hora,189,Boeing 737-800,S,EU,Martes,Tarde,0,0,Low_Cost,0.95
1096,2025-11-25,FlyOne,5F5512,chisinau,13:30:00,En hora,180,Airbus A320,Y,INT,Martes,Tarde,0,0,Low_Cost,0.95
1099,2025-11-25,Kuwait Airways,KU136,kuwait city,14:25:00,En hora,278,Airbus A330-900,W,INT,Martes,Tarde,0,0,Legacy,0.86
1100,2025-11-25,Bluebird Airways,BZ251,tel aviv,14:45:00,En hora,180,Airbus A320,Y,INT,Martes,Tarde,0,0,Low_Cost,0.95
1105,2025-11-25,Transavia,HV5134,amsterdam,17:45:00,En hora,232,Airbus A321neo,U,EU,Martes,Tarde,0,0,Low_Cost,0.95
1107,2025-11-25,Grupo easy,EC7103,"basel, switzerland/mulhouse",18:10:00,En hora,156,Airbus A319,R,EU,Martes,Tarde,0,0,Low_Cost,0.95
1111,2025-11-25,Grupo wizz,W61176,katowice,18:55:00,En hora,230,Airbus A321,S,EU,Martes,Tarde,0,0,Low_Cost,0.95
1112,2025-11-25,Grupo wizz,W61478,warsaw,19:00:00,En hora,239,Airbus A321neo,U,EU,Martes,Tarde,0,0,Low_Cost,0.97
1114,2025-11-25,Eurowings,EW9443,dusseldorf,19:35:00,En hora,180,Airbus A320,U,EU,Martes,Tarde,0,0,Low_Cost,0.95
1115,2025-11-25,Grupo wizz,W64406,sofia,19:35:00,En hora,239,Airbus A321neo,U,EU,Martes,Tarde,0,0,Low_Cost,0.97
1116,2025-11-25,Grupo easy,U28058,london,19:45:00,Retrasado,156,Airbus A319,M,INT,Martes,Tarde,0,0,Low_Cost,0.97
1117,2025-11-25,Transavia,HV6790,eindhoven,19:55:00,Retrasado,189,Boeing 737-800,S,EU,Martes,Tarde,0,0,Low_Cost,0.95
1118,2025-11-25,Air Arabia Maroc,3O642,tanger,20:00:00,En hora,174,Airbus A320,Y,INT,Martes,Noche,0,0,Low_Cost,0.95
1119,2025-11-25,Grupo easy,EC1956,milan,20:15:00,En hora,180,Airbus A320,R,EU,Martes,Noche,0,0,Low_Cost,0.97
1121,2025-11-25,Transavia,TO4759,paris,20:45:00,En hora,186,Airbus A320neo,U,EU,Martes,Noche,0,0,Low_Cost,0.97
1122,2025-11-25,Grupo easy,EC1380,geneva,21:15:00,Retrasado,180,Airbus A320,R,EU,Martes,Noche,0,0,Low_Cost,0.95
1124,2025-11-25,Grupo wizz,W46020,rome,21:35:00,En hora,239,Airbus A321neo,U,EU,Martes,Noche,0,0,Low_Cost,0.96
1129,2025-11-26,Grupo easy,EC7105,geneva,06:10:00,Retrasado,156,Airbus A319,R,EU,Miércoles,Mañana,0,0,Low_Cost,0.95
1131,2025-11-26,Grupo easy,EC7193,leeds bradford,06:30:00,En hora,156,Airbus A319,M,INT,Miércoles,Mañana,0,0,Low_Cost,0.95
1135,2025-11-26,Grupo easy,EC7101,"basel, switzerland/mulhouse",07:20:00,En hora,156,Airbus A319,R,EU,Miércoles,Mañana,0,0,Low_Cost,0.95
1136,2025-11-26,Grupo easy,EC8062,london,07:20:00,En hora,156,Airbus A319,M,INT,Miércoles,Mañana,0,0,Low_Cost,0.97
1137,2025-11-26,Grupo easy,EC3737,milan,08:25:00,En hora,180,Airbus A320,R,EU,Miércoles,Mañana,0,0,Low_Cost,0.97
1138,2025-11-26,Grupo easy,EC7161,napoli,09:20:00,En hora,156,Airbus A319,R,EU,Miércoles,Mañana,0,0,Low_Cost,0.97
1139,2025-11-26,Grupo wizz,W43176,bucharest,09:25:00,En hora,230,Airbus A321,U,EU,Miércoles,Mañana,0,0,Low_Cost,0.95
1140,2025-11-26,Grupo wizz,W62376,budapest,09:25:00,En hora,239,Airbus A321neo,U,EU,Miércoles,Mañana,0,0,Low_Cost,0.97
1142,2025-11-26,Air Arabia Maroc,3O376,al aaroui,09:35:00,Retrasado,174,Airbus A320,Y,INT,Miércoles,Mañana,0,0,Low_Cost,0.93
1143,2025-11-26,Grupo wizz,W42940,vienna,09:35:00,En hora,239,Airbus A321neo,U,EU,Miércoles,Mañana,0,0,Low_Cost,0.97
1146,2025-11-26,Air Arabia Maroc,3O642,tanger,10:05:00,Retrasado,174,Airbus A320,Y,INT,Miércoles,Mañana,0,0,Low_Cost,0.95
1147,2025-11-26,Transavia,HV5132,amsterdam,10:05:00,En hora,232,Airbus A321neo,U,EU,Miércoles,Mañana,0,0,Low_Cost,0.95
1149,2025-11-26,Grupo wizz,W61476,warsaw,10:15:00,En hora,239,Airbus A321neo,U,EU,Miércoles,Mañana,0,0,Low_Cost,0.97
1151,2025-11-26,Air Baltic,BT878,tallinn,10:35:00,En hora,148,Airbus A220-300,U,EU,Miércoles,Mañana,0,0,Low_Cost,0.97
1153,2025-11-26,SkyUp MT,U5406,chisinau,10:50:00,En hora,149,Boeing 737-700,W,INT,Miércoles,Mañana,0,0,Low_Cost,0.95
1154,2025-11-26,Grupo easy,U22704,bristol,10:55:00,En hora,186,Airbus A320neo,M,INT,Miércoles,Mañana,0,0,Low_Cost,0.94
1156,2025-11-26,Aer Lingus,EI563,dublin,11:30:00,En hora,174,Airbus A320,Y,INT,Miércoles,Mañana,0,0,Low_Cost,0.96
1159,2025-11-26,Pegasus Airlines,PC1092,istanbul,12:45:00,Retrasado,239,Airbus A321neo,W,INT,Miércoles,Tarde,0,0,Low_Cost,0.95
1162,2025-11-26,Norwegian Air Sweden AOC,D81741,oslo,13:25:00,En hora,189,Boeing 737-800,U,EU,Miércoles,Tarde,0,0,Low_Cost,0.95
1163,2025-11-26,Eurowings,EW521,cologne-bonn,13:25:00,En hora,180,Airbus A320,S,EU,Miércoles,Tarde,0,0,Low_Cost,0.97
1164,2025-11-26,Luxair,LG3592,luxembourg,13:40:00,En hora,76,de Havilland Dash 8-400,U,EU,Miércoles,Tarde,0,0,Legacy,0.86
1165,2025-11-26,Turkish Airlines,TK608,ankara,13:40:00,En hora,165,Boeing 737-800,Y,INT,Miércoles,Tarde,0,0,Legacy,0.86
1166,2025-11-26,Bluebird Airways,BZ251,tel aviv,14:45:00,Retrasado,189,Boeing 737-800,W,INT,Miércoles,Tarde,0,0,Low_Cost,0.95
1167,2025-11-26,Norwegian Air Sweden AOC,D83659,copenhagen,14:45:00,En hora,189,Boeing 737 MAX 8,U,EU,Miércoles,Tarde,0,0,Low_Cost,0.97
1168,2025-11-26,Eurowings,EW2521,stuttgart,15:10:00,En hora,150,Airbus A319,S,EU,Miércoles,Tarde,0,0,Low_Cost,0.95
1171,2025-11-26,Grupo wizz,W46728,venice,15:40:00,En hora,239,Airbus A321neo,U,EU,Miércoles,Tarde,0,0,Low_Cost,0.97
1172,2025-11-26,Pegasus Airlines,PC1094,istanbul,15:45:00,Retrasado,220,Airbus A321,Y,INT,Miércoles,Tarde,0,0,Low_Cost,0.95
1173,2025-11-26,Volotea,V71415,verona,15:45:00,En hora,180,Airbus A320,U,EU,Miércoles,Tarde,0,0,Low_Cost,0.95
1175,2025-11-26,Transavia,TO4755,paris,16:45:00,Retrasado,186,Airbus A320neo,U,EU,Miércoles,Tarde,0,0,Low_Cost,0.97
1178,2025-11-26,Grupo wizz,W67920,kopitnari,17:15:00,En hora,239,Airbus A321neo,Y,INT,Miércoles,Tarde,0,0,Low_Cost,0.95
1180,2025-11-26,Iberojet,E9803,palmerola,17:40:00,En hora,432,Airbus A350-900,W,INT,Miércoles,Tarde,0,0,Low_Cost,0.95
1182,2025-11-26,Grupo wizz,W43686,iasi,18:30:00,En hora,180,Airbus A320,U,EU,Miércoles,Tarde,0,0,Low_Cost,0.95
1183,2025-11-26,Grupo easy,EC7103,"basel, switzerland/mulhouse",18:35:00,En hora,156,Airbus A319,R,EU,Miércoles,Tarde,0,0,Low_Cost,0.95
1184,2025-11-26,Grupo easy,EC7155,milan,19:00:00,En hora,156,Airbus A319,R,EU,Miércoles,Tarde,0,0,Low_Cost,0.97
1186,2025-11-26,Grupo wizz,W61478,warsaw,19:00:00,En hora,239,Airbus A321neo,U,EU,Miércoles,Tarde,0,0,Low_Cost,0.97
1190,2025-11-26,Eurowings,EW9443,dusseldorf,19:35:00,En hora,180,Airbus A320,U,EU,Miércoles,Tarde,0,0,Low_Cost,0.95
1192,2025-11-26,Transavia,HV6064,rotterdam,19:40:00,En hora,189,Boeing 737-800,U,EU,Miércoles,Tarde,0,0,Low_Cost,0.95
1193,2025-11-26,Grupo easy,U28058,london,19:45:00,Retrasado,156,Airbus A319,M,INT,Miércoles,Tarde,0,0,Low_Cost,0.97
1194,2025-11-26,Grupo wizz,W61706,gdansk,19:50:00,En hora,239,Airbus A321neo,U,EU,Miércoles,Tarde,0,0,Low_Cost,0.97
1198,2025-11-26,Grupo easy,EC1956,milan,20:15:00,En hora,180,Airbus A320,R,EU,Miércoles,Noche,0,0,Low_Cost,0.97
1199,2025-11-26,Air Arabia Maroc,3O378,tanger,20:20:00,Retrasado,174,Airbus A320,Y,INT,Miércoles,Noche,0,0,Low_Cost,0.95
1200,2025-11-26,T'Way Air,TW408,seoul/incheon,20:30:00,Retrasado,294,BOEING 777-300ER,Y,INT,Miércoles,Noche,0,0,Low_Cost,0.95
1201,2025-11-26,Air Serbia,JU585,belgrade,20:35:00,En hora,144,Airbus A319,Y,INT,Miércoles,Noche,0,0,Legacy,0.86
1202,2025-11-26,Grupo wizz,W62378,budapest,20:45:00,En hora,239,Airbus A321neo,U,EU,Miércoles,Noche,0,0,Low_Cost,0.97
1203,2025-11-26,Transavia,TO4759,paris,20:50:00,En hora,186,Airbus A320neo,U,EU,Miércoles,Noche,0,0,Low_Cost,0.97
1204,2025-11-26,Grupo easy,U22326,london,20:55:00,En hora,186,Airbus A320neo,M,INT,Miércoles,Noche,0,0,Low_Cost,0.97
1205,2025-11-26,Grupo easy,EC1380,geneva,21:15:00,Retrasado,180,Airbus A320,R,EU,Miércoles,Noche,0,0,Low_Cost,0.95
1206,2025-11-26,Grupo wizz,W43406,cluj-napoca,21:25:00,En hora,180,Airbus A320,U,EU,Miércoles,Noche,0,0,Low_Cost,0.95
1207,2025-11-26,Grupo wizz,W46020,rome,21:35:00,En hora,239,Airbus A321neo,U,EU,Miércoles,Noche,0,0,Low_Cost,0.96
1211,2025-11-27,Grupo easy,EC7105,geneva,06:10:00,En hora,156,Airbus A319,R,EU,Jueves,Mañana,0,0,Low_Cost,0.95
1213,2025-11-27,Grupo easy,EC7191,glasgow,06:40:00,En hora,156,Airbus A319,M,INT,Jueves,Mañana,0,0,Low_Cost,0.95
1218,2025-11-27,Grupo easy,EC7101,"basel, switzerland/mulhouse",07:30:00,En hora,156,Airbus A319,R,EU,Jueves,Mañana,0,0,Low_Cost,0.95
1219,2025-11-27,Grupo easy,EC7151,milan,07:30:00,En hora,156,Airbus A319,R,EU,Jueves,Mañana,0,0,Low_Cost,0.97
1221,2025-11-27,Norwegian Air Sweden AOC,D85510,copenhagen,07:55:00,En hora,189,Boeing 737-800,U,EU,Jueves,Mañana,0,0,Low_Cost,0.97
1226,2025-11-27,Grupo wizz,W43938,chisinau,09:00:00,En hora,180,Airbus A320,Y,INT,Jueves,Mañana,0,0,Low_Cost,0.95
1228,2025-11-27,Grupo wizz,W62048,krakow,09:05:00,En hora,239,Airbus A321neo,U,EU,Jueves,Mañana,0,0,Low_Cost,0.97
1230,2025-11-27,Grupo wizz,W61914,vilnius,09:20:00,En hora,239,Airbus A321neo,U,EU,Jueves,Mañana,0,0,Low_Cost,0.97
1231,2025-11-27,Grupo wizz,W43176,bucharest,09:25:00,En hora,239,Airbus A321neo,U,EU,Jueves,Mañana,0,0,Low_Cost,0.95
1232,2025-11-27,Grupo wizz,W62376,budapest,09:25:00,En hora,239,Airbus A321neo,U,EU,Jueves,Mañana,0,0,Low_Cost,0.97
1234,2025-11-27,Grupo wizz,W42938,vienna,09:35:00,En hora,230,Airbus A321,S,EU,Jueves,Mañana,0,0,Low_Cost,0.97
1235,2025-11-27,Air Serbia,JU581,belgrade,09:55:00,En hora,144,Airbus A319,Y,INT,Jueves,Mañana,0,0,Legacy,0.86
1236,2025-11-27,Grupo easy,EC7656,lisbon,10:00:00,En hora,230,Airbus A321,R,EU,Jueves,Mañana,0,0,Low_Cost,0.97
1238,2025-11-27,Transavia,HV5132,amsterdam,10:05:00,En hora,232,Airbus A321neo,U,EU,Jueves,Mañana,0,0,Low_Cost,0.95
1239,2025-11-27,Grupo wizz,W61476,warsaw,10:15:00,En hora,239,Airbus A321neo,U,EU,Jueves,Mañana,0,0,Low_Cost,0.97
1243,2025-11-27,Grupo easy,U28056,london,10:35:00,En hora,180,Airbus A320,M,INT,Jueves,Mañana,0,0,Low_Cost,0.97
1244,2025-11-27,Grupo easy,U25716,southend,10:40:00,En hora,186,Airbus A320neo,M,INT,Jueves,Mañana,0,0,Low_Cost,0.95
1245,2025-11-27,Azerbaijan Airlines,J246,baku,10:45:00,En hora,186,Airbus A320neo,W,INT,Jueves,Mañana,0,0,Low_Cost,0.95
1248,2025-11-27,Grupo easy,U22704,bristol,11:05:00,En hora,180,Airbus A320,M,INT,Jueves,Mañana,0,0,Low_Cost,0.93
1252,2025-11-27,Aer Lingus,EI563,dublin,11:30:00,Retrasado,174,Airbus A320,W,INT,Jueves,Mañana,0,0,Low_Cost,0.96
1253,2025-11-27,Grupo easy,EC7131,nice/cote d'azur,12:00:00,En hora,156,Airbus A319,R,EU,Jueves,Tarde,0,0,Low_Cost,0.95
1254,2025-11-27,Grupo easy,EC8064,london,12:10:00,En hora,156,Airbus A319,M,INT,Jueves,Tarde,0,0,Low_Cost,0.97
1257,2025-11-27,Pegasus Airlines,PC1092,istanbul,12:45:00,Retrasado,239,Airbus A321neo,Y,INT,Jueves,Tarde,0,0,Low_Cost,0.95
1258,2025-11-27,Grupo wizz,W67022,bratislava,12:55:00,En hora,239,Airbus A321neo,U,EU,Jueves,Tarde,0,0,Low_Cost,0.95
1260,2025-11-27,Volotea,V71445,olbia,13:05:00,En hora,180,Airbus A320,S,EU,Jueves,Tarde,0,0,Low_Cost,0.95
1261,2025-11-27,Norwegian Air Shuttle,DY1741,oslo,13:25:00,En hora,189,Boeing 737-800,S,EU,Jueves,Tarde,0,0,Low_Cost,0.95
1263,2025-11-27,Luxair,LG3592,luxembourg,13:35:00,Retrasado,76,de Havilland Dash 8-400,U,EU,Jueves,Tarde,0,0,Legacy,0.86
1267,2025-11-27,Transavia,TO4755,paris,13:45:00,En hora,189,Boeing 737-800,U,EU,Jueves,Tarde,0,0,Low_Cost,0.97
1268,2025-11-27,Jet2,LS804,manchester,13:50:00,En hora,189,Boeing 737-800,Y,INT,Jueves,Tarde,0,0,Low_Cost,0.97
1270,2025-11-27,Air Baltic,BT684,riga,14:05:00,En hora,148,Airbus A220-300,S,EU,Jueves,Tarde,0,0,Low_Cost,0.97
1271,2025-11-27,Grupo easy,EC7153,milan,14:10:00,En hora,156,Airbus A319,R,EU,Jueves,Tarde,0,0,Low_Cost,0.97
1272,2025-11-27,SunExpress,XQ895,izmir,14:15:00,En hora,189,Boeing 737-800,Y,INT,Jueves,Tarde,0,0,Low_Cost,0.95
1273,2025-11-27,Kuwait Airways,KU136,kuwait city,14:25:00,En hora,278,Airbus A330-900,W,INT,Jueves,Tarde,0,0,Legacy,0.86
1274,2025-11-27,Norwegian Air Sweden AOC,D85502,stockholm,14:40:00,En hora,189,Boeing 737-800,U,EU,Jueves,Tarde,0,0,Low_Cost,0.97
1275,2025-11-27,Bluebird Airways,BZ251,tel aviv,14:45:00,En hora,189,Boeing 737-800,W,INT,Jueves,Tarde,0,0,Low_Cost,0.95
1276,2025-11-27,SmartWings,QS1059,prague,14:55:00,En hora,149,Airbus A220-300,U,EU,Jueves,Tarde,0,0,Low_Cost,0.97
1279,2025-11-27,Grupo wizz,W46728,venice,15:40:00,En hora,239,Airbus A321neo,S,EU,Jueves,Tarde,0,0,Low_Cost,0.97
1281,2025-11-27,Volotea,V73573,asturias,16:05:00,En hora,156,Airbus A319,S,NAC,Jueves,Tarde,0,0,Low_Cost,0.95
1282,2025-11-27,Volotea,V73700,vitoria,16:15:00,En hora,180,Airbus A320,S,NAC,Jueves,Tarde,0,0,Low_Cost,0.95
1286,2025-11-27,Grupo easy,EC1378,geneva,16:50:00,Retrasado,180,Airbus A320,R,EU,Jueves,Tarde,0,0,Low_Cost,0.95
1288,2025-11-27,Grupo easy,EC7173,berlin,17:25:00,En hora,156,Airbus A319,R,EU,Jueves,Tarde,0,0,Low_Cost,0.97
1290,2025-11-27,Volotea,V72327,strasbourg,17:30:00,En hora,180,Airbus A320,S,EU,Jueves,Tarde,0,0,Low_Cost,0.95
1291,2025-11-27,Transavia,HV5136,amsterdam,17:45:00,En hora,189,Boeing 737-800,U,EU,Jueves,Tarde,0,0,Low_Cost,0.95
1295,2025-11-27,Grupo easy,EC7139,rennes/saint-jacques,18:15:00,En hora,180,Airbus A320,R,EU,Jueves,Tarde,0,0,Low_Cost,0.95
1298,2025-11-27,Grupo easy,EC7103,"basel, switzerland/mulhouse",18:40:00,En hora,156,Airbus A319,R,EU,Jueves,Tarde,0,0,Low_Cost,0.95
1300,2025-11-27,Grupo wizz,W43180,bucharest,18:45:00,En hora,230,Airbus A321,S,EU,Jueves,Tarde,0,0,Low_Cost,0.95
1301,2025-11-27,Grupo wizz,W61176,katowice,18:55:00,En hora,180,Airbus A320,U,EU,Jueves,Tarde,0,0,Low_Cost,0.95
1303,2025-11-27,Grupo easy,EC7155,milan,19:15:00,En hora,156,Airbus A319,R,EU,Jueves,Tarde,0,0,Low_Cost,0.97
1306,2025-11-27,Grupo wizz,W64406,sofia,19:35:00,En hora,239,Airbus A321neo,U,EU,Jueves,Tarde,0,0,Low_Cost,0.97
1307,2025-11-27,Air Arabia Maroc,3O378,tanger,19:40:00,Retrasado,174,Airbus A320,Y,INT,Jueves,Tarde,0,0,Low_Cost,0.95
1308,2025-11-27,Eurowings,EW2521,stuttgart,19:40:00,Retrasado,232,Airbus A321neo,S,EU,Jueves,Tarde,0,0,Low_Cost,0.95
1309,2025-11-27,Grupo wizz,W61478,warsaw,19:40:00,En hora,239,Airbus A321neo,U,EU,Jueves,Tarde,0,0,Low_Cost,0.97
1311,2025-11-27,Grupo easy,U28058,london,19:45:00,En hora,156,Airbus A319,M,INT,Jueves,Tarde,0,0,Low_Cost,0.97
1313,2025-11-27,Volotea,V72167,lille/lesquin,19:55:00,En hora,180,Airbus A320,S,EU,Jueves,Tarde,0,0,Low_Cost,0.95
1314,2025-11-27,Transavia,HV6788,eindhoven,20:00:00,En hora,189,Boeing 737-800,U,EU,Jueves,Noche,0,0,Low_Cost,0.95
1315,2025-11-27,Grupo easy,EC1956,milan,20:15:00,En hora,180,Airbus A320,R,EU,Jueves,Noche,0,0,Low_Cost,0.97
1316,2025-11-27,Air Arabia Maroc,3O376,al aaroui,20:25:00,Retrasado,174,Airbus A320,Y,INT,Jueves,Noche,0,0,Low_Cost,0.93
1319,2025-11-27,Grupo wizz,W62378,budapest,20:45:00,En hora,239,Airbus A321neo,S,EU,Jueves,Noche,0,0,Low_Cost,0.97
1320,2025-11-27,Transavia,TO4759,paris,20:50:00,En hora,186,Airbus A320neo,U,EU,Jueves,Noche,0,0,Low_Cost,0.97
1321,2025-11-27,Grupo easy,U22324,london,20:55:00,En hora,186,Airbus A320neo,M,INT,Jueves,Noche,0,0,Low_Cost,0.97
1322,2025-11-27,Grupo wizz,W64738,skopje,20:55:00,En hora,239,Airbus A321neo,W,INT,Jueves,Noche,0,0,Low_Cost,0.95
1324,2025-11-27,Aer Lingus,EI565,dublin,21:05:00,En hora,174,Airbus A320,Y,INT,Jueves,Noche,0,0,Low_Cost,0.96
1325,2025-11-27,Grupo easy,EC1380,geneva,21:15:00,Retrasado,180,Airbus A320,R,EU,Jueves,Noche,0,0,Low_Cost,0.95
1327,2025-11-27,Grupo wizz,W43178,bucharest,21:20:00,En hora,230,Airbus A321,S,EU,Jueves,Noche,0,0,Low_Cost,0.95
1328,2025-11-27,Grupo wizz,W43406,cluj-napoca,21:25:00,En hora,180,Airbus A320,R,EU,Jueves,Noche,0,0,Low_Cost,0.95
1331,2025-11-27,Grupo wizz,W46020,rome,21:35:00,En hora,230,Airbus A321,S,EU,Jueves,Noche,0,0,Low_Cost,0.96
1332,2025-11-27,Grupo wizz,W64116,belgrade,22:10:00,Retrasado,239,Airbus A321neo,W,INT,Jueves,Noche,0,0,Low_Cost,0.95
1333,2025-11-27,Grupo wizz,W45154,tirana,22:45:00,En hora,230,Airbus A321,Y,INT,Jueves,Noche,0,0,Low_Cost,0.95
1334,2025-11-28,Grupo easy,EC7105,geneva,06:10:00,En hora,156,Airbus A319,R,EU,Viernes,Mañana,0,0,Low_Cost,0.95
1341,2025-11-28,Grupo easy,EC7101,"basel, switzerland/mulhouse",07:20:00,En hora,156,Airbus A319,R,EU,Viernes,Mañana,0,0,Low_Cost,0.95
1342,2025-11-28,Grupo easy,EC7199,edinburgh,07:20:00,En hora,156,Airbus A319,M,INT,Viernes,Mañana,0,0,Low_Cost,0.97
1344,2025-11-28,Norwegian Air Sweden AOC,D85502,stockholm,08:00:00,En hora,189,Boeing 737-800,U,EU,Viernes,Mañana,0,0,Low_Cost,0.97
1348,2025-11-28,Grupo easy,EC1376,geneva,08:40:00,En hora,156,Airbus A319,R,EU,Viernes,Mañana,0,0,Low_Cost,0.95
1351,2025-11-28,Grupo wizz,W62048,krakow,09:05:00,Retrasado,239,Airbus A321neo,S,EU,Viernes,Mañana,0,0,Low_Cost,0.97
1352,2025-11-28,Grupo easy,EC3737,milan,09:10:00,Retrasado,180,Airbus A320,R,EU,Viernes,Mañana,0,0,Low_Cost,0.97
1354,2025-11-28,Air Arabia Maroc,3O374,casablanca,09:25:00,En hora,174,Airbus A320,W,INT,Viernes,Mañana,0,0,Low_Cost,0.95
1356,2025-11-28,Grupo wizz,W43176,bucharest,09:25:00,En hora,230,Airbus A321,S,EU,Viernes,Mañana,0,0,Low_Cost,0.95
1357,2025-11-28,Grupo wizz,W45088,tirana,09:25:00,En hora,230,Airbus A321,Y,INT,Viernes,Mañana,0,0,Low_Cost,0.95
1358,2025-11-28,Grupo wizz,W62376,budapest,09:25:00,En hora,239,Airbus A321neo,U,EU,Viernes,Mañana,0,0,Low_Cost,0.97
1361,2025-11-28,Transavia,HV6788,eindhoven,09:45:00,En hora,189,Boeing 737-800,R,EU,Viernes,Mañana,0,0,Low_Cost,0.95
1362,2025-11-28,Grupo easy,U26654,birmingham,09:45:00,Retrasado,180,Airbus A320,M,INT,Viernes,Mañana,0,0,Low_Cost,0.97
1363,2025-11-28,Air Arabia Maroc,3O378,tanger,09:50:00,En hora,174,Airbus A320,W,INT,Viernes,Mañana,0,0,Low_Cost,0.95
1364,2025-11-28,Grupo easy,EC7656,lisbon,09:55:00,Retrasado,230,Airbus A321,R,EU,Viernes,Mañana,0,0,Low_Cost,0.97
1365,2025-11-28,Air Serbia,JU581,belgrade,09:55:00,En hora,144,Airbus A319,Y,INT,Viernes,Mañana,0,0,Legacy,0.86
1367,2025-11-28,Grupo wizz,W46018,rome,10:00:00,Retrasado,239,Airbus A321neo,S,EU,Viernes,Mañana,0,0,Low_Cost,0.96
1369,2025-11-28,Transavia,HV5132,amsterdam,10:05:00,Retrasado,232,Airbus A321neo,U,EU,Viernes,Mañana,0,0,Low_Cost,0.95
1370,2025-11-28,Eurowings,EW7521,hamburg,10:10:00,En hora,180,Airbus A320,S,EU,Viernes,Mañana,0,0,Low_Cost,0.95
1371,2025-11-28,Grupo wizz,W61476,warsaw,10:15:00,En hora,239,Airbus A321neo,S,EU,Viernes,Mañana,0,0,Low_Cost,0.97
1373,2025-11-28,Grupo easy,U22002,manchester,10:25:00,En hora,186,Airbus A320neo,M,INT,Viernes,Mañana,0,0,Low_Cost,0.97
1374,2025-11-28,Grupo easy,EC7131,nice/cote d'azur,10:30:00,Retrasado,156,Airbus A319,R,EU,Viernes,Mañana,0,0,Low_Cost,0.95
1376,2025-11-28,Grupo easy,EC4212,napoli,10:35:00,En hora,180,Airbus A320,R,EU,Viernes,Mañana,0,0,Low_Cost,0.97
1377,2025-11-28,Transavia,HV6064,rotterdam,10:40:00,En hora,189,Boeing 737-800,U,EU,Viernes,Mañana,0,0,Low_Cost,0.95
1378,2025-11-28,Grupo easy,U22704,bristol,10:50:00,Retrasado,186,Airbus A320neo,M,INT,Viernes,Mañana,0,0,Low_Cost,0.94
1382,2025-11-28,FLYONE Armenia,3F232,yerevan,11:30:00,En hora,180,Airbus A320,W,INT,Viernes,Mañana,0,0,Low_Cost,0.95
1383,2025-11-28,Aer Lingus,EI563,dublin,11:35:00,En hora,174,Airbus A320,Y,INT,Viernes,Mañana,0,0,Low_Cost,0.96
1386,2025-11-28,Grupo easy,EC7141,strasbourg,11:45:00,En hora,156,Airbus A319,R,EU,Viernes,Mañana,0,0,Low_Cost,0.95
1388,2025-11-28,Grupo easy,U28056,london,11:45:00,En hora,156,Airbus A319,M,INT,Viernes,Mañana,0,0,Low_Cost,0.97
1389,2025-11-28,Icelandair,FI597,keflavik,11:50:00,Retrasado,184,Boeing 757-200,S,EU,Viernes,Mañana,0,0,Legacy,0.86
1391,2025-11-28,Grupo easy,EC8064,london,12:15:00,Retrasado,156,Airbus A319,M,INT,Viernes,Tarde,0,0,Low_Cost,0.97
1393,2025-11-28,Norwegian Air Sweden AOC,D83657,copenhagen,12:30:00,Retrasado,189,Boeing 737 MAX 8,U,EU,Viernes,Tarde,0,0,Low_Cost,0.97
1396,2025-11-28,Pegasus Airlines,PC1092,istanbul,12:45:00,En hora,239,Airbus A321neo,Y,INT,Viernes,Tarde,0,0,Low_Cost,0.95
1398,2025-11-28,Grupo wizz,W67022,bratislava,12:55:00,Retrasado,230,Airbus A321,S,EU,Viernes,Tarde,0,0,Low_Cost,0.95
1399,2025-11-28,Grupo wizz,W46330,milan,13:10:00,Retrasado,239,Airbus A321neo,S,EU,Viernes,Tarde,0,0,Low_Cost,0.97
1400,2025-11-28,HiSky,H4264,bucharest,13:20:00,En hora,186,Airbus A320,R,EU,Viernes,Tarde,0,0,Low_Cost,0.95
1401,2025-11-28,Norwegian Air Shuttle,DY1741,oslo,13:25:00,En hora,189,Boeing 737-800,S,EU,Viernes,Tarde,0,0,Low_Cost,0.95
1402,2025-11-28,Pegasus Airlines,PC1528,izmir,13:30:00,En hora,180,Airbus A320,Y,INT,Viernes,Tarde,0,0,Low_Cost,0.95
1403,2025-11-28,Turkish Airlines,TK608,ankara,13:40:00,En hora,165,Boeing 737-800,W,INT,Viernes,Tarde,0,0,Legacy,0.86
1405,2025-11-28,Jet2,LS804,manchester,13:50:00,Retrasado,189,Boeing 737-800,W,INT,Viernes,Tarde,0,0,Low_Cost,0.97
1407,2025-11-28,Air Baltic,BT684,riga,14:05:00,En hora,148,Airbus A220-300,U,EU,Viernes,Tarde,0,0,Low_Cost,0.97
1408,2025-11-28,Grupo easy,EC7153,milan,14:20:00,En hora,156,Airbus A319,R,EU,Viernes,Tarde,0,0,Low_Cost,0.97
1410,2025-11-28,Transavia,TO4755,paris,14:20:00,Retrasado,186,Airbus A320neo,U,EU,Viernes,Tarde,0,0,Low_Cost,0.97
1412,2025-11-28,Grupo easy,EC7107,geneva,14:40:00,En hora,156,Airbus A319,R,EU,Viernes,Tarde,0,0,Low_Cost,0.95
1413,2025-11-28,Volotea,V71443,ancona,14:45:00,En hora,180,Airbus A320,S,EU,Viernes,Tarde,0,0,Low_Cost,0.95
1414,2025-11-28,Grupo wizz,W64406,sofia,14:50:00,Retrasado,239,Airbus A321neo,R,EU,Viernes,Tarde,0,0,Low_Cost,0.97
1417,2025-11-28,SmartWings,QS1059,prague,14:55:00,En hora,149,Airbus A220-300,U,EU,Viernes,Tarde,0,0,Low_Cost,0.97
1420,2025-11-28,Volotea,V73735,corvera,15:15:00,En hora,156,Airbus A319,S,EU,Viernes,Tarde,0,0,Low_Cost,0.95
1422,2025-11-28,Grupo wizz,W46728,venice,15:40:00,En hora,239,Airbus A321neo,S,EU,Viernes,Tarde,0,0,Low_Cost,0.97
1423,2025-11-28,Pegasus Airlines,PC1094,istanbul,15:45:00,Retrasado,239,Airbus A321neo,Y,INT,Viernes,Tarde,0,0,Low_Cost,0.95
1425,2025-11-28,Norwegian Air Sweden AOC,D85510,copenhagen,16:15:00,En hora,189,Boeing 737-800,U,EU,Viernes,Tarde,0,0,Low_Cost,0.97
1428,2025-11-28,Grupo wizz,W43564,timisoara,16:25:00,En hora,180,Airbus A320,S,EU,Viernes,Tarde,0,0,Low_Cost,0.95
1430,2025-11-28,Grupo easy,EC7173,berlin,16:50:00,Retrasado,156,Airbus A319,R,EU,Viernes,Tarde,0,0,Low_Cost,0.97
1431,2025-11-28,Volotea,V73700,vitoria,16:50:00,En hora,180,Airbus A320,S,NAC,Viernes,Tarde,0,0,Low_Cost,0.95
1434,2025-11-28,Grupo wizz,W67920,kopitnari,17:15:00,En hora,239,Airbus A321neo,Y,INT,Viernes,Tarde,0,0,Low_Cost,0.95
1436,2025-11-28,Volotea,V73573,asturias,17:40:00,En hora,156,Airbus A319,S,NAC,Viernes,Tarde,0,0,Low_Cost,0.95
1437,2025-11-28,Transavia,HV5134,amsterdam,17:45:00,Retrasado,189,Boeing 737-800,U,EU,Viernes,Tarde,0,0,Low_Cost,0.95
1440,2025-11-28,Grupo easy,EC7205,southampton,18:10:00,En hora,156,Airbus A319,M,INT,Viernes,Tarde,0,0,Low_Cost,0.95
1441,2025-11-28,Air Arabia Maroc,3O398,rabat,18:30:00,Retrasado,174,Airbus A320,W,INT,Viernes,Tarde,0,0,Low_Cost,0.9
1442,2025-11-28,FlyOne,5F5512,chisinau,18:30:00,En hora,180,Airbus A320,Y,INT,Viernes,Tarde,0,0,Low_Cost,0.95
1443,2025-11-28,Grupo wizz,W43686,iasi,18:30:00,En hora,180,Airbus A320,S,EU,Viernes,Tarde,0,0,Low_Cost,0.95
1445,2025-11-28,Grupo easy,EC7103,"basel, switzerland/mulhouse",18:45:00,En hora,156,Airbus A319,R,EU,Viernes,Tarde,0,0,Low_Cost,0.95
1447,2025-11-28,Grupo wizz,W61478,warsaw,19:00:00,En hora,230,Airbus A321,S,EU,Viernes,Tarde,0,0,Low_Cost,0.97
1448,2025-11-28,Grupo easy,EC7155,milan,19:10:00,En hora,156,Airbus A319,R,EU,Viernes,Tarde,0,0,Low_Cost,0.97
1452,2025-11-28,Volotea,V72165,nantes/atlantique,19:30:00,En hora,156,Airbus A319,S,EU,Viernes,Tarde,0,0,Low_Cost,0.95
1453,2025-11-28,Eurowings,EW9443,dusseldorf,19:35:00,Retrasado,232,Airbus A321neo,U,EU,Viernes,Tarde,0,0,Low_Cost,0.95
1456,2025-11-28,Grupo easy,U28058,london,19:40:00,En hora,156,Airbus A319,M,INT,Viernes,Tarde,0,0,Low_Cost,0.97
1458,2025-11-28,Eurowings,EW2521,stuttgart,19:55:00,Retrasado,232,Airbus A321neo,U,EU,Viernes,Tarde,0,0,Low_Cost,0.95
1459,2025-11-28,Volotea,V71415,verona,19:55:00,En hora,180,Airbus A320,S,EU,Viernes,Tarde,0,0,Low_Cost,0.95
1460,2025-11-28,Grupo wizz,W64666,larnaca,19:55:00,En hora,230,Airbus A321,Y,INT,Viernes,Tarde,0,0,Low_Cost,0.95
1465,2025-11-28,Grupo wizz,W62096,krakow,20:10:00,En hora,239,Airbus A321neo,S,EU,Viernes,Noche,0,0,Low_Cost,0.97
1466,2025-11-28,Grupo easy,EC1956,milan,20:15:00,En hora,180,Airbus A320,R,EU,Viernes,Noche,0,0,Low_Cost,0.97
1467,2025-11-28,Grupo wizz,W42940,vienna,20:20:00,En hora,239,Airbus A321neo,S,EU,Viernes,Noche,0,0,Low_Cost,0.97
1469,2025-11-28,T'Way Air,TW408,seoul/incheon,20:30:00,En hora,246,Airbus A330-200,W,INT,Viernes,Noche,0,0,Low_Cost,0.95
1470,2025-11-28,Volotea,V72135,bordeaux,20:30:00,Retrasado,180,Airbus A320,S,EU,Viernes,Noche,0,0,Low_Cost,0.95
1473,2025-11-28,Air Serbia,JU585,belgrade,20:35:00,En hora,144,Airbus A319,Y,INT,Viernes,Noche,0,0,Legacy,0.86
1475,2025-11-28,Luxair,LG3592,luxembourg,20:40:00,Retrasado,141,Boeing 737-700,R,EU,Viernes,Noche,0,0,Legacy,0.86
1476,2025-11-28,Grupo wizz,W62378,budapest,20:45:00,Retrasado,239,Airbus A321neo,S,EU,Viernes,Noche,0,0,Low_Cost,0.97
1478,2025-11-28,Transavia,TO4759,paris,20:50:00,Retrasado,186,Airbus A320neo,U,EU,Viernes,Noche,0,0,Low_Cost,0.97
1479,2025-11-28,Grupo easy,U22326,london,20:55:00,En hora,186,Airbus A320neo,M,INT,Viernes,Noche,0,0,Low_Cost,0.97
1481,2025-11-28,Aer Lingus,EI565,dublin,21:05:00,Retrasado,174,Airbus A320,Y,INT,Viernes,Noche,0,0,Low_Cost,0.96
1482,2025-11-28,Grupo easy,U23374,liverpool,21:05:00,Retrasado,180,Airbus A320,M,INT,Viernes,Noche,0,0,Low_Cost,0.92
1484,2025-11-28,Grupo easy,EC1380,geneva,21:15:00,En hora,180,Airbus A320,R,EU,Viernes,Noche,0,0,Low_Cost,0.95
1485,2025-11-28,Grupo wizz,W43178,bucharest,21:20:00,En hora,230,Airbus A321,S,EU,Viernes,Noche,0,0,Low_Cost,0.95
1486,2025-11-28,Grupo wizz,W43406,cluj-napoca,21:25:00,En hora,180,Airbus A320,S,EU,Viernes,Noche,0,0,Low_Cost,0.95
1489,2025-11-28,Grupo wizz,W46020,rome,21:35:00,En hora,239,Airbus A321neo,S,EU,Viernes,Noche,0,0,Low_Cost,0.96
1492,2025-11-28,Grupo easy,EC7682,lisbon,21:45:00,En hora,230,Airbus A321,R,EU,Viernes,Noche,0,0,Low_Cost,0.97
1496,2025-11-28,Grupo wizz,W64116,belgrade,21:55:00,En hora,230,Airbus A321,W,INT,Viernes,Noche,0,0,Low_Cost,0.95
1498,2025-11-28,Grupo wizz,W45154,tirana,22:45:00,En hora,239,Airbus A321neo,Y,INT,Viernes,Noche,0,0,Low_Cost,0.95
1499,2025-11-28,Grupo wizz,W61706,gdansk,22:50:00,En hora,239,Airbus A321neo,S,EU,Viernes,Noche,0,0,Low_Cost,0.96
1502,2025-11-29,Grupo easy,EC7105,geneva,06:10:00,En hora,156,Airbus A319,R,EU,Sábado,Mañana,0,0,Low_Cost,0.95
1507,2025-11-29,Grupo easy,EC7151,milan,07:30:00,En hora,156,Airbus A319,R,EU,Sábado,Mañana,0,0,Low_Cost,0.97
1510,2025-11-29,Air Arabia Maroc,3O376,al aaroui,08:35:00,En hora,174,Airbus A320,W,INT,Sábado,Mañana,0,0,Low_Cost,0.92
1514,2025-11-29,Grupo wizz,W43938,chisinau,09:00:00,Retrasado,180,Airbus A320,W,INT,Sábado,Mañana,0,0,Low_Cost,0.95
1515,2025-11-29,Grupo wizz,W62048,krakow,09:05:00,En hora,239,Airbus A321neo,S,EU,Sábado,Mañana,0,0,Low_Cost,0.97
1520,2025-11-29,Grupo wizz,W61914,vilnius,09:20:00,Retrasado,239,Airbus A321neo,S,EU,Sábado,Mañana,0,0,Low_Cost,0.97
1521,2025-11-29,Grupo wizz,W43176,bucharest,09:25:00,Retrasado,239,Airbus A321neo,U,EU,Sábado,Mañana,0,0,Low_Cost,0.95
1522,2025-11-29,Grupo wizz,W62376,budapest,09:25:00,Retrasado,239,Airbus A321neo,S,EU,Sábado,Mañana,0,0,Low_Cost,0.97
1524,2025-11-29,Grupo wizz,W42938,vienna,09:35:00,En hora,239,Airbus A321neo,U,EU,Sábado,Mañana,0,0,Low_Cost,0.97
1525,2025-11-29,Air Serbia,JU581,belgrade,09:55:00,Retrasado,144,Airbus A319,W,INT,Sábado,Mañana,0,0,Legacy,0.86
1527,2025-11-29,Grupo wizz,W46018,rome,10:00:00,En hora,239,Airbus A321neo,U,EU,Sábado,Mañana,0,0,Low_Cost,0.96
1528,2025-11-29,Transavia,HV5132,amsterdam,10:05:00,En hora,232,Airbus A321neo,U,EU,Sábado,Mañana,0,0,Low_Cost,0.95
1529,2025-11-29,Grupo wizz,W61476,warsaw,10:15:00,En hora,239,Airbus A321neo,U,EU,Sábado,Mañana,0,0,Low_Cost,0.97
1531,2025-11-29,Grupo easy,U22326,london,10:20:00,En hora,156,Airbus A319,M,INT,Sábado,Mañana,0,0,Low_Cost,0.97
1535,2025-11-29,Grupo easy,U28056,london,10:35:00,En hora,156,Airbus A319,M,INT,Sábado,Mañana,0,0,Low_Cost,0.97
1536,2025-11-29,Azerbaijan Airlines,J246,baku,10:45:00,Retrasado,122,Airbus A319,W,INT,Sábado,Mañana,0,0,Low_Cost,0.95
1537,2025-11-29,SkyUp MT,U5406,chisinau,10:50:00,En hora,149,Boeing 737-700,W,INT,Sábado,Mañana,0,0,Low_Cost,0.95
1538,2025-11-29,Grupo easy,U22704,bristol,10:55:00,En hora,186,Airbus A320neo,M,INT,Sábado,Mañana,0,0,Low_Cost,0.94
1541,2025-11-29,Grupo easy,EC7193,leeds bradford,11:30:00,En hora,156,Airbus A319,M,INT,Sábado,Mañana,0,0,Low_Cost,0.95
1542,2025-11-29,Aer Lingus,EI563,dublin,11:30:00,Retrasado,174,Airbus A320,Y,INT,Sábado,Mañana,0,0,Low_Cost,0.96
1545,2025-11-29,Grupo easy,EC8064,london,12:10:00,En hora,156,Airbus A319,M,INT,Sábado,Tarde,0,0,Low_Cost,0.97
1547,2025-11-29,Pegasus Airlines,PC1092,istanbul,12:45:00,Retrasado,220,Airbus A321,W,INT,Sábado,Tarde,0,0,Low_Cost,0.95
1548,2025-11-29,Grupo wizz,W67022,bratislava,12:55:00,En hora,239,Airbus A321neo,U,EU,Sábado,Tarde,0,0,Low_Cost,0.95
1550,2025-11-29,Boliviana de Aviacion,OB775,santa cruz,13:10:00,Retrasado,246,Airbus A330-200,Y,INT,Sábado,Tarde,0,0,Legacy,0.86
1551,2025-11-29,Grupo wizz,W46330,milan,13:10:00,En hora,239,Airbus A321neo,S,EU,Sábado,Tarde,0,0,Low_Cost,0.97
1552,2025-11-29,Grupo easy,EC7101,"basel, switzerland/mulhouse",13:20:00,En hora,156,Airbus A319,R,EU,Sábado,Tarde,0,0,Low_Cost,0.95
1556,2025-11-29,Air Arabia Maroc,3O378,tanger,13:35:00,Retrasado,174,Airbus A320,W,INT,Sábado,Tarde,0,0,Low_Cost,0.95
1557,2025-11-29,Grupo easy,EC7153,milan,13:35:00,En hora,156,Airbus A319,R,EU,Sábado,Tarde,0,0,Low_Cost,0.97
1558,2025-11-29,AJet 608,VF608,ankara,13:40:00,En hora,186,Airbus A320,W,INT,Sábado,Tarde,0,0,Low_Cost,0.95
1560,2025-11-29,Air Baltic,BT684,riga,14:05:00,Retrasado,148,Airbus A220-300,U,EU,Sábado,Tarde,0,0,Low_Cost,0.97
1563,2025-11-29,Kuwait Airways,KU136,kuwait city,14:25:00,En hora,235,Airbus A330-800,W,INT,Sábado,Tarde,0,0,Legacy,0.86
1569,2025-11-29,Grupo wizz,W46728,venice,15:40:00,En hora,239,Airbus A321neo,U,EU,Sábado,Tarde,0,0,Low_Cost,0.97
1581,2025-11-29,Bluebird Airways,BZ251,tel aviv,18:00:00,Retrasado,180,Airbus A320,Y,INT,Sábado,Tarde,0,0,Low_Cost,0.95
1582,2025-11-29,Grupo easy,EC7103,"basel, switzerland/mulhouse",18:00:00,En hora,156,Airbus A319,R,EU,Sábado,Tarde,0,0,Low_Cost,0.95
1583,2025-11-29,Norwegian Air Shuttle,DY1741,oslo,18:15:00,Retrasado,189,Boeing 737-800,U,EU,Sábado,Tarde,0,0,Low_Cost,0.95
1585,2025-11-29,Transavia,HV5134,amsterdam,18:15:00,Retrasado,232,Airbus A321neo,U,EU,Sábado,Tarde,0,0,Low_Cost,0.95
1588,2025-11-29,Grupo wizz,W61176,katowice,18:55:00,En hora,239,Airbus A321neo,S,EU,Sábado,Tarde,0,0,Low_Cost,0.95
1589,2025-11-29,Grupo wizz,W61478,warsaw,19:00:00,En hora,239,Airbus A321neo,S,EU,Sábado,Tarde,0,0,Low_Cost,0.97
1592,2025-11-29,Volotea,V72327,strasbourg,19:20:00,Retrasado,180,Airbus A320,S,EU,Sábado,Tarde,0,0,Low_Cost,0.95
1593,2025-11-29,Transavia,TO4757,paris,19:25:00,En hora,186,Airbus A320neo,U,EU,Sábado,Tarde,0,0,Low_Cost,0.97
1595,2025-11-29,Grupo wizz,W64406,sofia,19:35:00,Retrasado,230,Airbus A321,S,EU,Sábado,Tarde,0,0,Low_Cost,0.97
1596,2025-11-29,Air Baltic,BT878,tallinn,19:40:00,Retrasado,148,Airbus A220-300,S,EU,Sábado,Tarde,0,0,Low_Cost,0.97
1599,2025-11-29,Grupo easy,EC1380,geneva,20:10:00,En hora,180,Airbus A320,R,EU,Sábado,Noche,0,0,Low_Cost,0.95
1602,2025-11-29,T'Way Air,TW408,seoul/incheon,20:30:00,Retrasado,294,BOEING 777-300ER,W,INT,Sábado,Noche,0,0,Low_Cost,0.95
1605,2025-11-29,Transavia,TO4759,paris,20:45:00,En hora,186,Airbus A320neo,S,EU,Sábado,Noche,0,0,Low_Cost,0.97
1606,2025-11-29,Grupo wizz,W62378,budapest,20:45:00,En hora,239,Airbus A321neo,U,EU,Sábado,Noche,0,0,Low_Cost,0.97
1610,2025-11-29,Grupo wizz,W43178,bucharest,21:20:00,En hora,230,Airbus A321,U,EU,Sábado,Noche,0,0,Low_Cost,0.95
1611,2025-11-29,Grupo wizz,W43406,cluj-napoca,21:25:00,En hora,180,Airbus A320,S,EU,Sábado,Noche,0,0,Low_Cost,0.95
1614,2025-11-29,Grupo wizz,W46020,rome,21:35:00,En hora,239,Airbus A321neo,S,EU,Sábado,Noche,0,0,Low_Cost,0.96
1617,2025-11-29,Grupo wizz,W64116,belgrade,22:10:00,Retrasado,239,Airbus A321neo,W,INT,Sábado,Noche,0,0,Low_Cost,0.95
1618,2025-11-29,Air Arabia Maroc,3O642,tanger,22:15:00,En hora,174,Airbus A320,Y,INT,Sábado,Noche,0,0,Low_Cost,0.95
1625,2025-11-30,Grupo easy,EC7101,"basel, switzerland/mulhouse",06:50:00,En hora,156,Airbus A319,R,EU,Domingo,Mañana,0,0,Low_Cost,0.95
1626,2025-11-30,Grupo easy,EC7191,glasgow,07:20:00,En hora,156,Airbus A319,M,INT,Domingo,Mañana,0,0,Low_Cost,0.95
1630,2025-11-30,Norwegian Air Sweden AOC,D85510,copenhagen,08:00:00,En hora,189,Boeing 737-800,U,EU,Domingo,Mañana,0,0,Low_Cost,0.97
1631,2025-11-30,Grupo easy,EC7131,nice/cote d'azur,08:00:00,En hora,156,Airbus A319,R,EU,Domingo,Mañana,0,0,Low_Cost,0.95
1632,2025-11-30,Grupo easy,EC3754,milan,08:25:00,En hora,180,Airbus A320,R,EU,Domingo,Mañana,0,0,Low_Cost,0.97
1634,2025-11-30,Grupo easy,EC1376,geneva,08:35:00,En hora,156,Airbus A319,R,EU,Domingo,Mañana,0,0,Low_Cost,0.95
1635,2025-11-30,Volotea,V73735,murcia,08:40:00,En hora,180,Airbus A320,S,NAC,Domingo,Mañana,0,0,Low_Cost,0.95
1638,2025-11-30,Grupo wizz,W62048,krakow,09:05:00,Retrasado,239,Airbus A321neo,S,EU,Domingo,Mañana,0,0,Low_Cost,0.97
1640,2025-11-30,Eurowings,EW7521,hamburg,09:25:00,Retrasado,150,Airbus A319,U,EU,Domingo,Mañana,0,0,Low_Cost,0.95
1641,2025-11-30,Grupo wizz,W43176,bucharest,09:25:00,En hora,230,Airbus A321,S,EU,Domingo,Mañana,0,0,Low_Cost,0.95
1642,2025-11-30,Grupo wizz,W45088,tirana,09:25:00,En hora,230,Airbus A321,W,INT,Domingo,Mañana,0,0,Low_Cost,0.95
1643,2025-11-30,Grupo wizz,W62376,budapest,09:25:00,Retrasado,239,Airbus A321neo,S,EU,Domingo,Mañana,0,0,Low_Cost,0.97
1645,2025-11-30,Grupo wizz,W42938,vienna,09:35:00,En hora,239,Airbus A321neo,S,EU,Domingo,Mañana,0,0,Low_Cost,0.97
1646,2025-11-30,Grupo easy,EC7656,lisbon,09:45:00,En hora,230,Airbus A321,R,EU,Domingo,Mañana,0,0,Low_Cost,0.97
1653,2025-11-30,Grupo wizz,W46018,rome,10:00:00,En hora,239,Airbus A321neo,U,EU,Domingo,Mañana,0,0,Low_Cost,0.96
1656,2025-11-30,Grupo wizz,W61476,warsaw,10:15:00,En hora,239,Airbus A321neo,U,EU,Domingo,Mañana,0,0,Low_Cost,0.97
1662,2025-11-30,Azerbaijan Airlines,J246,baku,10:45:00,Retrasado,174,Airbus A320,Y,INT,Domingo,Mañana,0,0,Low_Cost,0.95
1664,2025-11-30,Norwegian Air Shuttle,DY1741,oslo,11:15:00,En hora,189,Boeing 737 MAX 8,S,EU,Domingo,Mañana,0,0,Low_Cost,0.95
1665,2025-11-30,Aer Lingus,EI563,dublin,11:30:00,En hora,186,Airbus A320neo,W,INT,Domingo,Mañana,0,0,Low_Cost,0.96
1666,2025-11-30,Grupo easy,EC7139,rennes/saint-jacques,11:45:00,En hora,180,Airbus A320,R,EU,Domingo,Mañana,0,0,Low_Cost,0.95
1667,2025-11-30,Icelandair,FI597,keflavik,11:50:00,En hora,160,Boeing 737 MAX 8,R,EU,Domingo,Mañana,0,0,Legacy,0.86
1669,2025-11-30,Volotea,V72327,strasbourg,11:55:00,En hora,156,Airbus A319,S,EU,Domingo,Mañana,0,0,Low_Cost,0.95
1674,2025-11-30,Volotea,V72167,lille/lesquin,12:35:00,En hora,180,Airbus A320,S,EU,Domingo,Tarde,0,0,Low_Cost,0.95
1676,2025-11-30,Pegasus Airlines,PC1092,istanbul,12:45:00,En hora,220,Airbus A321,Y,INT,Domingo,Tarde,0,0,Low_Cost,0.95
1679,2025-11-30,Volotea,V71445,olbia,13:05:00,En hora,180,Airbus A320,S,EU,Domingo,Tarde,0,0,Low_Cost,0.95
1680,2025-11-30,Grupo wizz,W46330,milan,13:10:00,Retrasado,230,Airbus A321,S,EU,Domingo,Tarde,0,0,Low_Cost,0.97
1682,2025-11-30,Grupo easy,U28056,london,13:25:00,En hora,156,Airbus A319,M,INT,Domingo,Tarde,0,0,Low_Cost,0.97
1683,2025-11-30,Grupo easy,EC1380,geneva,13:40:00,En hora,180,Airbus A320,R,EU,Domingo,Tarde,0,0,Low_Cost,0.95
1686,2025-11-30,Air Baltic,BT684,riga,14:05:00,En hora,148,Airbus A220-300,S,EU,Domingo,Tarde,0,0,Low_Cost,0.97
1687,2025-11-30,Grupo easy,EC7153,milan,14:05:00,En hora,156,Airbus A319,R,EU,Domingo,Tarde,0,0,Low_Cost,0.97
1691,2025-11-30,SunExpress,XQ895,izmir,14:15:00,En hora,189,Boeing 737-800,Y,INT,Domingo,Tarde,0,0,Low_Cost,0.95
1692,2025-11-30,Transavia,HV5132,amsterdam,14:20:00,En hora,189,Boeing 737-800,U,EU,Domingo,Tarde,0,0,Low_Cost,0.95
1693,2025-11-30,Grupo easy,EC7107,geneva,14:25:00,En hora,156,Airbus A319,R,EU,Domingo,Tarde,0,0,Low_Cost,0.95
1694,2025-11-30,Norwegian Air Sweden AOC,D85502,stockholm,14:40:00,En hora,189,Boeing 737-800,U,EU,Domingo,Tarde,0,0,Low_Cost,0.97
1695,2025-11-30,Bluebird Airways,BZ251,tel aviv,14:45:00,En hora,189,Boeing 737-800,Y,INT,Domingo,Tarde,0,0,Low_Cost,0.95
1697,2025-11-30,SmartWings,QS1059,prague,14:55:00,En hora,189,Boeing 737-800,U,EU,Domingo,Tarde,0,0,Low_Cost,0.97
1701,2025-11-30,Transavia,TO4755,paris,15:15:00,Retrasado,186,Airbus A320neo,U,EU,Domingo,Tarde,0,0,Low_Cost,0.97
1702,2025-11-30,Grupo easy,EC7694,lisbon,15:20:00,Retrasado,180,Airbus A320,R,EU,Domingo,Tarde,0,0,Low_Cost,0.97
1704,2025-11-30,Air Arabia Maroc,3O378,tanger,15:35:00,Retrasado,174,Airbus A320,Y,INT,Domingo,Tarde,0,0,Low_Cost,0.95
1705,2025-11-30,Grupo wizz,W46728,venice,15:40:00,En hora,239,Airbus A321neo,U,EU,Domingo,Tarde,0,0,Low_Cost,0.97
1708,2025-11-30,Grupo easy,EC7173,berlin,16:30:00,En hora,180,Airbus A320,R,EU,Domingo,Tarde,0,0,Low_Cost,0.97
1711,2025-11-30,Air Arabia Maroc,3O374,casablanca,17:00:00,En hora,174,Airbus A320,Y,INT,Domingo,Tarde,0,0,Low_Cost,0.95
1716,2025-11-30,Volotea,V73573,asturias,17:40:00,Retrasado,156,Airbus A319,U,NAC,Domingo,Tarde,0,0,Low_Cost,0.95
1721,2025-11-30,Grupo easy,EC7109,geneva,18:15:00,En hora,156,Airbus A319,R,EU,Domingo,Tarde,0,0,Low_Cost,0.95
1722,2025-11-30,Volotea,V73700,vitoria,18:20:00,En hora,180,Airbus A320,U,NAC,Domingo,Tarde,0,0,Low_Cost,0.95
1724,2025-11-30,Grupo wizz,W43686,iasi,18:30:00,En hora,180,Airbus A320,S,EU,Domingo,Tarde,0,0,Low_Cost,0.95
1725,2025-11-30,Jet2,LS804,manchester,18:35:00,En hora,189,Boeing 737-800,W,INT,Domingo,Tarde,0,0,Low_Cost,0.97
1726,2025-11-30,Grupo easy,EC7103,"basel, switzerland/mulhouse",18:45:00,Retrasado,156,Airbus A319,R,EU,Domingo,Tarde,0,0,Low_Cost,0.95
1728,2025-11-30,Transavia,HV6066,rotterdam,18:50:00,En hora,189,Boeing 737-800,S,EU,Domingo,Tarde,0,0,Low_Cost,0.95
1729,2025-11-30,Grupo easy,U25716,southend,18:55:00,En hora,186,Airbus A320neo,M,INT,Domingo,Tarde,0,0,Low_Cost,0.95
1730,2025-11-30,Grupo wizz,W61176,katowice,18:55:00,En hora,180,Airbus A320,S,EU,Domingo,Tarde,0,0,Low_Cost,0.95
1731,2025-11-30,Grupo wizz,W61478,warsaw,19:00:00,En hora,239,Airbus A321neo,S,EU,Domingo,Tarde,0,0,Low_Cost,0.97
1732,2025-11-30,Grupo easy,EC7159,milan,19:05:00,Retrasado,156,Airbus A319,R,EU,Domingo,Tarde,0,0,Low_Cost,0.97
1733,2025-11-30,Grupo wizz,W43180,bucharest,19:05:00,En hora,230,Airbus A321,S,EU,Domingo,Tarde,0,0,Low_Cost,0.95
1736,2025-11-30,Volotea,V72165,nantes/atlantique,19:30:00,En hora,156,Airbus A319,S,EU,Domingo,Tarde,0,0,Low_Cost,0.95
1737,2025-11-30,Grupo wizz,W64406,sofia,19:35:00,En hora,239,Airbus A321neo,U,EU,Domingo,Tarde,0,0,Low_Cost,0.97
1739,2025-11-30,Grupo easy,EC3750,milan,19:45:00,Retrasado,180,Airbus A320,R,EU,Domingo,Tarde,0,0,Low_Cost,0.97
1742,2025-11-30,Grupo easy,U28058,london,19:45:00,En hora,180,Airbus A320,M,INT,Domingo,Tarde,0,0,Low_Cost,0.97
1743,2025-11-30,Grupo wizz,W64666,larnaca,19:55:00,Retrasado,230,Airbus A321,W,INT,Domingo,Tarde,0,0,Low_Cost,0.95
1745,2025-11-30,Grupo wizz,W62096,krakow,20:10:00,Retrasado,239,Airbus A321neo,S,EU,Domingo,Noche,0,0,Low_Cost,0.97
1746,2025-11-30,Grupo easy,EC4212,napoli,20:20:00,En hora,180,Airbus A320,R,EU,Domingo,Noche,0,0,Low_Cost,0.97
1747,2025-11-30,Transavia,HV6788,eindhoven,20:20:00,En hora,189,Boeing 737-800,S,EU,Domingo,Noche,0,0,Low_Cost,0.95
1748,2025-11-30,Grupo wizz,W67022,bratislava,20:20:00,Retrasado,239,Airbus A321neo,S,EU,Domingo,Noche,0,0,Low_Cost,0.95
1750,2025-11-30,Eurowings,EW521,cologne-bonn,20:35:00,Retrasado,180,Airbus A320,U,EU,Domingo,Noche,0,0,Low_Cost,0.97
1751,2025-11-30,Air Serbia,JU585,belgrade,20:35:00,Retrasado,144,Airbus A319,Y,INT,Domingo,Noche,0,0,Legacy,0.86
1752,2025-11-30,Norwegian Air Sweden AOC,D83659,copenhagen,20:40:00,En hora,189,Boeing 737 MAX 8,S,EU,Domingo,Noche,0,0,Low_Cost,0.97
1753,2025-11-30,Eurowings,EW2521,stuttgart,20:40:00,En hora,180,Airbus A320,U,EU,Domingo,Noche,0,0,Low_Cost,0.95
1755,2025-11-30,Luxair,LG3596,luxembourg,20:40:00,Retrasado,141,Boeing 737-700,U,EU,Domingo,Noche,0,0,Legacy,0.86
1756,2025-11-30,Transavia,TO4759,paris,20:45:00,En hora,189,Boeing 737-800,U,EU,Domingo,Noche,0,0,Low_Cost,0.97
1757,2025-11-30,Grupo wizz,W62378,budapest,20:45:00,Retrasado,239,Airbus A321neo,S,EU,Domingo,Noche,0,0,Low_Cost,0.97
1760,2025-11-30,Grupo easy,U22326,london,20:55:00,En hora,186,Airbus A320neo,M,INT,Domingo,Noche,0,0,Low_Cost,0.97
1761,2025-11-30,Grupo wizz,W64738,skopje,20:55:00,Retrasado,239,Airbus A321neo,W,INT,Domingo,Noche,0,0,Low_Cost,0.95
1763,2025-11-30,Aer Lingus,EI565,dublin,21:05:00,En hora,174,Airbus A320,W,INT,Domingo,Noche,0,0,Low_Cost,0.96
1765,2025-11-30,Transavia,HV5134,amsterdam,21:15:00,Retrasado,189,Boeing 737-800,S,EU,Domingo,Noche,0,0,Low_Cost,0.95
1767,2025-11-30,Grupo wizz,W43178,bucharest,21:20:00,En hora,230,Airbus A321,U,EU,Domingo,Noche,0,0,Low_Cost,0.95
1768,2025-11-30,Grupo wizz,W43406,cluj-napoca,21:25:00,Retrasado,180,Airbus A320,U,EU,Domingo,Noche,0,0,Low_Cost,0.95
1769,2025-11-30,Grupo easy,U28060,london,21:30:00,En hora,156,Airbus A319,M,INT,Domingo,Noche,0,0,Low_Cost,0.97
1770,2025-11-30,Grupo wizz,W46020,rome,21:35:00,Retrasado,239,Airbus A321neo,S,EU,Domingo,Noche,0,0,Low_Cost,0.96
1772,2025-11-30,Grupo easy,U22706,bristol,21:50:00,En hora,186,Airbus A320neo,M,INT,Domingo,Noche,0,0,Low_Cost,0.94
1773,2025-11-30,Volotea,V71415,verona,21:55:00,En hora,180,Airbus A320,U,EU,Domingo,Noche,0,0,Low_Cost,0.95
1774,2025-11-30,Grupo wizz,W64116,belgrade,21:55:00,En hora,239,Airbus A321neo,W,INT,Domingo,Noche,0,0,Low_Cost,0.95
1775,2025-11-30,Grupo wizz,W45154,tirana,22:45:00,Retrasado,230,Airbus A321,W,INT,Domingo,Noche,0,0,Low_Cost,0.95
1777,2025-11-30,Grupo wizz,W61706,gdansk,22:50:00,En hora,230,Airbus A321,U,EU,Domingo,Noche,0,0,Low_Cost,0.96
1781,2025-12-01,Grupo easy,EC7105,geneva,06:15:00,En hora,156,Airbus A319,R,EU,Lunes,Mañana,0,0,Low_Cost,0.95
1785,2025-12-01,Grupo easy,EC8062,london,06:45:00,Retrasado,156,Airbus A319,M,INT,Lunes,Mañana,0,0,Low_Cost,0.97
1788,2025-12-01,Grupo easy,EC7141,strasbourg,07:20:00,En hora,156,Airbus A319,R,EU,Lunes,Mañana,0,0,Low_Cost,0.95
1789,2025-12-01,Grupo easy,EC7151,milan,07:20:00,En hora,156,Airbus A319,R,EU,Lunes,Mañana,0,0,Low_Cost,0.97
1793,2025-12-01,Norwegian Air Sweden AOC,D85510,copenhagen,08:00:00,En hora,189,Boeing 737-800,R,EU,Lunes,Mañana,0,0,Low_Cost,0.97
1796,2025-12-01,Grupo easy,EC1376,geneva,08:45:00,En hora,156,Airbus A319,R,EU,Lunes,Mañana,0,0,Low_Cost,0.95
1799,2025-12-01,Grupo wizz,W62048,krakow,09:05:00,En hora,239,Airbus A321neo,U,EU,Lunes,Mañana,0,0,Low_Cost,0.97
1800,2025-12-01,Volotea,V72327,strasbourg,09:10:00,Retrasado,156,Airbus A319,R,EU,Lunes,Mañana,0,0,Low_Cost,0.95
1801,2025-12-01,Air Arabia Maroc,3O398,rabat,09:20:00,En hora,174,Airbus A320,Y,INT,Lunes,Mañana,0,0,Low_Cost,0.85
1802,2025-12-01,Eurowings,EW2521,stuttgart,09:20:00,Retrasado,150,Airbus A319,S,EU,Lunes,Mañana,0,0,Low_Cost,0.95
1803,2025-12-01,Grupo wizz,W43176,bucharest,09:25:00,En hora,230,Airbus A321,U,EU,Lunes,Mañana,0,0,Low_Cost,0.95
1804,2025-12-01,Grupo wizz,W45088,tirana,09:25:00,En hora,230,Airbus A321,W,INT,Lunes,Mañana,0,0,Low_Cost,0.95
1805,2025-12-01,Grupo wizz,W62376,budapest,09:25:00,Retrasado,239,Airbus A321neo,U,EU,Lunes,Mañana,0,0,Low_Cost,0.97
1806,2025-12-01,Volotea,V73573,asturias,09:30:00,En hora,156,Airbus A319,S,NAC,Lunes,Mañana,0,0,Low_Cost,0.95
1807,2025-12-01,Grupo easy,EC1030,"basel, switzerland/mulhouse",09:35:00,En hora,180,Airbus A320,R,EU,Lunes,Mañana,0,0,Low_Cost,0.95
1809,2025-12-01,Transavia,HV6062,rotterdam,09:40:00,En hora,189,Boeing 737-800,S,EU,Lunes,Mañana,0,0,Low_Cost,0.95
1810,2025-12-01,Eurowings,EW9441,dusseldorf,09:45:00,En hora,226,Airbus A321,R,EU,Lunes,Mañana,0,0,Low_Cost,0.95
1813,2025-12-01,Air Serbia,JU581,belgrade,09:55:00,Retrasado,144,Airbus A319,W,INT,Lunes,Mañana,0,0,Legacy,0.86
1814,2025-12-01,Grupo easy,EC7656,lisbon,10:00:00,En hora,230,Airbus A321,R,EU,Lunes,Mañana,0,0,Low_Cost,0.97
1815,2025-12-01,Transavia,HV5132,amsterdam,10:05:00,Retrasado,189,Boeing 737-800,S,EU,Lunes,Mañana,0,0,Low_Cost,0.95
1816,2025-12-01,Grupo wizz,W46018,rome,10:05:00,Retrasado,239,Airbus A321neo,U,EU,Lunes,Mañana,0,0,Low_Cost,0.96
1819,2025-12-01,Grupo wizz,W61476,warsaw,10:15:00,En hora,230,Airbus A321,U,EU,Lunes,Mañana,0,0,Low_Cost,0.97
1821,2025-12-01,Grupo easy,U22324,london,10:25:00,En hora,186,Airbus A320neo,M,INT,Lunes,Mañana,0,0,Low_Cost,0.97
1823,2025-12-01,Grupo easy,EC7131,nice/cote d'azur,10:40:00,En hora,156,Airbus A319,R,EU,Lunes,Mañana,0,0,Low_Cost,0.95
1824,2025-12-01,Grupo easy,U28056,london,10:40:00,En hora,156,Airbus A319,M,INT,Lunes,Mañana,0,0,Low_Cost,0.97
1830,2025-12-01,Grupo easy,U22002,manchester,11:20:00,En hora,180,Airbus A320,M,INT,Lunes,Mañana,0,0,Low_Cost,0.97
1831,2025-12-01,Aer Lingus,EI563,dublin,11:30:00,En hora,174,Airbus A320,Y,INT,Lunes,Mañana,0,0,Low_Cost,0.96
1833,2025-12-01,Transavia,TO4755,paris,11:30:00,Retrasado,189,Boeing 737-800,R,EU,Lunes,Mañana,0,0,Low_Cost,0.97
1835,2025-12-01,Grupo easy,EC7197,birmingham,11:40:00,En hora,156,Airbus A319,M,INT,Lunes,Mañana,0,0,Low_Cost,0.97
1841,2025-12-01,Pegasus Airlines,PC1092,istanbul,12:45:00,Retrasado,220,Airbus A321,W,INT,Lunes,Tarde,0,0,Low_Cost,0.95
1842,2025-12-01,Norwegian Air Sweden AOC,D83657,copenhagen,12:50:00,En hora,189,Boeing 737-800,S,EU,Lunes,Tarde,0,0,Low_Cost,0.97
1843,2025-12-01,Grupo easy,EC7137,lyon,12:55:00,En hora,156,Airbus A319,R,EU,Lunes,Tarde,0,0,Low_Cost,0.95
1844,2025-12-01,Grupo wizz,W67022,bratislava,12:55:00,En hora,239,Airbus A321neo,S,EU,Lunes,Tarde,0,0,Low_Cost,0.95
1846,2025-12-01,Grupo wizz,W46330,milan,13:10:00,Retrasado,239,Airbus A321neo,U,EU,Lunes,Tarde,0,0,Low_Cost,0.97
1848,2025-12-01,HiSky,H4264,bucharest,13:20:00,En hora,186,Airbus A320,R,EU,Lunes,Tarde,0,0,Low_Cost,0.95
1849,2025-12-01,Norwegian Air Sweden AOC,D81741,oslo,13:25:00,En hora,189,Boeing 737-800,U,EU,Lunes,Tarde,0,0,Low_Cost,0.95
1850,2025-12-01,Eurowings,EW521,cologne-bonn,13:25:00,Retrasado,180,Airbus A320,S,EU,Lunes,Tarde,0,0,Low_Cost,0.97
1851,2025-12-01,Pegasus Airlines,PC1528,izmir,13:30:00,En hora,180,Airbus A320,W,INT,Lunes,Tarde,0,0,Low_Cost,0.95
1852,2025-12-01,Luxair,LG3592,luxembourg,13:35:00,Retrasado,76,de Havilland Dash 8-400,U,EU,Lunes,Tarde,0,0,Legacy,0.86
1853,2025-12-01,Grupo easy,EC7153,milan,13:40:00,En hora,156,Airbus A319,R,EU,Lunes,Tarde,0,0,Low_Cost,0.97
1856,2025-12-01,Jet2,LS804,manchester,13:50:00,En hora,189,Boeing 737-800,W,INT,Lunes,Tarde,0,0,Low_Cost,0.97
1858,2025-12-01,Air Baltic,BT684,riga,14:05:00,En hora,148,Airbus A220-300,S,EU,Lunes,Tarde,0,0,Low_Cost,0.97
1860,2025-12-01,Norwegian Air Sweden AOC,D85502,stockholm,14:40:00,En hora,189,Boeing 737-800,U,EU,Lunes,Tarde,0,0,Low_Cost,0.97
1861,2025-12-01,Bluebird Airways,BZ251,tel aviv,14:45:00,Retrasado,189,Boeing 737-800,Y,INT,Lunes,Tarde,0,0,Low_Cost,0.95
1862,2025-12-01,Grupo easy,EC7107,geneva,14:45:00,En hora,156,Airbus A319,R,EU,Lunes,Tarde,0,0,Low_Cost,0.95
1863,2025-12-01,Turkish Airlines,TK608,ankara,14:45:00,En hora,165,Boeing 737-800,W,INT,Lunes,Tarde,0,0,Legacy,0.86
1864,2025-12-01,Volotea,V71443,ancona,14:45:00,En hora,180,Airbus A320,R,EU,Lunes,Tarde,0,0,Low_Cost,0.95
1865,2025-12-01,Grupo wizz,W64406,sofia,14:50:00,En hora,239,Airbus A321neo,U,EU,Lunes,Tarde,0,0,Low_Cost,0.97
1866,2025-12-01,Grupo easy,EC4212,napoli,14:55:00,Retrasado,180,Airbus A320,R,EU,Lunes,Tarde,0,0,Low_Cost,0.97
1867,2025-12-01,SmartWings,QS1059,prague,14:55:00,En hora,149,Airbus A220-300,S,EU,Lunes,Tarde,0,0,Low_Cost,0.97
1868,2025-12-01,Air Arabia Maroc,3O376,al aaroui,15:00:00,En hora,174,Airbus A320,Y,INT,Lunes,Tarde,0,0,Low_Cost,0.93
1872,2025-12-01,Grupo wizz,W61412,warsaw,15:40:00,En hora,239,Airbus A321neo,U,EU,Lunes,Tarde,0,0,Low_Cost,0.97
1873,2025-12-01,Pegasus Airlines,PC1094,istanbul,15:45:00,Retrasado,220,Airbus A321,W,INT,Lunes,Tarde,0,0,Low_Cost,0.95
1876,2025-12-01,Grupo wizz,W43564,timisoara,16:25:00,Retrasado,180,Airbus A320,R,EU,Lunes,Tarde,0,0,Low_Cost,0.95
1877,2025-12-01,Volotea,V73735,murcia,16:35:00,En hora,180,Airbus A320,R,NAC,Lunes,Tarde,0,0,Low_Cost,0.95
1882,2025-12-01,Grupo easy,U23372,liverpool,17:00:00,En hora,156,Airbus A319,M,INT,Lunes,Tarde,0,0,Low_Cost,0.92
1885,2025-12-01,Grupo easy,EC7173,berlin,17:10:00,En hora,156,Airbus A319,R,EU,Lunes,Tarde,0,0,Low_Cost,0.97
1886,2025-12-01,Volotea,V73700,vitoria,17:15:00,En hora,156,Airbus A319,S,NAC,Lunes,Tarde,0,0,Low_Cost,0.95
1887,2025-12-01,Grupo wizz,W67920,kopitnari,17:15:00,En hora,239,Airbus A321neo,W,INT,Lunes,Tarde,0,0,Low_Cost,0.95
1890,2025-12-01,Grupo easy,EC3737,milan,17:35:00,En hora,156,Airbus A319,R,EU,Lunes,Tarde,0,0,Low_Cost,0.97
1891,2025-12-01,Grupo easy,EC7199,edinburgh,17:35:00,En hora,156,Airbus A319,M,INT,Lunes,Tarde,0,0,Low_Cost,0.97
1892,2025-12-01,Transavia,HV5134,amsterdam,17:50:00,Retrasado,232,Airbus A321neo,S,EU,Lunes,Tarde,0,0,Low_Cost,0.95
1894,2025-12-01,Grupo easy,EC7205,southampton,18:05:00,En hora,156,Airbus A319,M,INT,Lunes,Tarde,0,0,Low_Cost,0.95
1896,2025-12-01,Grupo wizz,W43686,iasi,18:30:00,En hora,180,Airbus A320,R,EU,Lunes,Tarde,0,0,Low_Cost,0.95
1898,2025-12-01,Grupo wizz,W61478,warsaw,19:00:00,En hora,230,Airbus A321,U,EU,Lunes,Tarde,0,0,Low_Cost,0.97
1902,2025-12-01,Eurowings,EW7521,hamburg,19:40:00,Retrasado,180,Airbus A320,U,EU,Lunes,Tarde,0,0,Low_Cost,0.95
1904,2025-12-01,Grupo wizz,W61706,gdansk,19:40:00,En hora,230,Airbus A321,R,EU,Lunes,Tarde,0,0,Low_Cost,0.97
1907,2025-12-01,Grupo easy,U28058,london,19:45:00,En hora,156,Airbus A319,M,INT,Lunes,Tarde,0,0,Low_Cost,0.97
1908,2025-12-01,Volotea,V71415,verona,19:55:00,En hora,180,Airbus A320,R,EU,Lunes,Tarde,0,0,Low_Cost,0.95
1909,2025-12-01,Grupo wizz,W64666,larnaca,19:55:00,En hora,230,Airbus A321,W,INT,Lunes,Tarde,0,0,Low_Cost,0.95
1911,2025-12-01,Air Arabia Maroc,3O378,tanger,20:05:00,En hora,174,Airbus A320,Y,INT,Lunes,Noche,0,0,Low_Cost,0.95
1915,2025-12-01,Grupo easy,EC1956,milan,20:15:00,Retrasado,180,Airbus A320,R,EU,Lunes,Noche,0,0,Low_Cost,0.97
1916,2025-12-01,Grupo wizz,W42940,vienna,20:20:00,En hora,239,Airbus A321neo,U,EU,Lunes,Noche,0,0,Low_Cost,0.97
1917,2025-12-01,Grupo easy,EC1010,"basel, switzerland/mulhouse",20:30:00,En hora,156,Airbus A319,R,EU,Lunes,Noche,0,0,Low_Cost,0.95
1918,2025-12-01,T'Way Air,TW408,seoul/incheon,20:30:00,Retrasado,246,Airbus A330-200,W,INT,Lunes,Noche,0,0,Low_Cost,0.95
1919,2025-12-01,Volotea,V72135,bordeaux,20:30:00,En hora,180,Airbus A320,S,EU,Lunes,Noche,0,0,Low_Cost,0.95
1922,2025-12-01,Transavia,TO4759,paris,20:45:00,En hora,186,Airbus A320neo,S,EU,Lunes,Noche,0,0,Low_Cost,0.97
1923,2025-12-01,Grupo wizz,W62378,budapest,20:45:00,En hora,239,Airbus A321neo,R,EU,Lunes,Noche,0,0,Low_Cost,0.97
1926,2025-12-01,Volotea,V72165,nantes/atlantique,20:50:00,En hora,156,Airbus A319,R,EU,Lunes,Noche,0,0,Low_Cost,0.95
1928,2025-12-01,Aer Lingus,EI565,dublin,21:05:00,Retrasado,174,Airbus A320,Y,INT,Lunes,Noche,0,0,Low_Cost,0.96
1931,2025-12-01,Grupo easy,EC1380,geneva,21:20:00,En hora,180,Airbus A320,R,EU,Lunes,Noche,0,0,Low_Cost,0.95
1932,2025-12-01,Grupo wizz,W43178,bucharest,21:20:00,En hora,230,Airbus A321,U,EU,Lunes,Noche,0,0,Low_Cost,0.95
1933,2025-12-01,Grupo wizz,W43406,cluj-napoca,21:25:00,En hora,180,Airbus A320,R,EU,Lunes,Noche,0,0,Low_Cost,0.95
1936,2025-12-01,Grupo wizz,W46020,rome,21:35:00,En hora,239,Airbus A321neo,S,EU,Lunes,Noche,0,0,Low_Cost,0.96
1941,2025-12-01,Grupo easy,U22706,bristol,21:55:00,Retrasado,180,Airbus A320,M,INT,Lunes,Noche,0,0,Low_Cost,0.93
1942,2025-12-01,Grupo wizz,W64116,belgrade,21:55:00,En hora,230,Airbus A321,W,INT,Lunes,Noche,0,0,Low_Cost,0.95
1943,2025-12-01,Grupo wizz,W46728,venice,22:00:00,En hora,239,Airbus A321neo,S,EU,Lunes,Noche,0,0,Low_Cost,0.96
1945,2025-12-01,Grupo easy,EC7682,lisbon,22:35:00,En hora,230,Airbus A321,R,EU,Lunes,Noche,0,0,Low_Cost,0.96
1946,2025-12-01,Grupo wizz,W45154,tirana,22:45:00,En hora,230,Airbus A321,W,INT,Lunes,Noche,0,0,Low_Cost,0.95
1948,2025-12-02,Grupo easy,EC7105,geneva,06:00:00,En hora,156,Airbus A319,R,EU,Martes,Mañana,0,0,Low_Cost,0.95
1953,2025-12-02,Grupo easy,EC7101,"basel, switzerland/mulhouse",07:25:00,En hora,156,Airbus A319,R,EU,Martes,Mañana,0,0,Low_Cost,0.95
1954,2025-12-02,Grupo easy,EC8062,london,07:30:00,En hora,156,Airbus A319,M,INT,Martes,Mañana,0,0,Low_Cost,0.97
1958,2025-12-02,Grupo easy,EC3737,milan,08:00:00,En hora,156,Airbus A319,R,EU,Martes,Mañana,0,0,Low_Cost,0.97
1961,2025-12-02,Grupo wizz,W43938,chisinau,09:00:00,En hora,180,Airbus A320,Y,INT,Martes,Mañana,0,0,Low_Cost,0.95
1962,2025-12-02,Grupo wizz,W62048,krakow,09:05:00,Retrasado,239,Airbus A321neo,U,EU,Martes,Mañana,0,0,Low_Cost,0.97
1965,2025-12-02,Grupo wizz,W61914,vilnius,09:20:00,En hora,239,Airbus A321neo,U,EU,Martes,Mañana,0,0,Low_Cost,0.97
1966,2025-12-02,Grupo wizz,W43176,bucharest,09:25:00,En hora,230,Airbus A321,S,EU,Martes,Mañana,0,0,Low_Cost,0.95
1967,2025-12-02,Grupo wizz,W62376,budapest,09:25:00,En hora,230,Airbus A321,U,EU,Martes,Mañana,0,0,Low_Cost,0.97
1968,2025-12-02,Grupo wizz,W42938,vienna,09:35:00,En hora,239,Airbus A321neo,S,EU,Martes,Mañana,0,0,Low_Cost,0.97
1969,2025-12-02,Air Arabia Maroc,3O378,tanger,09:45:00,En hora,174,Airbus A320,Y,INT,Martes,Mañana,0,0,Low_Cost,0.95
1970,2025-12-02,Air Serbia,JU581,belgrade,09:55:00,En hora,144,Airbus A319,W,INT,Martes,Mañana,0,0,Legacy,0.86
1971,2025-12-02,Grupo easy,EC7656,lisbon,10:05:00,En hora,180,Airbus A320,R,EU,Martes,Mañana,0,0,Low_Cost,0.97
1973,2025-12-02,Grupo wizz,W61476,warsaw,10:15:00,En hora,239,Airbus A321neo,U,EU,Martes,Mañana,0,0,Low_Cost,0.97
1976,2025-12-02,Grupo easy,U22324,london,10:35:00,En hora,186,Airbus A320neo,M,INT,Martes,Mañana,0,0,Low_Cost,0.97
1977,2025-12-02,Azerbaijan Airlines,J246,baku,10:45:00,Retrasado,186,Airbus A320neo,W,INT,Martes,Mañana,0,0,Low_Cost,0.95
1978,2025-12-02,Aer Lingus,EI563,dublin,11:30:00,En hora,174,Airbus A320,Y,INT,Martes,Mañana,0,0,Low_Cost,0.96
1980,2025-12-02,Icelandair,FI597,keflavik,11:50:00,Retrasado,160,Boeing 737 MAX 8,U,EU,Martes,Mañana,0,0,Legacy,0.86
1982,2025-12-02,Grupo easy,EC7151,milan,12:20:00,En hora,156,Airbus A319,R,EU,Martes,Tarde,0,0,Low_Cost,0.97
1983,2025-12-02,Grupo easy,EC8064,london,12:25:00,En hora,156,Airbus A319,M,INT,Martes,Tarde,0,0,Low_Cost,0.97
1984,2025-12-02,Norwegian Air Sweden AOC,D83657,copenhagen,12:30:00,En hora,189,Boeing 737-800,U,EU,Martes,Tarde,0,0,Low_Cost,0.97
1986,2025-12-02,Pegasus Airlines,PC1092,istanbul,12:45:00,Retrasado,220,Airbus A321,Y,INT,Martes,Tarde,0,0,Low_Cost,0.95
1988,2025-12-02,FlyOne,5F5512,chisinau,13:30:00,En hora,194,Airbus A321,W,INT,Martes,Tarde,0,0,Low_Cost,0.95
1991,2025-12-02,Kuwait Airways,KU136,kuwait city,14:25:00,En hora,278,Airbus A330-900,W,INT,Martes,Tarde,0,0,Legacy,0.86
1992,2025-12-02,Bluebird Airways,BZ251,tel aviv,14:45:00,En hora,189,Boeing 737-800,Y,INT,Martes,Tarde,0,0,Low_Cost,0.95
1993,2025-12-02,Grupo easy,EC7682,lisbon,15:00:00,En hora,180,Airbus A320,R,EU,Martes,Tarde,0,0,Low_Cost,0.97
1998,2025-12-02,Volotea,V72327,strasbourg,17:30:00,Retrasado,180,Airbus A320,R,EU,Martes,Tarde,0,0,Low_Cost,0.95
1999,2025-12-02,Transavia,HV5134,amsterdam,17:45:00,En hora,232,Airbus A321neo,S,EU,Martes,Tarde,0,0,Low_Cost,0.95
2000,2025-12-02,Grupo easy,EC7103,"basel, switzerland/mulhouse",18:10:00,En hora,156,Airbus A319,R,EU,Martes,Tarde,0,0,Low_Cost,0.95
2003,2025-12-02,Grupo wizz,W61176,katowice,18:55:00,En hora,239,Airbus A321neo,R,EU,Martes,Tarde,0,0,Low_Cost,0.95
2004,2025-12-02,Grupo wizz,W61478,warsaw,19:00:00,En hora,239,Airbus A321neo,U,EU,Martes,Tarde,0,0,Low_Cost,0.97
2005,2025-12-02,Grupo wizz,W43180,bucharest,19:20:00,En hora,230,Airbus A321,R,EU,Martes,Tarde,0,0,Low_Cost,0.95
2008,2025-12-02,Grupo wizz,W64406,sofia,19:35:00,En hora,239,Airbus A321neo,S,EU,Martes,Tarde,0,0,Low_Cost,0.97
2009,2025-12-02,Grupo easy,U28058,london,19:45:00,En hora,156,Airbus A319,M,INT,Martes,Tarde,0,0,Low_Cost,0.97
2010,2025-12-02,Transavia,HV6790,eindhoven,19:55:00,Retrasado,189,Boeing 737-800,U,EU,Martes,Tarde,0,0,Low_Cost,0.95
2011,2025-12-02,Air Arabia Maroc,3O642,tanger,20:00:00,Retrasado,174,Airbus A320,Y,INT,Martes,Noche,0,0,Low_Cost,0.95
2012,2025-12-02,Grupo easy,EC1956,milan,20:15:00,En hora,180,Airbus A320,R,EU,Martes,Noche,0,0,Low_Cost,0.97
2014,2025-12-02,Transavia,TO4759,paris,20:45:00,En hora,186,Airbus A320neo,S,EU,Martes,Noche,0,0,Low_Cost,0.97
2015,2025-12-02,Grupo easy,EC1380,geneva,21:15:00,Retrasado,180,Airbus A320,R,EU,Martes,Noche,0,0,Low_Cost,0.95
2017,2025-12-02,Grupo wizz,W46020,rome,21:35:00,En hora,239,Airbus A321neo,S,EU,Martes,Noche,0,0,Low_Cost,0.96
2022,2025-12-03,Grupo easy,EC7105,geneva,06:10:00,En hora,156,Airbus A319,R,EU,Miércoles,Mañana,0,0,Low_Cost,0.95
2024,2025-12-03,Grupo easy,EC7193,leeds bradford,06:30:00,En hora,156,Airbus A319,M,INT,Miércoles,Mañana,0,0,Low_Cost,0.95
2028,2025-12-03,Grupo easy,EC7101,"basel, switzerland/mulhouse",07:20:00,En hora,156,Airbus A319,R,EU,Miércoles,Mañana,0,0,Low_Cost,0.95
2029,2025-12-03,Grupo easy,EC8062,london,07:20:00,En hora,156,Airbus A319,M,INT,Miércoles,Mañana,0,0,Low_Cost,0.97
2032,2025-12-03,Grupo easy,EC3737,milan,08:25:00,En hora,156,Airbus A319,R,EU,Miércoles,Mañana,0,0,Low_Cost,0.97
2033,2025-12-03,Grupo easy,EC7161,napoli,09:20:00,En hora,186,Airbus A320neo,R,EU,Miércoles,Mañana,0,0,Low_Cost,0.97
2034,2025-12-03,Grupo wizz,W43176,bucharest,09:25:00,En hora,239,Airbus A321neo,S,EU,Miércoles,Mañana,0,0,Low_Cost,0.95
2035,2025-12-03,Grupo wizz,W62376,budapest,09:25:00,En hora,239,Airbus A321neo,U,EU,Miércoles,Mañana,0,0,Low_Cost,0.97
2037,2025-12-03,Air Arabia Maroc,3O376,al aaroui,09:35:00,Retrasado,174,Airbus A320,Y,INT,Miércoles,Mañana,0,0,Low_Cost,0.93
2038,2025-12-03,Grupo wizz,W42940,vienna,09:35:00,En hora,239,Airbus A321neo,S,EU,Miércoles,Mañana,0,0,Low_Cost,0.97
2042,2025-12-03,Air Arabia Maroc,3O642,tanger,10:05:00,En hora,174,Airbus A320,Y,INT,Miércoles,Mañana,0,0,Low_Cost,0.95
2043,2025-12-03,Transavia,HV5132,amsterdam,10:05:00,Retrasado,232,Airbus A321neo,U,EU,Miércoles,Mañana,0,0,Low_Cost,0.95
2045,2025-12-03,Grupo wizz,W61476,warsaw,10:15:00,En hora,239,Airbus A321neo,U,EU,Miércoles,Mañana,0,0,Low_Cost,0.97
2047,2025-12-03,Grupo easy,U22002,manchester,10:30:00,En hora,180,Airbus A320,M,INT,Miércoles,Mañana,0,0,Low_Cost,0.97
2048,2025-12-03,Air Baltic,BT878,tallinn,10:35:00,Retrasado,148,Airbus A220-300,U,EU,Miércoles,Mañana,0,0,Low_Cost,0.97
2049,2025-12-03,Norwegian Air Sweden AOC,D85544,rovaniemi,10:40:00,En hora,189,Boeing 737-800,S,EU,Miércoles,Mañana,0,0,Low_Cost,0.95
2051,2025-12-03,SkyUp MT,U5406,chisinau,10:50:00,Retrasado,149,Boeing 737-700,Y,INT,Miércoles,Mañana,0,0,Low_Cost,0.95
2052,2025-12-03,Grupo easy,U22704,bristol,10:55:00,Retrasado,180,Airbus A320,M,INT,Miércoles,Mañana,0,0,Low_Cost,0.93
2054,2025-12-03,Aer Lingus,EI563,dublin,11:30:00,Retrasado,174,Airbus A320,W,INT,Miércoles,Mañana,0,0,Low_Cost,0.96
2057,2025-12-03,Pegasus Airlines,PC1092,istanbul,12:45:00,En hora,220,Airbus A321,Y,INT,Miércoles,Tarde,0,0,Low_Cost,0.95
2059,2025-12-03,HiSky,H4264,bucharest,13:20:00,En hora,186,Airbus A320,R,EU,Miércoles,Tarde,0,0,Low_Cost,0.95
2060,2025-12-03,Eurowings,EW521,cologne-bonn,13:25:00,Retrasado,180,Airbus A320,S,EU,Miércoles,Tarde,0,0,Low_Cost,0.97
2061,2025-12-03,Turkish Airlines,TK608,ankara,14:00:00,En hora,165,Boeing 737-800,Y,INT,Miércoles,Tarde,0,0,Legacy,0.86
2062,2025-12-03,Volotea,V72327,strasbourg,14:40:00,Retrasado,180,Airbus A320,R,EU,Miércoles,Tarde,0,0,Low_Cost,0.95
2063,2025-12-03,Bluebird Airways,BZ251,tel aviv,14:45:00,En hora,189,Boeing 737-800,Y,INT,Miércoles,Tarde,0,0,Low_Cost,0.95
2064,2025-12-03,Norwegian Air Sweden AOC,D83659,copenhagen,14:45:00,En hora,189,Boeing 737-800,U,EU,Miércoles,Tarde,0,0,Low_Cost,0.97
2065,2025-12-03,Eurowings,EW2521,stuttgart,15:10:00,En hora,150,Airbus A319,S,EU,Miércoles,Tarde,0,0,Low_Cost,0.95
2068,2025-12-03,Grupo easy,EC7682,lisbon,15:25:00,En hora,180,Airbus A320,R,EU,Miércoles,Tarde,0,0,Low_Cost,0.97
2069,2025-12-03,Grupo wizz,W61412,warsaw,15:40:00,En hora,239,Airbus A321neo,U,EU,Miércoles,Tarde,0,0,Low_Cost,0.97
2070,2025-12-03,Pegasus Airlines,PC1094,istanbul,15:45:00,Retrasado,239,Airbus A321neo,Y,INT,Miércoles,Tarde,0,0,Low_Cost,0.95
2071,2025-12-03,Volotea,V71415,verona,15:45:00,En hora,180,Airbus A320,R,EU,Miércoles,Tarde,0,0,Low_Cost,0.95
2073,2025-12-03,Transavia,TO4755,paris,16:45:00,En hora,186,Airbus A320neo,U,EU,Miércoles,Tarde,0,0,Low_Cost,0.97
2076,2025-12-03,Grupo wizz,W67920,kopitnari,17:15:00,En hora,230,Airbus A321,Y,INT,Miércoles,Tarde,0,0,Low_Cost,0.95
2078,2025-12-03,Iberojet,E9803,palmerola,17:40:00,Retrasado,432,Airbus A350-900,W,INT,Miércoles,Tarde,0,0,Low_Cost,0.95
2079,2025-12-03,Grupo easy,EC8060,london,17:45:00,En hora,156,Airbus A319,M,INT,Miércoles,Tarde,0,0,Low_Cost,0.97
2081,2025-12-03,Grupo wizz,W43686,iasi,18:30:00,En hora,180,Airbus A320,S,EU,Miércoles,Tarde,0,0,Low_Cost,0.95
2082,2025-12-03,Grupo easy,EC7103,"basel, switzerland/mulhouse",18:35:00,En hora,156,Airbus A319,R,EU,Miércoles,Tarde,0,0,Low_Cost,0.95
2085,2025-12-03,Grupo easy,EC7155,milan,19:00:00,En hora,156,Airbus A319,R,EU,Miércoles,Tarde,0,0,Low_Cost,0.97
2087,2025-12-03,Grupo wizz,W61478,warsaw,19:00:00,En hora,239,Airbus A321neo,U,EU,Miércoles,Tarde,0,0,Low_Cost,0.97
2091,2025-12-03,Eurowings,EW9443,dusseldorf,19:35:00,Retrasado,180,Airbus A320,S,EU,Miércoles,Tarde,0,0,Low_Cost,0.95
2093,2025-12-03,Transavia,HV6064,rotterdam,19:40:00,En hora,189,Boeing 737-800,U,EU,Miércoles,Tarde,0,0,Low_Cost,0.95
2094,2025-12-03,Grupo easy,U28058,london,19:45:00,Retrasado,180,Airbus A320,M,INT,Miércoles,Tarde,0,0,Low_Cost,0.97
2098,2025-12-03,Grupo easy,EC1956,milan,20:15:00,En hora,180,Airbus A320,R,EU,Miércoles,Noche,0,0,Low_Cost,0.97
2099,2025-12-03,Air Arabia Maroc,3O378,tanger,20:20:00,En hora,174,Airbus A320,Y,INT,Miércoles,Noche,0,0,Low_Cost,0.95
2100,2025-12-03,T'Way Air,TW408,seoul/incheon,20:30:00,En hora,294,BOEING 777-300ER,W,INT,Miércoles,Noche,0,0,Low_Cost,0.95
2101,2025-12-03,Air Europa,FB585,belgrade,20:35:00,Retrasado,108,Embraer ERJ-190,Y,INT,Miércoles,Noche,0,0,Low_Cost,0.95
2102,2025-12-03,Grupo wizz,W62378,budapest,20:45:00,Retrasado,239,Airbus A321neo,U,EU,Miércoles,Noche,0,0,Low_Cost,0.97
2103,2025-12-03,Transavia,TO4759,paris,20:50:00,En hora,186,Airbus A320neo,U,EU,Miércoles,Noche,0,0,Low_Cost,0.97
2104,2025-12-03,Grupo easy,U22326,london,20:55:00,En hora,186,Airbus A320neo,M,INT,Miércoles,Noche,0,0,Low_Cost,0.97
2105,2025-12-03,Grupo easy,EC1380,geneva,21:15:00,Retrasado,180,Airbus A320,R,EU,Miércoles,Noche,0,0,Low_Cost,0.95
2106,2025-12-03,Grupo wizz,W43406,cluj-napoca,21:25:00,En hora,186,Airbus A320neo,S,EU,Miércoles,Noche,0,0,Low_Cost,0.95
2107,2025-12-03,Grupo wizz,W46020,rome,21:35:00,Retrasado,239,Airbus A321neo,S,EU,Miércoles,Noche,0,0,Low_Cost,0.96
2110,2025-12-04,Grupo easy,EC7105,geneva,06:10:00,En hora,156,Airbus A319,R,EU,Jueves,Mañana,0,0,Low_Cost,0.95
2112,2025-12-04,Grupo easy,EC7191,glasgow,06:40:00,Retrasado,156,Airbus A319,M,INT,Jueves,Mañana,0,0,Low_Cost,0.95
2117,2025-12-04,Grupo easy,EC7101,"basel, switzerland/mulhouse",07:30:00,En hora,156,Airbus A319,R,EU,Jueves,Mañana,0,0,Low_Cost,0.95
2118,2025-12-04,Grupo easy,EC7151,milan,07:30:00,En hora,156,Airbus A319,R,EU,Jueves,Mañana,0,0,Low_Cost,0.97
2120,2025-12-04,Norwegian Air Sweden AOC,D85510,copenhagen,07:55:00,En hora,189,Boeing 737-800,S,EU,Jueves,Mañana,0,0,Low_Cost,0.97
2124,2025-12-04,Grupo wizz,W43938,chisinau,09:00:00,En hora,180,Airbus A320,W,INT,Jueves,Mañana,0,0,Low_Cost,0.95
2126,2025-12-04,Grupo wizz,W62048,krakow,09:05:00,Retrasado,239,Airbus A321neo,U,EU,Jueves,Mañana,0,0,Low_Cost,0.97
2128,2025-12-04,Grupo wizz,W61914,vilnius,09:20:00,Retrasado,239,Airbus A321neo,U,EU,Jueves,Mañana,0,0,Low_Cost,0.97
2129,2025-12-04,Grupo wizz,W43176,bucharest,09:25:00,En hora,239,Airbus A321neo,U,EU,Jueves,Mañana,0,0,Low_Cost,0.95
2130,2025-12-04,Grupo wizz,W62376,budapest,09:25:00,Retrasado,239,Airbus A321neo,U,EU,Jueves,Mañana,0,0,Low_Cost,0.97
2132,2025-12-04,Grupo wizz,W42938,vienna,09:35:00,En hora,239,Airbus A321neo,S,EU,Jueves,Mañana,0,0,Low_Cost,0.97
2133,2025-12-04,Transavia,TO4751,paris,09:40:00,Retrasado,186,Airbus A320neo,U,EU,Jueves,Mañana,0,0,Low_Cost,0.97
2134,2025-12-04,Air Serbia,JU581,belgrade,09:55:00,En hora,144,Airbus A319,Y,INT,Jueves,Mañana,0,0,Legacy,0.86
2135,2025-12-04,Grupo easy,EC7656,lisbon,10:00:00,En hora,180,Airbus A320,R,EU,Jueves,Mañana,0,0,Low_Cost,0.97
2137,2025-12-04,Transavia,HV5132,amsterdam,10:05:00,En hora,232,Airbus A321neo,R,EU,Jueves,Mañana,0,0,Low_Cost,0.95
2138,2025-12-04,Grupo wizz,W61476,warsaw,10:15:00,En hora,239,Airbus A321neo,U,EU,Jueves,Mañana,0,0,Low_Cost,0.97
2142,2025-12-04,Grupo easy,U22326,london,10:35:00,En hora,186,Airbus A320neo,M,INT,Jueves,Mañana,0,0,Low_Cost,0.97
2143,2025-12-04,Grupo easy,U28056,london,10:35:00,En hora,186,Airbus A320neo,M,INT,Jueves,Mañana,0,0,Low_Cost,0.97
2144,2025-12-04,Grupo easy,U25716,southend,10:40:00,En hora,186,Airbus A320neo,M,INT,Jueves,Mañana,0,0,Low_Cost,0.95
2145,2025-12-04,Azerbaijan Airlines,J246,baku,10:45:00,Retrasado,122,Airbus A319,W,INT,Jueves,Mañana,0,0,Low_Cost,0.95
2148,2025-12-04,Grupo easy,U22704,bristol,11:05:00,En hora,186,Airbus A320neo,M,INT,Jueves,Mañana,0,0,Low_Cost,0.94
2151,2025-12-04,Aer Lingus,EI563,dublin,11:30:00,En hora,174,Airbus A320,W,INT,Jueves,Mañana,0,0,Low_Cost,0.96
2152,2025-12-04,Grupo easy,EC7131,nice/cote d'azur,12:00:00,En hora,180,Airbus A320,R,EU,Jueves,Tarde,0,0,Low_Cost,0.95
2153,2025-12-04,Grupo easy,EC8064,london,12:10:00,En hora,156,Airbus A319,M,INT,Jueves,Tarde,0,0,Low_Cost,0.97
2156,2025-12-04,Pegasus Airlines,PC1092,istanbul,12:45:00,Retrasado,220,Airbus A321,Y,INT,Jueves,Tarde,0,0,Low_Cost,0.95
2157,2025-12-04,Grupo wizz,W67022,bratislava,12:55:00,Retrasado,239,Airbus A321neo,U,EU,Jueves,Tarde,0,0,Low_Cost,0.95
2159,2025-12-04,Volotea,V71445,olbia,13:05:00,En hora,180,Airbus A320,R,EU,Jueves,Tarde,0,0,Low_Cost,0.95
2160,2025-12-04,Norwegian Air Shuttle,DY1741,oslo,13:25:00,En hora,189,Boeing 737-800,U,EU,Jueves,Tarde,0,0,Low_Cost,0.95
2162,2025-12-04,Luxair,LG3592,luxembourg,13:35:00,Retrasado,76,de Havilland Dash 8-400,U,EU,Jueves,Tarde,0,0,Legacy,0.86
2166,2025-12-04,Jet2,LS804,manchester,13:50:00,En hora,189,Boeing 737-800,Y,INT,Jueves,Tarde,0,0,Low_Cost,0.97
2168,2025-12-04,Air Baltic,BT684,riga,14:05:00,En hora,148,Airbus A220-300,U,EU,Jueves,Tarde,0,0,Low_Cost,0.97
2169,2025-12-04,Grupo easy,EC7153,milan,14:10:00,En hora,156,Airbus A319,R,EU,Jueves,Tarde,0,0,Low_Cost,0.97
2170,2025-12-04,SunExpress,XQ895,izmir,14:15:00,En hora,189,Boeing 737-800,W,INT,Jueves,Tarde,0,0,Low_Cost,0.95
2171,2025-12-04,Kuwait Airways,KU136,kuwait city,14:25:00,En hora,235,Airbus A330-800,W,INT,Jueves,Tarde,0,0,Legacy,0.86
2173,2025-12-04,Grupo easy,EC4212,napoli,14:35:00,En hora,180,Airbus A320,R,EU,Jueves,Tarde,0,0,Low_Cost,0.97
2174,2025-12-04,Norwegian Air Sweden AOC,D85502,stockholm,14:40:00,En hora,189,Boeing 737-800,U,EU,Jueves,Tarde,0,0,Low_Cost,0.97
2175,2025-12-04,Bluebird Airways,BZ251,tel aviv,14:45:00,En hora,189,Boeing 737-800,W,INT,Jueves,Tarde,0,0,Low_Cost,0.95
2176,2025-12-04,SmartWings,QS1059,prague,14:55:00,Retrasado,149,Airbus A220-300,U,EU,Jueves,Tarde,0,0,Low_Cost,0.97
2179,2025-12-04,Volotea,V73573,asturias,16:05:00,En hora,156,Airbus A319,R,NAC,Jueves,Tarde,0,0,Low_Cost,0.95
2180,2025-12-04,Volotea,V73700,vitoria,16:15:00,En hora,180,Airbus A320,R,NAC,Jueves,Tarde,0,0,Low_Cost,0.95
2184,2025-12-04,Grupo easy,EC1378,geneva,16:50:00,Retrasado,180,Airbus A320,R,EU,Jueves,Tarde,0,0,Low_Cost,0.95
2185,2025-12-04,Grupo easy,EC7173,berlin,17:25:00,En hora,156,Airbus A319,R,EU,Jueves,Tarde,0,0,Low_Cost,0.97
2187,2025-12-04,Volotea,V72327,strasbourg,17:30:00,En hora,180,Airbus A320,R,EU,Jueves,Tarde,0,0,Low_Cost,0.95
2190,2025-12-04,Grupo easy,EC7139,rennes/saint-jacques,18:15:00,En hora,156,Airbus A319,R,EU,Jueves,Tarde,0,0,Low_Cost,0.95
2193,2025-12-04,Grupo easy,EC7103,"basel, switzerland/mulhouse",18:40:00,Retrasado,156,Airbus A319,R,EU,Jueves,Tarde,0,0,Low_Cost,0.95
2194,2025-12-04,Grupo wizz,W43180,bucharest,18:45:00,En hora,230,Airbus A321,S,EU,Jueves,Tarde,0,0,Low_Cost,0.95
2195,2025-12-04,Grupo wizz,W61176,katowice,18:55:00,Retrasado,239,Airbus A321neo,U,EU,Jueves,Tarde,0,0,Low_Cost,0.95
2197,2025-12-04,Grupo easy,EC7155,milan,19:15:00,En hora,156,Airbus A319,R,EU,Jueves,Tarde,0,0,Low_Cost,0.97
2200,2025-12-04,Grupo wizz,W64406,sofia,19:35:00,En hora,239,Airbus A321neo,U,EU,Jueves,Tarde,0,0,Low_Cost,0.97
2201,2025-12-04,Air Arabia Maroc,3O378,tanger,19:40:00,Retrasado,174,Airbus A320,Y,INT,Jueves,Tarde,0,0,Low_Cost,0.95
2202,2025-12-04,Eurowings,EW2521,stuttgart,19:40:00,Retrasado,232,Airbus A321neo,S,EU,Jueves,Tarde,0,0,Low_Cost,0.95
2203,2025-12-04,Grupo wizz,W61478,warsaw,19:40:00,En hora,239,Airbus A321neo,U,EU,Jueves,Tarde,0,0,Low_Cost,0.97
2205,2025-12-04,Grupo easy,U28058,london,19:45:00,En hora,186,Airbus A320neo,M,INT,Jueves,Tarde,0,0,Low_Cost,0.97
2207,2025-12-04,Volotea,V72167,lille/lesquin,19:55:00,En hora,180,Airbus A320,S,EU,Jueves,Tarde,0,0,Low_Cost,0.95
2208,2025-12-04,Transavia,HV6788,eindhoven,20:00:00,Retrasado,189,Boeing 737-800,U,EU,Jueves,Noche,0,0,Low_Cost,0.95
2209,2025-12-04,Grupo easy,EC1956,milan,20:15:00,En hora,180,Airbus A320,R,EU,Jueves,Noche,0,0,Low_Cost,0.97
2210,2025-12-04,Air Arabia Maroc,3O376,al aaroui,20:25:00,Retrasado,174,Airbus A320,Y,INT,Jueves,Noche,0,0,Low_Cost,0.93
2213,2025-12-04,Transavia,HV5136,amsterdam,20:45:00,En hora,232,Airbus A321neo,U,EU,Jueves,Noche,0,0,Low_Cost,0.95
2214,2025-12-04,Grupo wizz,W62378,budapest,20:45:00,En hora,239,Airbus A321neo,U,EU,Jueves,Noche,0,0,Low_Cost,0.97
2215,2025-12-04,Transavia,TO4759,paris,20:50:00,En hora,186,Airbus A320neo,U,EU,Jueves,Noche,0,0,Low_Cost,0.97
2216,2025-12-04,Grupo easy,U22324,london,20:55:00,En hora,186,Airbus A320neo,M,INT,Jueves,Noche,0,0,Low_Cost,0.97
2217,2025-12-04,Grupo wizz,W64738,skopje,20:55:00,En hora,239,Airbus A321neo,W,INT,Jueves,Noche,0,0,Low_Cost,0.95
2219,2025-12-04,Aer Lingus,EI565,dublin,21:05:00,Retrasado,174,Airbus A320,W,INT,Jueves,Noche,0,0,Low_Cost,0.96
2220,2025-12-04,Grupo easy,EC1380,geneva,21:15:00,Retrasado,180,Airbus A320,R,EU,Jueves,Noche,0,0,Low_Cost,0.95
2222,2025-12-04,Grupo wizz,W43178,bucharest,21:20:00,Retrasado,230,Airbus A321,S,EU,Jueves,Noche,0,0,Low_Cost,0.95
2223,2025-12-04,Grupo wizz,W46728,venice,21:20:00,En hora,230,Airbus A321,S,EU,Jueves,Noche,0,0,Low_Cost,0.97
2224,2025-12-04,Grupo wizz,W43406,cluj-napoca,21:25:00,En hora,180,Airbus A320,S,EU,Jueves,Noche,0,0,Low_Cost,0.95
2227,2025-12-04,Grupo wizz,W46020,rome,21:35:00,Retrasado,239,Airbus A321neo,S,EU,Jueves,Noche,0,0,Low_Cost,0.96
2228,2025-12-04,Grupo wizz,W64116,belgrade,22:10:00,En hora,239,Airbus A321neo,Y,INT,Jueves,Noche,0,0,Low_Cost,0.95
2229,2025-12-04,Grupo wizz,W45154,tirana,22:45:00,En hora,239,Airbus A321neo,W,INT,Jueves,Noche,0,0,Low_Cost,0.95
2230,2025-12-05,Grupo easy,EC7105,geneva,06:10:00,En hora,156,Airbus A319,R,EU,Viernes,Mañana,0,1,Low_Cost,0.95
2237,2025-12-05,Grupo easy,EC7101,"basel, switzerland/mulhouse",07:20:00,En hora,156,Airbus A319,R,EU,Viernes,Mañana,0,1,Low_Cost,0.95
2238,2025-12-05,Grupo easy,EC7199,edinburgh,07:20:00,En hora,156,Airbus A319,M,INT,Viernes,Mañana,0,1,Low_Cost,0.97
2240,2025-12-05,Norwegian Air Sweden AOC,D85502,stockholm,08:00:00,Retrasado,189,Boeing 737-800,S,EU,Viernes,Mañana,0,1,Low_Cost,0.97
2244,2025-12-05,Grupo easy,EC1376,geneva,08:40:00,En hora,156,Airbus A319,R,EU,Viernes,Mañana,0,1,Low_Cost,0.95
2246,2025-12-05,Transavia,TO4751,paris,08:45:00,En hora,186,Airbus A320neo,U,EU,Viernes,Mañana,0,1,Low_Cost,0.97
2248,2025-12-05,Grupo wizz,W62048,krakow,09:05:00,En hora,239,Airbus A321neo,S,EU,Viernes,Mañana,0,1,Low_Cost,0.97
2249,2025-12-05,Grupo easy,EC3737,milan,09:10:00,En hora,180,Airbus A320,R,EU,Viernes,Mañana,0,1,Low_Cost,0.97
2251,2025-12-05,Air Arabia Maroc,3O374,casablanca,09:25:00,En hora,174,Airbus A320,Y,INT,Viernes,Mañana,0,1,Low_Cost,0.95
2253,2025-12-05,Grupo wizz,W43176,bucharest,09:25:00,En hora,230,Airbus A321,S,EU,Viernes,Mañana,0,1,Low_Cost,0.95
2254,2025-12-05,Grupo wizz,W45088,tirana,09:25:00,En hora,230,Airbus A321,W,INT,Viernes,Mañana,0,1,Low_Cost,0.95
2255,2025-12-05,Grupo wizz,W62376,budapest,09:25:00,En hora,239,Airbus A321neo,U,EU,Viernes,Mañana,0,1,Low_Cost,0.97
2258,2025-12-05,Transavia,HV6788,eindhoven,09:45:00,En hora,189,Boeing 737-800,U,EU,Viernes,Mañana,0,1,Low_Cost,0.95
2259,2025-12-05,Grupo easy,U26654,birmingham,09:45:00,Retrasado,186,Airbus A320neo,M,INT,Viernes,Mañana,0,1,Low_Cost,0.97
2260,2025-12-05,Air Arabia Maroc,3O378,tanger,09:50:00,En hora,174,Airbus A320,Y,INT,Viernes,Mañana,0,1,Low_Cost,0.95
2261,2025-12-05,Grupo easy,EC7656,lisbon,09:55:00,Retrasado,230,Airbus A321,R,EU,Viernes,Mañana,0,1,Low_Cost,0.97
2262,2025-12-05,Air Serbia,JU581,belgrade,09:55:00,Retrasado,174,Airbus A320,Y,INT,Viernes,Mañana,0,1,Legacy,0.86
2264,2025-12-05,Grupo wizz,W46018,rome,10:00:00,En hora,239,Airbus A321neo,S,EU,Viernes,Mañana,0,1,Low_Cost,0.96
2266,2025-12-05,Transavia,HV5132,amsterdam,10:05:00,Retrasado,232,Airbus A321neo,S,EU,Viernes,Mañana,0,1,Low_Cost,0.95
2267,2025-12-05,Eurowings,EW7521,hamburg,10:10:00,En hora,180,Airbus A320,S,EU,Viernes,Mañana,0,1,Low_Cost,0.95
2268,2025-12-05,Grupo wizz,W61476,warsaw,10:15:00,Retrasado,239,Airbus A321neo,U,EU,Viernes,Mañana,0,1,Low_Cost,0.97
2270,2025-12-05,Grupo easy,U22002,manchester,10:25:00,Retrasado,186,Airbus A320neo,M,INT,Viernes,Mañana,0,1,Low_Cost,0.97
2271,2025-12-05,Grupo easy,U22324,london,10:25:00,Retrasado,186,Airbus A320neo,M,INT,Viernes,Mañana,0,1,Low_Cost,0.97
2272,2025-12-05,Grupo easy,EC7131,nice/cote d'azur,10:30:00,En hora,156,Airbus A319,R,EU,Viernes,Mañana,0,1,Low_Cost,0.95
2274,2025-12-05,Grupo easy,EC4212,napoli,10:35:00,En hora,180,Airbus A320,R,EU,Viernes,Mañana,0,1,Low_Cost,0.97
2275,2025-12-05,Transavia,HV6064,rotterdam,10:40:00,En hora,189,Boeing 737-800,U,EU,Viernes,Mañana,0,1,Low_Cost,0.95
2276,2025-12-05,Grupo easy,U22704,bristol,10:50:00,En hora,180,Airbus A320,M,INT,Viernes,Mañana,0,1,Low_Cost,0.93
2281,2025-12-05,FLYONE Armenia,3F232,yerevan,11:30:00,Retrasado,180,Airbus A320,W,INT,Viernes,Mañana,0,1,Low_Cost,0.95
2282,2025-12-05,Aer Lingus,EI563,dublin,11:35:00,En hora,174,Airbus A320,W,INT,Viernes,Mañana,0,1,Low_Cost,0.96
2285,2025-12-05,Grupo easy,EC7141,strasbourg,11:45:00,En hora,156,Airbus A319,R,EU,Viernes,Mañana,0,1,Low_Cost,0.95
2287,2025-12-05,Grupo easy,U28056,london,11:45:00,En hora,186,Airbus A320neo,M,INT,Viernes,Mañana,0,1,Low_Cost,0.97
2288,2025-12-05,Icelandair,FI597,keflavik,11:50:00,Retrasado,160,Boeing 737 MAX 8,U,EU,Viernes,Mañana,0,1,Legacy,0.86
2290,2025-12-05,Grupo easy,EC8064,london,12:15:00,En hora,156,Airbus A319,M,INT,Viernes,Tarde,0,1,Low_Cost,0.97
2292,2025-12-05,Norwegian Air Sweden AOC,D83657,copenhagen,12:30:00,Retrasado,189,Boeing 737 MAX 8,S,EU,Viernes,Tarde,0,1,Low_Cost,0.97
2295,2025-12-05,Pegasus Airlines,PC1092,istanbul,12:45:00,En hora,239,Airbus A321neo,W,INT,Viernes,Tarde,0,1,Low_Cost,0.95
2297,2025-12-05,Grupo wizz,W67022,bratislava,12:55:00,En hora,239,Airbus A321neo,U,EU,Viernes,Tarde,0,1,Low_Cost,0.95
2298,2025-12-05,Grupo wizz,W46330,milan,13:10:00,Retrasado,239,Airbus A321neo,U,EU,Viernes,Tarde,0,1,Low_Cost,0.97
2299,2025-12-05,HiSky,H4264,bucharest,13:20:00,En hora,186,Airbus A320,R,EU,Viernes,Tarde,0,1,Low_Cost,0.95
2300,2025-12-05,Norwegian Air Shuttle,DY1741,oslo,13:25:00,En hora,189,Boeing 737-800,S,EU,Viernes,Tarde,0,1,Low_Cost,0.95
2301,2025-12-05,FlyOne,5F5512,chisinau,13:30:00,Retrasado,194,Airbus A321,W,INT,Viernes,Tarde,0,1,Low_Cost,0.95
2302,2025-12-05,Pegasus Airlines,PC1528,izmir,13:30:00,En hora,180,Airbus A320,Y,INT,Viernes,Tarde,0,1,Low_Cost,0.95
2305,2025-12-05,Jet2,LS804,manchester,13:50:00,En hora,189,Boeing 737-800,Y,INT,Viernes,Tarde,0,1,Low_Cost,0.97
2307,2025-12-05,Air Baltic,BT684,riga,14:05:00,Retrasado,148,Airbus A220-300,U,EU,Viernes,Tarde,0,1,Low_Cost,0.97
2308,2025-12-05,Azores Airlines,S4507,ponta delgada,14:05:00,En hora,186,Airbus A320neo,U,EU,Viernes,Tarde,0,1,Low_Cost,0.95
2309,2025-12-05,Turkish Airlines,TK608,ankara,14:15:00,En hora,151,Boeing 737 MAX 8,Y,INT,Viernes,Tarde,0,1,Legacy,0.86
2310,2025-12-05,Grupo easy,EC7153,milan,14:20:00,Retrasado,156,Airbus A319,R,EU,Viernes,Tarde,0,1,Low_Cost,0.97
2313,2025-12-05,Grupo easy,EC7107,geneva,14:40:00,En hora,156,Airbus A319,R,EU,Viernes,Tarde,0,1,Low_Cost,0.95
2315,2025-12-05,Volotea,V71443,ancona,14:45:00,En hora,180,Airbus A320,S,EU,Viernes,Tarde,0,1,Low_Cost,0.95
2316,2025-12-05,Grupo wizz,W64406,sofia,14:50:00,En hora,239,Airbus A321neo,S,EU,Viernes,Tarde,0,1,Low_Cost,0.97
2319,2025-12-05,SmartWings,QS1059,prague,14:55:00,En hora,189,Boeing 737-800,S,EU,Viernes,Tarde,0,1,Low_Cost,0.97
2322,2025-12-05,Volotea,V73735,murcia,15:15:00,En hora,156,Airbus A319,U,NAC,Viernes,Tarde,0,1,Low_Cost,0.95
2324,2025-12-05,Grupo easy,EC7694,lisbon,15:30:00,Retrasado,180,Airbus A320,R,EU,Viernes,Tarde,0,1,Low_Cost,0.97
2325,2025-12-05,Grupo wizz,W61412,warsaw,15:40:00,En hora,239,Airbus A321neo,U,EU,Viernes,Tarde,0,1,Low_Cost,0.97
2326,2025-12-05,Pegasus Airlines,PC1094,istanbul,15:45:00,En hora,239,Airbus A321neo,Y,INT,Viernes,Tarde,0,1,Low_Cost,0.95
2328,2025-12-05,Norwegian Air Sweden AOC,D85510,copenhagen,16:15:00,En hora,189,Boeing 737-800,U,EU,Viernes,Tarde,0,1,Low_Cost,0.97
2331,2025-12-05,Grupo wizz,W43564,timisoara,16:25:00,En hora,180,Airbus A320,U,EU,Viernes,Tarde,0,1,Low_Cost,0.95
2333,2025-12-05,Grupo easy,EC7173,berlin,16:50:00,Retrasado,156,Airbus A319,R,EU,Viernes,Tarde,0,1,Low_Cost,0.97
2334,2025-12-05,Volotea,V73700,vitoria,16:50:00,En hora,180,Airbus A320,U,NAC,Viernes,Tarde,0,1,Low_Cost,0.95
2337,2025-12-05,Grupo wizz,W67920,kopitnari,17:15:00,En hora,239,Airbus A321neo,Y,INT,Viernes,Tarde,0,1,Low_Cost,0.95
2339,2025-12-05,Volotea,V73573,asturias,17:40:00,En hora,156,Airbus A319,U,NAC,Viernes,Tarde,0,1,Low_Cost,0.95
2340,2025-12-05,Transavia,HV5134,amsterdam,17:45:00,En hora,189,Boeing 737-800,U,EU,Viernes,Tarde,0,1,Low_Cost,0.95
2343,2025-12-05,Grupo easy,EC7205,southampton,18:10:00,En hora,156,Airbus A319,M,INT,Viernes,Tarde,0,1,Low_Cost,0.95
2344,2025-12-05,Air Arabia Maroc,3O398,rabat,18:30:00,Retrasado,174,Airbus A320,Y,INT,Viernes,Tarde,0,1,Low_Cost,0.9
2345,2025-12-05,Grupo wizz,W43686,iasi,18:30:00,En hora,180,Airbus A320,U,EU,Viernes,Tarde,0,1,Low_Cost,0.95
2347,2025-12-05,Grupo easy,EC7103,"basel, switzerland/mulhouse",18:45:00,Retrasado,156,Airbus A319,R,EU,Viernes,Tarde,0,1,Low_Cost,0.95
2349,2025-12-05,Grupo wizz,W61478,warsaw,19:00:00,En hora,239,Airbus A321neo,U,EU,Viernes,Tarde,0,1,Low_Cost,0.97
2350,2025-12-05,Grupo easy,EC7155,milan,19:10:00,Retrasado,156,Airbus A319,R,EU,Viernes,Tarde,0,1,Low_Cost,0.97
2355,2025-12-05,Volotea,V72165,nantes/atlantique,19:30:00,En hora,156,Airbus A319,S,EU,Viernes,Tarde,0,1,Low_Cost,0.95
2356,2025-12-05,Eurowings,EW9443,dusseldorf,19:35:00,Retrasado,232,Airbus A321neo,S,EU,Viernes,Tarde,0,1,Low_Cost,0.95
2359,2025-12-05,Grupo easy,U28058,london,19:40:00,Retrasado,180,Airbus A320,M,INT,Viernes,Tarde,0,1,Low_Cost,0.97
2361,2025-12-05,Eurowings,EW2521,stuttgart,19:55:00,Retrasado,232,Airbus A321neo,S,EU,Viernes,Tarde,0,1,Low_Cost,0.95
2362,2025-12-05,Volotea,V71415,verona,19:55:00,En hora,180,Airbus A320,U,EU,Viernes,Tarde,0,1,Low_Cost,0.95
2363,2025-12-05,Grupo wizz,W64666,larnaca,19:55:00,En hora,230,Airbus A321,W,INT,Viernes,Tarde,0,1,Low_Cost,0.95
2368,2025-12-05,Grupo wizz,W62096,krakow,20:10:00,Retrasado,239,Airbus A321neo,S,EU,Viernes,Noche,0,1,Low_Cost,0.97
2369,2025-12-05,Grupo easy,EC1956,milan,20:15:00,En hora,180,Airbus A320,R,EU,Viernes,Noche,0,1,Low_Cost,0.97
2370,2025-12-05,Grupo wizz,W42940,vienna,20:20:00,En hora,239,Airbus A321neo,U,EU,Viernes,Noche,0,1,Low_Cost,0.97
2371,2025-12-05,T'Way Air,TW408,seoul/incheon,20:30:00,En hora,246,Airbus A330-200,W,INT,Viernes,Noche,0,1,Low_Cost,0.95
2372,2025-12-05,Volotea,V72135,bordeaux,20:30:00,En hora,180,Airbus A320,U,EU,Viernes,Noche,0,1,Low_Cost,0.95
2375,2025-12-05,Air Serbia,JU585,belgrade,20:35:00,En hora,144,Airbus A319,Y,INT,Viernes,Noche,0,1,Legacy,0.86
2377,2025-12-05,Luxair,LG3592,luxembourg,20:40:00,En hora,141,Boeing 737-700,R,EU,Viernes,Noche,0,1,Legacy,0.86
2378,2025-12-05,Grupo wizz,W62378,budapest,20:45:00,Retrasado,239,Airbus A321neo,S,EU,Viernes,Noche,0,1,Low_Cost,0.97
2380,2025-12-05,Transavia,TO4759,paris,20:50:00,Retrasado,186,Airbus A320neo,S,EU,Viernes,Noche,0,1,Low_Cost,0.97
2381,2025-12-05,Grupo easy,U22326,london,20:55:00,En hora,180,Airbus A320,M,INT,Viernes,Noche,0,1,Low_Cost,0.97
2383,2025-12-05,Aer Lingus,EI565,dublin,21:05:00,En hora,174,Airbus A320,W,INT,Viernes,Noche,0,1,Low_Cost,0.96
2384,2025-12-05,Grupo easy,U23374,liverpool,21:05:00,En hora,156,Airbus A319,M,INT,Viernes,Noche,0,1,Low_Cost,0.92
2386,2025-12-05,Grupo easy,EC1380,geneva,21:15:00,Retrasado,180,Airbus A320,R,EU,Viernes,Noche,0,1,Low_Cost,0.95
2387,2025-12-05,Grupo wizz,W43178,bucharest,21:20:00,En hora,230,Airbus A321,S,EU,Viernes,Noche,0,1,Low_Cost,0.95
2388,2025-12-05,Grupo wizz,W43406,cluj-napoca,21:25:00,En hora,180,Airbus A320,S,EU,Viernes,Noche,0,1,Low_Cost,0.95
2391,2025-12-05,Grupo wizz,W46020,rome,21:35:00,Retrasado,239,Airbus A321neo,S,EU,Viernes,Noche,0,1,Low_Cost,0.96
2394,2025-12-05,Grupo easy,EC7682,lisbon,21:45:00,En hora,230,Airbus A321,R,EU,Viernes,Noche,0,1,Low_Cost,0.97
2399,2025-12-05,Grupo wizz,W64116,belgrade,21:55:00,Retrasado,239,Airbus A321neo,Y,INT,Viernes,Noche,0,1,Low_Cost,0.95
2400,2025-12-05,Grupo wizz,W46728,venice,22:00:00,En hora,239,Airbus A321neo,U,EU,Viernes,Noche,0,1,Low_Cost,0.96
2401,2025-12-05,Grupo easy,U28060,london,22:15:00,Retrasado,180,Airbus A320,M,INT,Viernes,Noche,0,1,Low_Cost,0.96
2403,2025-12-05,Grupo wizz,W45154,tirana,22:45:00,En hora,239,Airbus A321neo,Y,INT,Viernes,Noche,0,1,Low_Cost,0.95
2404,2025-12-05,Grupo wizz,W61706,gdansk,22:50:00,Retrasado,239,Airbus A321neo,U,EU,Viernes,Noche,0,1,Low_Cost,0.96
2407,2025-12-06,Grupo easy,EC7105,geneva,06:10:00,En hora,156,Airbus A319,R,EU,Sábado,Mañana,1,0,Low_Cost,0.95
2413,2025-12-06,Grupo easy,EC7151,milan,07:30:00,En hora,156,Airbus A319,R,EU,Sábado,Mañana,1,0,Low_Cost,0.97
2416,2025-12-06,Air Arabia Maroc,3O376,al aaroui,08:35:00,En hora,174,Airbus A320,W,INT,Sábado,Mañana,1,0,Low_Cost,0.92
2420,2025-12-06,Grupo wizz,W43938,chisinau,09:00:00,En hora,180,Airbus A320,W,INT,Sábado,Mañana,1,0,Low_Cost,0.95
2421,2025-12-06,Grupo wizz,W62048,krakow,09:05:00,Retrasado,239,Airbus A321neo,S,EU,Sábado,Mañana,1,0,Low_Cost,0.97
2426,2025-12-06,Grupo wizz,W61914,vilnius,09:20:00,En hora,239,Airbus A321neo,S,EU,Sábado,Mañana,1,0,Low_Cost,0.97
2428,2025-12-06,Grupo wizz,W43176,bucharest,09:25:00,En hora,239,Airbus A321neo,S,EU,Sábado,Mañana,1,0,Low_Cost,0.95
2429,2025-12-06,Grupo wizz,W62376,budapest,09:25:00,En hora,239,Airbus A321neo,S,EU,Sábado,Mañana,1,0,Low_Cost,0.97
2431,2025-12-06,Grupo wizz,W42938,vienna,09:35:00,Retrasado,230,Airbus A321,U,EU,Sábado,Mañana,1,0,Low_Cost,0.97
2432,2025-12-06,Air Serbia,JU581,belgrade,09:55:00,En hora,144,Airbus A319,W,INT,Sábado,Mañana,1,0,Legacy,0.86
2435,2025-12-06,Grupo wizz,W46018,rome,10:00:00,En hora,239,Airbus A321neo,U,EU,Sábado,Mañana,1,0,Low_Cost,0.96
2436,2025-12-06,Transavia,HV5132,amsterdam,10:05:00,En hora,232,Airbus A321neo,R,EU,Sábado,Mañana,1,0,Low_Cost,0.95
2437,2025-12-06,Grupo wizz,W61812,wrocław,10:10:00,En hora,239,Airbus A321neo,S,EU,Sábado,Mañana,1,0,Low_Cost,0.95
2438,2025-12-06,Grupo wizz,W61476,warsaw,10:15:00,En hora,239,Airbus A321neo,U,EU,Sábado,Mañana,1,0,Low_Cost,0.97
2439,2025-12-06,Grupo easy,EC7656,lisbon,10:20:00,En hora,230,Airbus A321,R,EU,Sábado,Mañana,1,0,Low_Cost,0.97
2441,2025-12-06,Grupo easy,U22326,london,10:20:00,En hora,186,Airbus A320neo,M,INT,Sábado,Mañana,1,0,Low_Cost,0.97
2445,2025-12-06,Grupo easy,U28056,london,10:35:00,En hora,180,Airbus A320,M,INT,Sábado,Mañana,1,0,Low_Cost,0.97
2446,2025-12-06,Azerbaijan Airlines,J246,baku,10:45:00,En hora,186,Airbus A320neo,W,INT,Sábado,Mañana,1,0,Low_Cost,0.95
2447,2025-12-06,SkyUp MT,U5406,chisinau,10:50:00,Retrasado,149,Boeing 737-700,Y,INT,Sábado,Mañana,1,0,Low_Cost,0.95
2448,2025-12-06,Grupo easy,U22704,bristol,10:55:00,En hora,186,Airbus A320neo,M,INT,Sábado,Mañana,1,0,Low_Cost,0.94
2451,2025-12-06,Grupo easy,EC7193,leeds bradford,11:30:00,En hora,156,Airbus A319,M,INT,Sábado,Mañana,1,0,Low_Cost,0.95
2452,2025-12-06,Aer Lingus,EI563,dublin,11:30:00,En hora,174,Airbus A320,W,INT,Sábado,Mañana,1,0,Low_Cost,0.96
2456,2025-12-06,Grupo easy,EC8064,london,12:10:00,En hora,156,Airbus A319,M,INT,Sábado,Tarde,1,0,Low_Cost,0.97
2460,2025-12-06,Norwegian Air Sweden AOC,D85544,rovaniemi,12:45:00,En hora,189,Boeing 737-800,U,EU,Sábado,Tarde,1,0,Low_Cost,0.95
2461,2025-12-06,Pegasus Airlines,PC1092,istanbul,12:45:00,En hora,239,Airbus A321neo,W,INT,Sábado,Tarde,1,0,Low_Cost,0.95
2462,2025-12-06,Grupo wizz,W67022,bratislava,12:55:00,En hora,239,Airbus A321neo,U,EU,Sábado,Tarde,1,0,Low_Cost,0.95
2464,2025-12-06,Boliviana de Aviacion,OB775,santa cruz,13:10:00,Retrasado,246,Airbus A330-200,Y,INT,Sábado,Tarde,1,0,Legacy,0.86
2465,2025-12-06,Grupo wizz,W46330,milan,13:10:00,En hora,239,Airbus A321neo,S,EU,Sábado,Tarde,1,0,Low_Cost,0.97
2466,2025-12-06,Grupo easy,EC7101,"basel, switzerland/mulhouse",13:20:00,En hora,156,Airbus A319,R,EU,Sábado,Tarde,1,0,Low_Cost,0.95
2470,2025-12-06,Air Arabia Maroc,3O378,tanger,13:35:00,En hora,174,Airbus A320,Y,INT,Sábado,Tarde,1,0,Low_Cost,0.95
2471,2025-12-06,Grupo easy,EC7153,milan,13:35:00,En hora,156,Airbus A319,R,EU,Sábado,Tarde,1,0,Low_Cost,0.97
2474,2025-12-06,Air Baltic,BT684,riga,14:05:00,En hora,148,Airbus A220-300,S,EU,Sábado,Tarde,1,0,Low_Cost,0.97
2476,2025-12-06,Kuwait Airways,KU136,kuwait city,14:25:00,En hora,235,Airbus A330-800,W,INT,Sábado,Tarde,1,0,Legacy,0.86
2480,2025-12-06,Turkish Airlines,TK608,ankara,14:50:00,En hora,151,Boeing 737 MAX 8,W,INT,Sábado,Tarde,1,0,Legacy,0.86
2487,2025-12-06,Grupo wizz,W46728,venice,16:45:00,En hora,230,Airbus A321,S,EU,Sábado,Tarde,1,0,Low_Cost,0.97
2493,2025-12-06,Grupo wizz,W43180,bucharest,17:40:00,En hora,230,Airbus A321,S,EU,Sábado,Tarde,1,0,Low_Cost,0.95
2496,2025-12-06,Grupo easy,EC8066,london,17:55:00,En hora,156,Airbus A319,M,INT,Sábado,Tarde,1,0,Low_Cost,0.97
2498,2025-12-06,Bluebird Airways,BZ251,tel aviv,18:00:00,Retrasado,189,Boeing 737-800,Y,INT,Sábado,Tarde,1,0,Low_Cost,0.95
2499,2025-12-06,Grupo easy,EC7103,"basel, switzerland/mulhouse",18:00:00,En hora,156,Airbus A319,R,EU,Sábado,Tarde,1,0,Low_Cost,0.95
2501,2025-12-06,Transavia,HV5134,amsterdam,18:15:00,En hora,189,Boeing 737-800,U,EU,Sábado,Tarde,1,0,Low_Cost,0.95
2504,2025-12-06,Grupo wizz,W61176,katowice,18:55:00,En hora,239,Airbus A321neo,U,EU,Sábado,Tarde,1,0,Low_Cost,0.95
2505,2025-12-06,Grupo wizz,W61478,warsaw,19:00:00,En hora,239,Airbus A321neo,S,EU,Sábado,Tarde,1,0,Low_Cost,0.97
2508,2025-12-06,Volotea,V72327,strasbourg,19:20:00,Retrasado,180,Airbus A320,R,EU,Sábado,Tarde,1,0,Low_Cost,0.95
2509,2025-12-06,Transavia,TO4757,paris,19:25:00,Retrasado,186,Airbus A320neo,R,EU,Sábado,Tarde,1,0,Low_Cost,0.97
2511,2025-12-06,Grupo wizz,W64406,sofia,19:35:00,En hora,239,Airbus A321neo,U,EU,Sábado,Tarde,1,0,Low_Cost,0.97
2512,2025-12-06,Air Baltic,BT878,tallinn,19:40:00,En hora,148,Airbus A220-300,S,EU,Sábado,Tarde,1,0,Low_Cost,0.97
2514,2025-12-06,Volotea,V71415,verona,19:55:00,En hora,180,Airbus A320,U,EU,Sábado,Tarde,1,0,Low_Cost,0.95
2516,2025-12-06,Grupo easy,EC1380,geneva,20:10:00,En hora,180,Airbus A320,R,EU,Sábado,Noche,1,0,Low_Cost,0.95
2519,2025-12-06,T'Way Air,TW408,seoul/incheon,20:30:00,En hora,294,BOEING 777-300ER,W,INT,Sábado,Noche,1,0,Low_Cost,0.95
2522,2025-12-06,Transavia,TO4759,paris,20:45:00,Retrasado,186,Airbus A320neo,S,EU,Sábado,Noche,1,0,Low_Cost,0.97
2523,2025-12-06,Grupo wizz,W62378,budapest,20:45:00,En hora,239,Airbus A321neo,S,EU,Sábado,Noche,1,0,Low_Cost,0.97
2526,2025-12-06,Grupo wizz,W43178,bucharest,21:20:00,Retrasado,230,Airbus A321,S,EU,Sábado,Noche,1,0,Low_Cost,0.95
2527,2025-12-06,Grupo wizz,W43406,cluj-napoca,21:25:00,En hora,180,Airbus A320,S,EU,Sábado,Noche,1,0,Low_Cost,0.95
2530,2025-12-06,Grupo wizz,W46020,rome,21:35:00,Retrasado,239,Airbus A321neo,S,EU,Sábado,Noche,1,0,Low_Cost,0.96
2533,2025-12-06,Grupo wizz,W64116,belgrade,22:10:00,En hora,230,Airbus A321,W,INT,Sábado,Noche,1,0,Low_Cost,0.95
2534,2025-12-06,Air Arabia Maroc,3O642,tanger,22:15:00,En hora,174,Airbus A320,Y,INT,Sábado,Noche,1,0,Low_Cost,0.95
2542,2025-12-07,Grupo easy,EC7101,"basel, switzerland/mulhouse",06:50:00,En hora,156,Airbus A319,R,EU,Domingo,Mañana,0,1,Low_Cost,0.95
2543,2025-12-07,Grupo easy,EC7191,glasgow,07:20:00,En hora,156,Airbus A319,M,INT,Domingo,Mañana,0,1,Low_Cost,0.95
2544,2025-12-07,Grupo easy,EC8064,london,07:20:00,En hora,156,Airbus A319,M,INT,Domingo,Mañana,0,1,Low_Cost,0.97
2548,2025-12-07,Norwegian Air Sweden AOC,D85510,copenhagen,07:55:00,En hora,189,Boeing 737-800,R,EU,Domingo,Mañana,0,1,Low_Cost,0.97
2549,2025-12-07,Grupo easy,EC7131,nice/cote d'azur,08:00:00,En hora,156,Airbus A319,R,EU,Domingo,Mañana,0,1,Low_Cost,0.95
2550,2025-12-07,Grupo easy,EC3754,milan,08:25:00,En hora,180,Airbus A320,R,EU,Domingo,Mañana,0,1,Low_Cost,0.97
2552,2025-12-07,Grupo easy,EC1376,geneva,08:35:00,En hora,156,Airbus A319,R,EU,Domingo,Mañana,0,1,Low_Cost,0.95
2553,2025-12-07,Volotea,V73735,murcia,08:40:00,En hora,180,Airbus A320,R,NAC,Domingo,Mañana,0,1,Low_Cost,0.95
2556,2025-12-07,Grupo wizz,W62048,krakow,09:05:00,En hora,239,Airbus A321neo,U,EU,Domingo,Mañana,0,1,Low_Cost,0.97
2558,2025-12-07,Eurowings,EW7521,hamburg,09:25:00,En hora,150,Airbus A319,U,EU,Domingo,Mañana,0,1,Low_Cost,0.95
2559,2025-12-07,Grupo wizz,W43176,bucharest,09:25:00,En hora,230,Airbus A321,U,EU,Domingo,Mañana,0,1,Low_Cost,0.95
2560,2025-12-07,Grupo wizz,W45088,tirana,09:25:00,En hora,239,Airbus A321neo,W,INT,Domingo,Mañana,0,1,Low_Cost,0.95
2561,2025-12-07,Grupo wizz,W62376,budapest,09:25:00,En hora,239,Airbus A321neo,S,EU,Domingo,Mañana,0,1,Low_Cost,0.97
2563,2025-12-07,Grupo wizz,W42938,vienna,09:35:00,En hora,239,Airbus A321neo,U,EU,Domingo,Mañana,0,1,Low_Cost,0.97
2564,2025-12-07,Grupo easy,EC7656,lisbon,09:45:00,En hora,230,Airbus A321,R,EU,Domingo,Mañana,0,1,Low_Cost,0.97
2572,2025-12-07,Grupo wizz,W46018,rome,10:00:00,En hora,239,Airbus A321neo,R,EU,Domingo,Mañana,0,1,Low_Cost,0.96
2575,2025-12-07,Grupo wizz,W61812,wrocław,10:10:00,En hora,239,Airbus A321neo,S,EU,Domingo,Mañana,0,1,Low_Cost,0.95
2576,2025-12-07,Grupo wizz,W61476,warsaw,10:15:00,Retrasado,239,Airbus A321neo,U,EU,Domingo,Mañana,0,1,Low_Cost,0.97
2578,2025-12-07,Grupo easy,U22324,london,10:25:00,En hora,156,Airbus A319,M,INT,Domingo,Mañana,0,1,Low_Cost,0.97
2583,2025-12-07,Azerbaijan Airlines,J246,baku,10:45:00,Retrasado,122,Airbus A319,Y,INT,Domingo,Mañana,0,1,Low_Cost,0.95
2585,2025-12-07,Grupo easy,U22002,manchester,11:10:00,En hora,180,Airbus A320,M,INT,Domingo,Mañana,0,1,Low_Cost,0.97
2586,2025-12-07,Norwegian Air Shuttle,DY1741,oslo,11:15:00,Retrasado,189,Boeing 737 MAX 8,U,EU,Domingo,Mañana,0,1,Low_Cost,0.95
2587,2025-12-07,Aer Lingus,EI563,dublin,11:30:00,En hora,186,Airbus A320neo,Y,INT,Domingo,Mañana,0,1,Low_Cost,0.96
2588,2025-12-07,Grupo easy,EC7139,rennes/saint-jacques,11:45:00,En hora,156,Airbus A319,R,EU,Domingo,Mañana,0,1,Low_Cost,0.95
2589,2025-12-07,Icelandair,FI597,keflavik,11:50:00,Retrasado,160,Boeing 737 MAX 8,U,EU,Domingo,Mañana,0,1,Legacy,0.86
2591,2025-12-07,Volotea,V72327,strasbourg,11:55:00,En hora,156,Airbus A319,S,EU,Domingo,Mañana,0,1,Low_Cost,0.95
2597,2025-12-07,Volotea,V72167,lille/lesquin,12:35:00,En hora,180,Airbus A320,R,EU,Domingo,Tarde,0,1,Low_Cost,0.95
2599,2025-12-07,Pegasus Airlines,PC1092,istanbul,12:45:00,En hora,239,Airbus A321neo,W,INT,Domingo,Tarde,0,1,Low_Cost,0.95
2602,2025-12-07,Volotea,V71445,olbia,13:05:00,En hora,180,Airbus A320,R,EU,Domingo,Tarde,0,1,Low_Cost,0.95
2603,2025-12-07,Grupo wizz,W46330,milan,13:10:00,Retrasado,239,Airbus A321neo,S,EU,Domingo,Tarde,0,1,Low_Cost,0.97
2605,2025-12-07,Grupo easy,U28056,london,13:25:00,En hora,156,Airbus A319,M,INT,Domingo,Tarde,0,1,Low_Cost,0.97
2606,2025-12-07,Pegasus Airlines,PC1528,izmir,13:30:00,En hora,180,Airbus A320,W,INT,Domingo,Tarde,0,1,Low_Cost,0.95
2607,2025-12-07,Grupo easy,EC1380,geneva,13:40:00,Retrasado,180,Airbus A320,R,EU,Domingo,Tarde,0,1,Low_Cost,0.95
2610,2025-12-07,Air Baltic,BT684,riga,14:05:00,En hora,148,Airbus A220-300,S,EU,Domingo,Tarde,0,1,Low_Cost,0.97
2611,2025-12-07,Grupo easy,EC7153,milan,14:05:00,En hora,156,Airbus A319,R,EU,Domingo,Tarde,0,1,Low_Cost,0.97
2615,2025-12-07,SunExpress,XQ895,izmir,14:15:00,En hora,189,Boeing 737-800,W,INT,Domingo,Tarde,0,1,Low_Cost,0.95
2616,2025-12-07,Transavia,HV5132,amsterdam,14:20:00,En hora,189,Boeing 737-800,S,EU,Domingo,Tarde,0,1,Low_Cost,0.95
2617,2025-12-07,Grupo easy,EC7107,geneva,14:25:00,En hora,156,Airbus A319,R,EU,Domingo,Tarde,0,1,Low_Cost,0.95
2619,2025-12-07,Norwegian Air Sweden AOC,D85502,stockholm,14:40:00,En hora,189,Boeing 737-800,U,EU,Domingo,Tarde,0,1,Low_Cost,0.97
2620,2025-12-07,Bluebird Airways,BZ251,tel aviv,14:45:00,En hora,189,Boeing 737-800,Y,INT,Domingo,Tarde,0,1,Low_Cost,0.95
2621,2025-12-07,SmartWings,QS1059,prague,14:55:00,En hora,149,Airbus A220-300,U,EU,Domingo,Tarde,0,1,Low_Cost,0.97
2625,2025-12-07,Transavia,TO4755,paris,15:15:00,En hora,186,Airbus A320neo,U,EU,Domingo,Tarde,0,1,Low_Cost,0.97
2626,2025-12-07,Grupo easy,EC7694,lisbon,15:20:00,En hora,180,Airbus A320,R,EU,Domingo,Tarde,0,1,Low_Cost,0.97
2627,2025-12-07,Grupo wizz,W61412,warsaw,15:25:00,En hora,239,Airbus A321neo,U,EU,Domingo,Tarde,0,1,Low_Cost,0.97
2629,2025-12-07,Air Arabia Maroc,3O378,tanger,15:35:00,En hora,174,Airbus A320,Y,INT,Domingo,Tarde,0,1,Low_Cost,0.95
2632,2025-12-07,Grupo easy,EC7173,berlin,16:30:00,En hora,156,Airbus A319,R,EU,Domingo,Tarde,0,1,Low_Cost,0.97
2635,2025-12-07,Air Arabia Maroc,3O374,casablanca,17:00:00,En hora,174,Airbus A320,Y,INT,Domingo,Tarde,0,1,Low_Cost,0.95
2640,2025-12-07,Volotea,V73573,asturias,17:40:00,En hora,156,Airbus A319,S,NAC,Domingo,Tarde,0,1,Low_Cost,0.95
2645,2025-12-07,Grupo easy,EC7109,geneva,18:15:00,En hora,156,Airbus A319,R,EU,Domingo,Tarde,0,1,Low_Cost,0.95
2646,2025-12-07,Volotea,V73700,vitoria,18:20:00,En hora,180,Airbus A320,S,NAC,Domingo,Tarde,0,1,Low_Cost,0.95
2648,2025-12-07,Grupo wizz,W43686,iasi,18:30:00,En hora,180,Airbus A320,U,EU,Domingo,Tarde,0,1,Low_Cost,0.95
2649,2025-12-07,Jet2,LS804,manchester,18:35:00,En hora,189,Boeing 737-800,W,INT,Domingo,Tarde,0,1,Low_Cost,0.97
2650,2025-12-07,Grupo easy,EC7103,"basel, switzerland/mulhouse",18:45:00,En hora,156,Airbus A319,R,EU,Domingo,Tarde,0,1,Low_Cost,0.95
2652,2025-12-07,Transavia,HV6066,rotterdam,18:50:00,En hora,189,Boeing 737-800,U,EU,Domingo,Tarde,0,1,Low_Cost,0.95
2653,2025-12-07,Grupo easy,U25716,southend,18:55:00,Retrasado,186,Airbus A320neo,M,INT,Domingo,Tarde,0,1,Low_Cost,0.95
2654,2025-12-07,Grupo wizz,W61176,katowice,18:55:00,En hora,180,Airbus A320,R,EU,Domingo,Tarde,0,1,Low_Cost,0.95
2655,2025-12-07,Grupo wizz,W61478,warsaw,19:00:00,En hora,239,Airbus A321neo,U,EU,Domingo,Tarde,0,1,Low_Cost,0.97
2656,2025-12-07,Grupo easy,EC7159,milan,19:05:00,En hora,156,Airbus A319,R,EU,Domingo,Tarde,0,1,Low_Cost,0.97
2657,2025-12-07,Grupo wizz,W43180,bucharest,19:05:00,Retrasado,230,Airbus A321,R,EU,Domingo,Tarde,0,1,Low_Cost,0.95
2660,2025-12-07,Volotea,V72165,nantes/atlantique,19:30:00,En hora,156,Airbus A319,S,EU,Domingo,Tarde,0,1,Low_Cost,0.95
2661,2025-12-07,Grupo wizz,W64406,sofia,19:35:00,En hora,239,Airbus A321neo,S,EU,Domingo,Tarde,0,1,Low_Cost,0.97
2663,2025-12-07,Grupo easy,EC3750,milan,19:45:00,En hora,180,Airbus A320,R,EU,Domingo,Tarde,0,1,Low_Cost,0.97
2666,2025-12-07,Grupo easy,U28058,london,19:45:00,En hora,180,Airbus A320,M,INT,Domingo,Tarde,0,1,Low_Cost,0.97
2667,2025-12-07,Grupo wizz,W64666,larnaca,19:55:00,En hora,230,Airbus A321,W,INT,Domingo,Tarde,0,1,Low_Cost,0.95
2669,2025-12-07,Grupo wizz,W62096,krakow,20:10:00,Retrasado,239,Airbus A321neo,U,EU,Domingo,Noche,0,1,Low_Cost,0.97
2670,2025-12-07,Grupo easy,EC4212,napoli,20:20:00,En hora,180,Airbus A320,R,EU,Domingo,Noche,0,1,Low_Cost,0.97
2671,2025-12-07,Transavia,HV6788,eindhoven,20:20:00,En hora,189,Boeing 737-800,U,EU,Domingo,Noche,0,1,Low_Cost,0.95
2672,2025-12-07,Grupo wizz,W67022,bratislava,20:20:00,En hora,239,Airbus A321neo,S,EU,Domingo,Noche,0,1,Low_Cost,0.95
2674,2025-12-07,Eurowings,EW521,cologne-bonn,20:35:00,En hora,180,Airbus A320,R,EU,Domingo,Noche,0,1,Low_Cost,0.97
2675,2025-12-07,Air Serbia,JU585,belgrade,20:35:00,En hora,174,Airbus A320,Y,INT,Domingo,Noche,0,1,Legacy,0.86
2676,2025-12-07,Norwegian Air Sweden AOC,D83659,copenhagen,20:40:00,En hora,189,Boeing 737 MAX 8,R,EU,Domingo,Noche,0,1,Low_Cost,0.97
2677,2025-12-07,Eurowings,EW2521,stuttgart,20:40:00,En hora,232,Airbus A321neo,R,EU,Domingo,Noche,0,1,Low_Cost,0.95
2679,2025-12-07,Luxair,LG3596,luxembourg,20:40:00,Retrasado,141,Boeing 737-700,U,EU,Domingo,Noche,0,1,Legacy,0.86
2680,2025-12-07,Transavia,TO4759,paris,20:45:00,Retrasado,189,Boeing 737-800,S,EU,Domingo,Noche,0,1,Low_Cost,0.97
2681,2025-12-07,Grupo wizz,W62378,budapest,20:45:00,Retrasado,239,Airbus A321neo,U,EU,Domingo,Noche,0,1,Low_Cost,0.97
2684,2025-12-07,Grupo easy,U22326,london,20:55:00,En hora,186,Airbus A320neo,M,INT,Domingo,Noche,0,1,Low_Cost,0.97
2685,2025-12-07,Grupo wizz,W64738,skopje,20:55:00,En hora,239,Airbus A321neo,W,INT,Domingo,Noche,0,1,Low_Cost,0.95
2687,2025-12-07,Aer Lingus,EI565,dublin,21:05:00,En hora,174,Airbus A320,Y,INT,Domingo,Noche,0,1,Low_Cost,0.96
2689,2025-12-07,Transavia,HV5134,amsterdam,21:15:00,En hora,189,Boeing 737-800,S,EU,Domingo,Noche,0,1,Low_Cost,0.95
2691,2025-12-07,Grupo wizz,W43178,bucharest,21:20:00,En hora,230,Airbus A321,S,EU,Domingo,Noche,0,1,Low_Cost,0.95
2692,2025-12-07,Grupo wizz,W43406,cluj-napoca,21:25:00,En hora,180,Airbus A320,R,EU,Domingo,Noche,0,1,Low_Cost,0.95
2693,2025-12-07,Grupo easy,U28060,london,21:30:00,En hora,156,Airbus A319,M,INT,Domingo,Noche,0,1,Low_Cost,0.97
2694,2025-12-07,Grupo wizz,W46020,rome,21:35:00,En hora,239,Airbus A321neo,S,EU,Domingo,Noche,0,1,Low_Cost,0.96
2696,2025-12-07,Grupo wizz,W46728,venice,21:45:00,En hora,230,Airbus A321,S,EU,Domingo,Noche,0,1,Low_Cost,0.97
2697,2025-12-07,Grupo easy,U22706,bristol,21:50:00,En hora,180,Airbus A320,M,INT,Domingo,Noche,0,1,Low_Cost,0.93
2698,2025-12-07,Volotea,V71415,verona,21:55:00,En hora,180,Airbus A320,R,EU,Domingo,Noche,0,1,Low_Cost,0.95
2699,2025-12-07,Grupo wizz,W64116,belgrade,21:55:00,En hora,239,Airbus A321neo,W,INT,Domingo,Noche,0,1,Low_Cost,0.95
2700,2025-12-07,Grupo wizz,W45154,tirana,22:45:00,En hora,230,Airbus A321,W,INT,Domingo,Noche,0,1,Low_Cost,0.95
2702,2025-12-07,Grupo wizz,W61706,gdansk,22:50:00,En hora,239,Airbus A321neo,S,EU,Domingo,Noche,0,1,Low_Cost,0.96
