,fecha_scrapeo,Name_company,Num_flight,Name_Destiny,Time_flight,flight_state,flight_capacity,Aircraft,Gate,Type_f,week_day,day_time,festivo,Visper_fest
0,2025-11-17,Grupo Ryanair,FR3180,rome,06:00:00,En hora,189,Boeing 737-800,U,EU,Lunes,Mañana,0,0
1,2025-11-17,Grupo Ryanair,FR846,milan,06:10:00,Retrasado,189,Boeing 737-800,S,EU,Lunes,Mañana,0,0
2,2025-11-17,Grupo easy,EC7105,geneva,06:15:00,En hora,156,Airbus A319,R,EU,Lunes,Mañana,0,0
3,2025-11-17,Grupo Ryanair,FR2233,al aaroui,06:20:00,Retrasado,189,Boeing 737-800,W,INT,Lunes,Mañana,0,0
4,2025-11-17,Grupo Ryanair,FR8384,budapest,06:25:00,En hora,189,Boeing 737-800,R,EU,Lunes,Mañana,0,0
5,2025-11-17,Grupo Ryanair,FR3078,lisbon,06:30:00,En hora,189,Boeing 737-800,U,EU,Lunes,Mañana,0,0
6,2025-11-17,Grupo easy,EC8062,london,06:45:00,Retrasado,156,Airbus A319,R,EU,Lunes,Mañana,0,0
7,2025-11-17,Grupo Ryanair,FR3035,krakow,06:45:00,En hora,189,Boeing 737-800,S,EU,Lunes,Mañana,0,0
8,2025-11-17,Grupo Ryanair,FR8215,london,06:45:00,En hora,197,Boeing 737 MAX 8,Y,INT,Lunes,Mañana,0,0
9,2025-11-17,Grupo easy,EC7141,strasbourg,07:20:00,En hora,156,Airbus A319,R,EU,Lunes,Mañana,0,0
10,2025-11-17,Grupo easy,EC7151,milan,07:20:00,En hora,156,Airbus A319,R,EU,Lunes,Mañana,0,0
11,2025-11-17,Grupo Ryanair,FR3028,ibiza,07:35:00,En hora,189,Boeing 737-800,U,NAC,Lunes,Mañana,0,0
12,2025-11-17,Grupo Ryanair,LW1342,palma de mallorca,07:40:00,En hora,180,Airbus A320,R,NAC,Lunes,Mañana,0,0
13,2025-11-17,Grupo Ryanair,FR1165,sevilla,07:55:00,En hora,189,Boeing 737-800,S,NAC,Lunes,Mañana,0,0
14,2025-11-17,Norwegian Air Sweden AOC,D85510,copenhagen,08:00:00,En hora,189,Boeing 737-800,U,EU,Lunes,Mañana,0,0
15,2025-11-17,Grupo Ryanair,FR58,napoli,08:35:00,En hora,197,Boeing 737 MAX 8,U,EU,Lunes,Mañana,0,0
16,2025-11-17,Grupo Ryanair,FR575,bologna,08:40:00,En hora,189,Boeing 737-800,S,EU,Lunes,Mañana,0,0
17,2025-11-17,Grupo easy,EC1376,geneva,08:45:00,En hora,156,Airbus A319,R,EU,Lunes,Mañana,0,0
18,2025-11-17,Grupo Ryanair,LW12,vienna,09:00:00,En hora,180,Airbus A320,R,EU,Lunes,Mañana,0,0
19,2025-11-17,Grupo Ryanair,FR6078,ouarzazate,09:05:00,En hora,189,Boeing 737-800,W,INT,Lunes,Mañana,0,0
20,2025-11-17,Grupo wizz,W62048,krakow,09:05:00,En hora,239,Airbus A321neo,S,EU,Lunes,Mañana,0,0
21,2025-11-17,Volotea,V72327,strasbourg,09:10:00,Retrasado,180,Airbus A320,U,EU,Lunes,Mañana,0,0
22,2025-11-17,Air Arabia Maroc,3O398,rabat,09:20:00,En hora,174,Airbus A320,Y,INT,Lunes,Mañana,0,0
23,2025-11-17,Eurowings,EW2521,stuttgart,09:20:00,En hora,180,Airbus A320,S,EU,Lunes,Mañana,0,0
24,2025-11-17,Grupo wizz,W43176,bucharest,09:25:00,En hora,230,Airbus A321,U,EU,Lunes,Mañana,0,0
25,2025-11-17,Grupo wizz,W45088,tirana,09:25:00,En hora,239,Airbus A321neo,W,INT,Lunes,Mañana,0,0
26,2025-11-17,Grupo wizz,W62376,budapest,09:25:00,En hora,239,Airbus A321neo,U,EU,Lunes,Mañana,0,0
27,2025-11-17,Volotea,V73573,asturias,09:30:00,Retrasado,156,Airbus A319,S,NAC,Lunes,Mañana,0,0
28,2025-11-17,Grupo easy,EC1030,"basel, switzerland/mulhouse",09:35:00,En hora,180,Airbus A320,R,EU,Lunes,Mañana,0,0
29,2025-11-17,Grupo Ryanair,FR2834,charleroi,09:40:00,Retrasado,189,Boeing 737-800,U,EU,Lunes,Mañana,0,0
30,2025-11-17,Transavia,HV6062,rotterdam,09:40:00,En hora,189,Boeing 737-800,S,EU,Lunes,Mañana,0,0
31,2025-11-17,Eurowings,EW9441,dusseldorf,09:45:00,En hora,180,Airbus A320,S,EU,Lunes,Mañana,0,0
32,2025-11-17,Grupo Ryanair,FR2495,palma de mallorca,09:45:00,Retrasado,189,Boeing 737-800,R,NAC,Lunes,Mañana,0,0
33,2025-11-17,Grupo Ryanair,FR4545,porto,09:50:00,En hora,189,Boeing 737-800,R,EU,Lunes,Mañana,0,0
34,2025-11-17,Air Serbia,JU581,belgrade,09:55:00,En hora,144,Airbus A319,W,INT,Lunes,Mañana,0,0
35,2025-11-17,Grupo easy,EC7656,lisbon,10:00:00,En hora,230,Airbus A321,R,EU,Lunes,Mañana,0,0
36,2025-11-17,Transavia,HV5132,amsterdam,10:05:00,En hora,189,Boeing 737-800,U,EU,Lunes,Mañana,0,0
37,2025-11-17,Transavia,TO4751,paris,10:05:00,Retrasado,189,Boeing 737-800,U,EU,Lunes,Mañana,0,0
38,2025-11-17,Grupo wizz,W46018,rome,10:05:00,Retrasado,239,Airbus A321neo,U,EU,Lunes,Mañana,0,0
39,2025-11-17,Grupo Ryanair,FR6559,liverpool,10:15:00,En hora,189,Boeing 737-800,W,INT,Lunes,Mañana,0,0
40,2025-11-17,Grupo wizz,W61476,warsaw,10:15:00,Retrasado,230,Airbus A321,S,EU,Lunes,Mañana,0,0
41,2025-11-17,Grupo Ryanair,FR3143,milan,10:20:00,Retrasado,189,Boeing 737-800,U,EU,Lunes,Mañana,0,0
42,2025-11-17,Grupo easy,U22324,london,10:25:00,Retrasado,186,Airbus A320neo,M,INT,Lunes,Mañana,0,0
43,2025-11-17,Grupo Ryanair,FR7808,london,10:35:00,En hora,197,Boeing 737 MAX 8,Y,INT,Lunes,Mañana,0,0
44,2025-11-17,Grupo easy,EC7131,nice/cote d'azur,10:40:00,En hora,156,Airbus A319,R,EU,Lunes,Mañana,0,0
45,2025-11-17,Grupo easy,U28056,london,10:40:00,Retrasado,180,Airbus A320,M,INT,Lunes,Mañana,0,0
46,2025-11-17,Grupo Ryanair,FR2239,marrakech,10:45:00,En hora,189,Boeing 737-800,Y,INT,Lunes,Mañana,0,0
47,2025-11-17,Grupo Ryanair,FR3121,paris,10:45:00,En hora,189,Boeing 737-800,U,EU,Lunes,Mañana,0,0
48,2025-11-17,Grupo Ryanair,FR3976,dublin,10:45:00,En hora,189,Boeing 737-800,W,INT,Lunes,Mañana,0,0
49,2025-11-17,Grupo Ryanair,FR3039,prague,10:55:00,Retrasado,189,Boeing 737-800,U,EU,Lunes,Mañana,0,0
50,2025-11-17,Grupo Ryanair,FR9045,london,11:00:00,En hora,189,Boeing 737-800,W,INT,Lunes,Mañana,0,0
51,2025-11-17,Grupo easy,U22002,manchester,11:20:00,Retrasado,180,Airbus A320,M,INT,Lunes,Mañana,0,0
52,2025-11-17,FLYONE Armenia,3F232,yerevan,11:30:00,En hora,180,Airbus A320,Y,INT,Lunes,Mañana,0,0
53,2025-11-17,Aer Lingus,EI563,dublin,11:30:00,En hora,174,Airbus A320,Y,INT,Lunes,Mañana,0,0
54,2025-11-17,Grupo Ryanair,FR7539,milan,11:30:00,En hora,189,Boeing 737-800,R,EU,Lunes,Mañana,0,0
55,2025-11-17,Transavia,TO4755,paris,11:30:00,En hora,189,Boeing 737-800,U,EU,Lunes,Mañana,0,0
56,2025-11-17,Grupo Ryanair,FR1279,copenhagen,11:35:00,En hora,189,Boeing 737-800,S,EU,Lunes,Mañana,0,0
57,2025-11-17,Grupo easy,EC7197,birmingham,11:40:00,En hora,156,Airbus A319,R,EU,Lunes,Mañana,0,0
58,2025-11-17,Grupo Ryanair,FR777,venice,11:55:00,En hora,197,Boeing 737 MAX 8,S,EU,Lunes,Mañana,0,0
59,2025-11-17,Grupo Ryanair,FR8217,london,12:00:00,En hora,189,Boeing 737-800,W,INT,Lunes,Tarde,0,0
60,2025-11-17,Jet2,LS232,leeds bradford,12:00:00,En hora,189,Boeing 737-800,W,INT,Lunes,Tarde,0,0
61,2025-11-17,Grupo Ryanair,FR3129,ibiza,12:35:00,Retrasado,189,Boeing 737-800,R,NAC,Lunes,Tarde,0,0
62,2025-11-17,Grupo Ryanair,FR6973,rome,12:35:00,Retrasado,197,Boeing 737 MAX 8,S,EU,Lunes,Tarde,0,0
63,2025-11-17,Grupo Ryanair,FR774,torino,12:40:00,En hora,189,Boeing 737-800,S,EU,Lunes,Tarde,0,0
64,2025-11-17,Pegasus Airlines,PC1092,istanbul,12:45:00,En hora,180,Airbus A320,W,INT,Lunes,Tarde,0,0
65,2025-11-17,Norwegian Air Sweden AOC,D83657,copenhagen,12:50:00,En hora,189,Boeing 737 MAX 8,S,EU,Lunes,Tarde,0,0
66,2025-11-17,Grupo easy,EC7137,lyon,12:55:00,En hora,156,Airbus A319,R,EU,Lunes,Tarde,0,0
67,2025-11-17,Grupo wizz,W67022,bratislava,12:55:00,Retrasado,239,Airbus A321neo,S,EU,Lunes,Tarde,0,0
68,2025-11-17,Grupo Ryanair,FR3108,luxembourg,13:00:00,Retrasado,197,Boeing 737 MAX 8,U,EU,Lunes,Tarde,0,0
69,2025-11-17,Grupo wizz,W46330,milan,13:10:00,En hora,239,Airbus A321neo,U,EU,Lunes,Tarde,0,0
70,2025-11-17,Grupo Ryanair,FR8631,tanger,13:20:00,En hora,189,Boeing 737-800,Y,INT,Lunes,Tarde,0,0
71,2025-11-17,HiSky,H4264,bucharest,13:20:00,En hora,186,Airbus A320,S,EU,Lunes,Tarde,0,0
72,2025-11-17,Norwegian Air Sweden AOC,D81741,oslo,13:25:00,En hora,189,Boeing 737-800,U,EU,Lunes,Tarde,0,0
73,2025-11-17,Eurowings,EW521,cologne-bonn,13:25:00,En hora,180,Airbus A320,U,EU,Lunes,Tarde,0,0
74,2025-11-17,Pegasus Airlines,PC1528,izmir,13:30:00,En hora,180,Airbus A320,Y,INT,Lunes,Tarde,0,0
75,2025-11-17,Luxair,LG3592,luxembourg,13:35:00,Retrasado,76,de Havilland Dash 8-400,U,EU,Lunes,Tarde,0,0
76,2025-11-17,Grupo easy,EC7153,milan,13:40:00,Retrasado,156,Airbus A319,R,EU,Lunes,Tarde,0,0
77,2025-11-17,Grupo Ryanair,FR4585,porto,13:40:00,Retrasado,189,Boeing 737-800,S,EU,Lunes,Tarde,0,0
78,2025-11-17,Turkish Airlines,TK608,ankara,13:40:00,Retrasado,165,Boeing 737-800,Y,INT,Lunes,Tarde,0,0
79,2025-11-17,Grupo Ryanair,FR3189,fes,13:50:00,Retrasado,189,Boeing 737-800,W,INT,Lunes,Tarde,0,0
80,2025-11-17,Jet2,LS804,manchester,13:50:00,En hora,189,Boeing 737-800,W,INT,Lunes,Tarde,0,0
81,2025-11-17,Grupo Ryanair,FR3792,birmingham,13:55:00,En hora,189,Boeing 737-800,W,INT,Lunes,Tarde,0,0
82,2025-11-17,Air Baltic,BT684,riga,14:05:00,Retrasado,148,Airbus A220-300,U,EU,Lunes,Tarde,0,0
83,2025-11-17,Grupo Ryanair,FR2889,palma de mallorca,14:05:00,Retrasado,189,Boeing 737-800,S,NAC,Lunes,Tarde,0,0
84,2025-11-17,Norwegian Air Sweden AOC,D85502,stockholm,14:40:00,En hora,189,Boeing 737-800,U,EU,Lunes,Tarde,0,0
85,2025-11-17,Bluebird Airways,BZ251,tel aviv,14:45:00,En hora,189,Boeing 737-800,W,INT,Lunes,Tarde,0,0
86,2025-11-17,Grupo easy,EC7107,geneva,14:45:00,Retrasado,156,Airbus A319,R,EU,Lunes,Tarde,0,0
87,2025-11-17,Volotea,V71443,ancona,14:45:00,En hora,180,Airbus A320,S,EU,Lunes,Tarde,0,0
88,2025-11-17,Grupo wizz,W64406,sofia,14:50:00,Retrasado,239,Airbus A321neo,S,EU,Lunes,Tarde,0,0
89,2025-11-17,Grupo easy,EC4212,napoli,14:55:00,En hora,180,Airbus A320,R,EU,Lunes,Tarde,0,0
90,2025-11-17,SmartWings,QS1059,prague,14:55:00,Retrasado,189,Boeing 737-800,S,EU,Lunes,Tarde,0,0
91,2025-11-17,Air Arabia Maroc,3O376,al aaroui,15:00:00,En hora,174,Airbus A320,Y,INT,Lunes,Tarde,0,0
92,2025-11-17,Grupo Ryanair,FR3146,oujda,15:10:00,En hora,189,Boeing 737-800,Y,INT,Lunes,Tarde,0,0
93,2025-11-17,Grupo Ryanair,FR1681,frankfurt-hahn,15:35:00,En hora,189,Boeing 737-800,U,EU,Lunes,Tarde,0,0
94,2025-11-17,Grupo wizz,W46728,venice,15:40:00,En hora,230,Airbus A321,S,EU,Lunes,Tarde,0,0
95,2025-11-17,Pegasus Airlines,PC1094,istanbul,15:45:00,Retrasado,239,Airbus A321neo,W,INT,Lunes,Tarde,0,0
96,2025-11-17,Grupo Ryanair,FR867,venice,16:05:00,En hora,189,Boeing 737-800,U,EU,Lunes,Tarde,0,0
97,2025-11-17,Grupo Ryanair,FR9811,london,16:05:00,En hora,189,Boeing 737-800,Y,INT,Lunes,Tarde,0,0
98,2025-11-17,Grupo wizz,W43564,timisoara,16:25:00,Retrasado,180,Airbus A320,S,EU,Lunes,Tarde,0,0
99,2025-11-17,Volotea,V73735,murcia,16:35:00,En hora,180,Airbus A320,R,NAC,Lunes,Tarde,0,0
100,2025-11-17,Grupo Ryanair,FR2507,cologne-bonn,16:45:00,En hora,197,Boeing 737 MAX 8,U,EU,Lunes,Tarde,0,0
101,2025-11-17,Grupo Ryanair,FR5718,bratislava,16:50:00,En hora,189,Boeing 737-800,U,EU,Lunes,Tarde,0,0
102,2025-11-17,Grupo Ryanair,FR6305,milan,16:50:00,En hora,189,Boeing 737-800,S,EU,Lunes,Tarde,0,0
103,2025-11-17,Grupo Ryanair,RR6874,dublin,16:55:00,Retrasado,189,Boeing 737-800,W,INT,Lunes,Tarde,0,0
104,2025-11-17,Grupo easy,U23372,liverpool,17:00:00,En hora,156,Airbus A319,M,INT,Lunes,Tarde,0,0
105,2025-11-17,Grupo Ryanair,FR5270,manchester,17:05:00,En hora,189,Boeing 737-800,Y,INT,Lunes,Tarde,0,0
106,2025-11-17,Grupo Ryanair,RR6300,sofia,17:05:00,En hora,189,Boeing 737-800,S,EU,Lunes,Tarde,0,0
107,2025-11-17,Grupo easy,EC7173,berlin,17:10:00,En hora,156,Airbus A319,R,EU,Lunes,Tarde,0,0
108,2025-11-17,Volotea,V73700,vitoria,17:15:00,En hora,156,Airbus A319,S,NAC,Lunes,Tarde,0,0
109,2025-11-17,Grupo wizz,W67920,kopitnari,17:15:00,Retrasado,239,Airbus A321neo,W,INT,Lunes,Tarde,0,0
110,2025-11-17,Grupo Ryanair,FR1786,vilnius,17:30:00,En hora,189,Boeing 737-800,S,EU,Lunes,Tarde,0,0
111,2025-11-17,Grupo Ryanair,FR2922,brussels,17:30:00,En hora,189,Boeing 737-800,U,EU,Lunes,Tarde,0,0
112,2025-11-17,Grupo easy,EC3737,milan,17:35:00,En hora,180,Airbus A320,R,EU,Lunes,Tarde,0,0
113,2025-11-17,Grupo easy,EC7199,edinburgh,17:35:00,En hora,156,Airbus A319,R,EU,Lunes,Tarde,0,0
114,2025-11-17,Transavia,HV5134,amsterdam,17:50:00,Retrasado,232,Airbus A321neo,R,EU,Lunes,Tarde,0,0
115,2025-11-17,Grupo Ryanair,RR333,gdansk,17:55:00,En hora,189,Boeing 737-800,U,EU,Lunes,Tarde,0,0
116,2025-11-17,Grupo Ryanair,FR269,milan,18:00:00,Retrasado,189,Boeing 737-800,U,EU,Lunes,Tarde,0,0
117,2025-11-17,Grupo easy,EC7205,southampton,18:05:00,En hora,156,Airbus A319,R,EU,Lunes,Tarde,0,0
118,2025-11-17,Grupo Ryanair,FR3320,milan,18:30:00,En hora,197,Boeing 737 MAX 8,S,EU,Lunes,Tarde,0,0
119,2025-11-17,Grupo wizz,W43686,iasi,18:30:00,En hora,180,Airbus A320,R,EU,Lunes,Tarde,0,0
120,2025-11-17,Grupo Ryanair,FR3174,ibiza,18:45:00,Retrasado,189,Boeing 737-800,S,NAC,Lunes,Tarde,0,0
121,2025-11-17,Grupo wizz,W61478,warsaw,19:00:00,En hora,239,Airbus A321neo,S,EU,Lunes,Tarde,0,0
122,2025-11-17,Grupo Ryanair,FR3185,rabat,19:05:00,Retrasado,189,Boeing 737-800,Y,INT,Lunes,Tarde,0,0
123,2025-11-17,Grupo Ryanair,FR9307,cork,19:15:00,En hora,189,Boeing 737-800,Y,INT,Lunes,Tarde,0,0
124,2025-11-17,Grupo Ryanair,FR8231,london,19:25:00,En hora,189,Boeing 737-800,Y,INT,Lunes,Tarde,0,0
125,2025-11-17,Eurowings,EW7521,hamburg,19:40:00,En hora,180,Airbus A320,U,EU,Lunes,Tarde,0,0
126,2025-11-17,Grupo Ryanair,LW2896,palma de mallorca,19:40:00,En hora,180,Airbus A320,S,NAC,Lunes,Tarde,0,0
127,2025-11-17,Grupo wizz,W61706,gdansk,19:40:00,En hora,239,Airbus A321neo,S,EU,Lunes,Tarde,0,0
128,2025-11-17,Grupo Ryanair,FR133,berlin,19:45:00,En hora,197,Boeing 737 MAX 8,R,EU,Lunes,Tarde,0,0
129,2025-11-17,Grupo Ryanair,LW7351,vienna,19:45:00,En hora,180,Airbus A320,R,EU,Lunes,Tarde,0,0
130,2025-11-17,Grupo easy,U28058,london,19:45:00,En hora,156,Airbus A319,M,INT,Lunes,Tarde,0,0
131,2025-11-17,Volotea,V71415,verona,19:55:00,En hora,180,Airbus A320,U,EU,Lunes,Tarde,0,0
132,2025-11-17,Grupo wizz,W64666,larnaca,19:55:00,En hora,230,Airbus A321,W,INT,Lunes,Tarde,0,0
133,2025-11-17,Grupo Ryanair,FR3080,malaga,20:00:00,En hora,189,Boeing 737-800,S,NAC,Lunes,Noche,0,0
134,2025-11-17,Air Arabia Maroc,3O378,tanger,20:05:00,En hora,174,Airbus A320,W,INT,Lunes,Noche,0,0
135,2025-11-17,Grupo Ryanair,FR3807,charleroi,20:05:00,En hora,189,Boeing 737-800,S,EU,Lunes,Noche,0,0
136,2025-11-17,Grupo Ryanair,FR6341,rome,20:10:00,En hora,189,Boeing 737-800,S,EU,Lunes,Noche,0,0
137,2025-11-17,Grupo Ryanair,FR6597,manchester,20:10:00,En hora,189,Boeing 737-800,Y,INT,Lunes,Noche,0,0
138,2025-11-17,Grupo easy,EC1956,milan,20:15:00,En hora,180,Airbus A320,R,EU,Lunes,Noche,0,0
139,2025-11-17,Grupo wizz,W42940,vienna,20:20:00,Retrasado,239,Airbus A321neo,S,EU,Lunes,Noche,0,0
140,2025-11-17,Grupo easy,EC1010,"basel, switzerland/mulhouse",20:30:00,En hora,156,Airbus A319,R,EU,Lunes,Noche,0,0
141,2025-11-17,T'Way Air,TW408,seoul/incheon,20:30:00,En hora,246,Airbus A330-200,W,INT,Lunes,Noche,0,0
142,2025-11-17,Volotea,V72135,bordeaux,20:30:00,En hora,180,Airbus A320,S,EU,Lunes,Noche,0,0
143,2025-11-17,Air Serbia,JU585,belgrade,20:35:00,En hora,144,Airbus A319,W,INT,Lunes,Noche,0,0
144,2025-11-17,Grupo Ryanair,FR5710,napoli,20:40:00,En hora,189,Boeing 737-800,U,EU,Lunes,Noche,0,0
145,2025-11-17,Grupo Ryanair,RR8394,budapest,20:40:00,Retrasado,197,Boeing 737 MAX 8,U,EU,Lunes,Noche,0,0
146,2025-11-17,Transavia,TO4759,paris,20:45:00,En hora,186,Airbus A320neo,U,EU,Lunes,Noche,0,0
147,2025-11-17,Grupo wizz,W62378,budapest,20:45:00,Retrasado,239,Airbus A321neo,U,EU,Lunes,Noche,0,0
148,2025-11-17,Grupo Ryanair,FR2098,bologna,20:50:00,En hora,189,Boeing 737-800,U,EU,Lunes,Noche,0,0
149,2025-11-17,Grupo Ryanair,FR3928,trieste,20:50:00,En hora,189,Boeing 737-800,R,EU,Lunes,Noche,0,0
150,2025-11-17,Volotea,V72165,nantes/atlantique,20:50:00,Retrasado,156,Airbus A319,R,EU,Lunes,Noche,0,0
151,2025-11-17,Grupo Ryanair,FR878,venice,20:55:00,En hora,189,Boeing 737-800,U,EU,Lunes,Noche,0,0
152,2025-11-17,Aer Lingus,EI565,dublin,21:05:00,En hora,174,Airbus A320,Y,INT,Lunes,Noche,0,0
153,2025-11-17,Grupo Ryanair,FR6275,edinburgh,21:05:00,En hora,197,Boeing 737 MAX 8,Y,INT,Lunes,Noche,0,0
154,2025-11-17,Grupo Ryanair,FR6920,dublin,21:10:00,En hora,189,Boeing 737-800,Y,INT,Lunes,Noche,0,0
155,2025-11-17,Grupo easy,EC1380,geneva,21:20:00,Retrasado,180,Airbus A320,R,EU,Lunes,Noche,0,0
156,2025-11-17,Grupo wizz,W43178,bucharest,21:20:00,Retrasado,230,Airbus A321,S,EU,Lunes,Noche,0,0
157,2025-11-17,Grupo wizz,W43406,cluj-napoca,21:25:00,En hora,180,Airbus A320,S,EU,Lunes,Noche,0,0
158,2025-11-17,Grupo Ryanair,FR2402,sevilla,21:30:00,Retrasado,189,Boeing 737-800,U,NAC,Lunes,Noche,0,0
159,2025-11-17,Grupo Ryanair,RR4084,warsaw,21:30:00,Retrasado,189,Boeing 737-800,R,EU,Lunes,Noche,0,0
160,2025-11-17,Grupo wizz,W46020,rome,21:35:00,Retrasado,239,Airbus A321neo,S,EU,Lunes,Noche,0,0
161,2025-11-17,Grupo Ryanair,FR3168,newcastle,21:45:00,En hora,189,Boeing 737-800,W,INT,Lunes,Noche,0,0
162,2025-11-17,Grupo Ryanair,FR4587,porto,21:45:00,En hora,197,Boeing 737 MAX 8,S,EU,Lunes,Noche,0,0
163,2025-11-17,Grupo Ryanair,FR1527,valletta,21:50:00,Retrasado,197,Boeing 737 MAX 8,S,EU,Lunes,Noche,0,0
164,2025-11-17,Grupo Ryanair,FR2250,marrakech,21:50:00,En hora,197,Boeing 737 MAX 8,S,EU,Lunes,Noche,0,0
165,2025-11-17,Grupo easy,U22706,bristol,21:55:00,En hora,180,Airbus A320,M,INT,Lunes,Noche,0,0
166,2025-11-17,Grupo wizz,W64116,belgrade,21:55:00,En hora,239,Airbus A321neo,Y,INT,Lunes,Noche,0,0
167,2025-11-17,Grupo Ryanair,FR8574,rome,22:20:00,En hora,189,Boeing 737-800,U,EU,Lunes,Noche,0,0
168,2025-11-17,Grupo wizz,W45154,tirana,22:45:00,En hora,230,Airbus A321,W,INT,Lunes,Noche,0,0
169,2025-11-18,Grupo easy,EC7105,geneva,06:00:00,En hora,156,Airbus A319,R,EU,Martes,Mañana,0,0
170,2025-11-18,Grupo Ryanair,FR3189,fes,06:15:00,En hora,189,Boeing 737-800,W,INT,Martes,Mañana,0,0
171,2025-11-18,Grupo Ryanair,FR2507,cologne-bonn,06:20:00,En hora,197,Boeing 737 MAX 8,U,EU,Martes,Mañana,0,0
172,2025-11-18,Grupo Ryanair,FR4545,porto,06:35:00,En hora,197,Boeing 737 MAX 8,U,EU,Martes,Mañana,0,0
173,2025-11-18,Grupo easy,EC8062,london,07:30:00,En hora,156,Airbus A319,R,EU,Martes,Mañana,0,0
174,2025-11-18,Grupo Ryanair,FR3166,palermo,07:35:00,En hora,189,Boeing 737-800,S,EU,Martes,Mañana,0,0
175,2025-11-18,Grupo Ryanair,FR5718,bratislava,07:35:00,En hora,189,Boeing 737-800,U,EU,Martes,Mañana,0,0
176,2025-11-18,Grupo Ryanair,FR3193,riga,07:55:00,En hora,189,Boeing 737-800,U,EU,Martes,Mañana,0,0
177,2025-11-18,Grupo easy,EC3737,milan,08:00:00,En hora,180,Airbus A320,R,EU,Martes,Mañana,0,0
178,2025-11-18,Grupo Ryanair,FR133,berlin,08:50:00,En hora,189,Boeing 737-800,S,EU,Martes,Mañana,0,0
179,2025-11-18,Grupo wizz,W43938,chisinau,09:00:00,En hora,180,Airbus A320,W,INT,Martes,Mañana,0,0
180,2025-11-18,Grupo wizz,W62048,krakow,09:05:00,En hora,239,Airbus A321neo,S,EU,Martes,Mañana,0,0
181,2025-11-18,Grupo Ryanair,FR3035,krakow,09:10:00,En hora,189,Boeing 737-800,R,EU,Martes,Mañana,0,0
182,2025-11-18,Grupo Ryanair,FR3807,charleroi,09:10:00,En hora,189,Boeing 737-800,U,EU,Martes,Mañana,0,0
183,2025-11-18,Grupo wizz,W61914,vilnius,09:20:00,En hora,239,Airbus A321neo,U,EU,Martes,Mañana,0,0
184,2025-11-18,Grupo wizz,W43176,bucharest,09:25:00,En hora,239,Airbus A321neo,U,EU,Martes,Mañana,0,0
185,2025-11-18,Grupo wizz,W62376,budapest,09:25:00,Retrasado,239,Airbus A321neo,S,EU,Martes,Mañana,0,0
186,2025-11-18,Transavia,TO4751,paris,09:30:00,En hora,232,Airbus A321neo,U,EU,Martes,Mañana,0,0
187,2025-11-18,Grupo wizz,W42938,vienna,09:35:00,En hora,239,Airbus A321neo,U,EU,Martes,Mañana,0,0
188,2025-11-18,Air Arabia Maroc,3O378,tanger,09:45:00,En hora,174,Airbus A320,Y,INT,Martes,Mañana,0,0
189,2025-11-18,Eurowings,EW9441,dusseldorf,09:45:00,En hora,150,Airbus A319,S,EU,Martes,Mañana,0,0
190,2025-11-18,Air Serbia,JU581,belgrade,09:55:00,En hora,144,Airbus A319,Y,INT,Martes,Mañana,0,0
191,2025-11-18,Grupo Ryanair,LW12,vienna,10:15:00,En hora,180,Airbus A320,U,EU,Martes,Mañana,0,0
192,2025-11-18,Grupo wizz,W61476,warsaw,10:15:00,En hora,239,Airbus A321neo,S,EU,Martes,Mañana,0,0
193,2025-11-18,Grupo Ryanair,FR1279,copenhagen,10:25:00,En hora,197,Boeing 737 MAX 8,S,EU,Martes,Mañana,0,0
194,2025-11-18,Grupo Ryanair,FR5270,manchester,10:30:00,En hora,197,Boeing 737 MAX 8,W,INT,Martes,Mañana,0,0
195,2025-11-18,Azerbaijan Airlines,J246,baku,10:45:00,En hora,186,Airbus A320neo,Y,INT,Martes,Mañana,0,0
196,2025-11-18,Aer Lingus,EI563,dublin,11:30:00,En hora,174,Airbus A320,W,INT,Martes,Mañana,0,0
197,2025-11-18,Grupo Ryanair,FR58,napoli,11:40:00,En hora,189,Boeing 737-800,S,EU,Martes,Mañana,0,0
198,2025-11-18,Icelandair,FI597,keflavik,11:50:00,En hora,160,Boeing 737 MAX 8,U,EU,Martes,Mañana,0,0
199,2025-11-18,Grupo Ryanair,FR3108,luxembourg,12:15:00,En hora,189,Boeing 737-800,U,EU,Martes,Tarde,0,0
200,2025-11-18,Grupo easy,EC7151,milan,12:20:00,En hora,156,Airbus A319,R,EU,Martes,Tarde,0,0
201,2025-11-18,Norwegian Air Sweden AOC,D83657,copenhagen,12:30:00,En hora,189,Boeing 737 MAX 8,U,EU,Martes,Tarde,0,0
202,2025-11-18,Grupo Ryanair,FR8384,budapest,12:35:00,En hora,197,Boeing 737 MAX 8,U,EU,Martes,Tarde,0,0
203,2025-11-18,Pegasus Airlines,PC1092,istanbul,12:45:00,Retrasado,239,Airbus A321neo,W,INT,Martes,Tarde,0,0
204,2025-11-18,Grupo Ryanair,FR6267,edinburgh,12:55:00,En hora,197,Boeing 737 MAX 8,Y,INT,Martes,Tarde,0,0
205,2025-11-18,Norwegian Air Shuttle,DY1741,oslo,13:25:00,Retrasado,197,Boeing 737 MAX 8,U,EU,Martes,Tarde,0,0
206,2025-11-18,FlyOne,5F5512,chisinau,13:30:00,En hora,194,Airbus A321,W,INT,Martes,Tarde,0,0
207,2025-11-18,Luxair,LG3592,luxembourg,13:40:00,En hora,186,Boeing 737-800,U,EU,Martes,Tarde,0,0
208,2025-11-18,Grupo Ryanair,FR2239,marrakech,14:00:00,En hora,189,Boeing 737-800,W,INT,Martes,Tarde,0,0
209,2025-11-18,Grupo Ryanair,FR3076,stockholm,14:05:00,Retrasado,189,Boeing 737-800,S,EU,Martes,Tarde,0,0
210,2025-11-18,Kuwait Airways,KU136,kuwait city,14:25:00,Retrasado,235,Airbus A330-800,W,INT,Martes,Tarde,0,0
211,2025-11-18,Bluebird Airways,BZ251,tel aviv,14:45:00,Retrasado,189,Boeing 737-800,Y,INT,Martes,Tarde,0,0
212,2025-11-18,Grupo Ryanair,FR3792,birmingham,16:20:00,En hora,197,Boeing 737 MAX 8,Y,INT,Martes,Tarde,0,0
213,2025-11-18,Grupo Ryanair,FR846,milan,16:55:00,En hora,189,Boeing 737-800,U,EU,Martes,Tarde,0,0
214,2025-11-18,Grupo Ryanair,FR1165,sevilla,17:05:00,En hora,197,Boeing 737 MAX 8,S,NAC,Martes,Tarde,0,0
215,2025-11-18,Grupo Ryanair,FR575,bologna,17:25:00,En hora,197,Boeing 737 MAX 8,U,EU,Martes,Tarde,0,0
216,2025-11-18,Transavia,HV5134,amsterdam,17:45:00,En hora,189,Boeing 737-800,U,EU,Martes,Tarde,0,0
217,2025-11-18,Grupo Ryanair,FR3180,rome,18:00:00,En hora,189,Boeing 737-800,U,EU,Martes,Tarde,0,0
218,2025-11-18,Grupo easy,EC7103,"basel, switzerland/mulhouse",18:10:00,En hora,156,Airbus A319,R,EU,Martes,Tarde,0,0
219,2025-11-18,Grupo Ryanair,RR6300,sofia,18:15:00,En hora,197,Boeing 737 MAX 8,U,EU,Martes,Tarde,0,0
220,2025-11-18,Grupo Ryanair,FR777,venice,18:40:00,En hora,189,Boeing 737-800,U,EU,Martes,Tarde,0,0
221,2025-11-18,Grupo Ryanair,FR2834,charleroi,18:45:00,En hora,197,Boeing 737 MAX 8,U,EU,Martes,Tarde,0,0
222,2025-11-18,Grupo wizz,W61176,katowice,18:55:00,En hora,239,Airbus A321neo,S,EU,Martes,Tarde,0,0
223,2025-11-18,Grupo wizz,W61478,warsaw,19:00:00,En hora,239,Airbus A321neo,S,EU,Martes,Tarde,0,0
224,2025-11-18,Grupo Ryanair,FR9015,london,19:25:00,En hora,189,Boeing 737-800,Y,INT,Martes,Tarde,0,0
225,2025-11-18,Eurowings,EW9443,dusseldorf,19:35:00,En hora,180,Airbus A320,S,EU,Martes,Tarde,0,0
226,2025-11-18,Grupo wizz,W64406,sofia,19:35:00,En hora,230,Airbus A321,S,EU,Martes,Tarde,0,0
227,2025-11-18,Grupo easy,U28058,london,19:45:00,En hora,156,Airbus A319,M,INT,Martes,Tarde,0,0
228,2025-11-18,Transavia,HV6790,eindhoven,19:55:00,En hora,189,Boeing 737-800,U,EU,Martes,Tarde,0,0
229,2025-11-18,Air Arabia Maroc,3O642,tanger,20:00:00,En hora,174,Airbus A320,Y,INT,Martes,Noche,0,0
230,2025-11-18,Grupo easy,EC1956,milan,20:15:00,En hora,180,Airbus A320,R,EU,Martes,Noche,0,0
231,2025-11-18,Grupo Ryanair,RR4084,warsaw,20:15:00,Retrasado,189,Boeing 737-800,U,EU,Martes,Noche,0,0
232,2025-11-18,Transavia,TO4759,paris,20:45:00,En hora,186,Airbus A320neo,S,EU,Martes,Noche,0,0
233,2025-11-18,Grupo easy,EC1380,geneva,21:15:00,En hora,180,Airbus A320,R,EU,Martes,Noche,0,0
234,2025-11-18,Grupo Ryanair,FR6394,dublin,21:15:00,En hora,197,Boeing 737 MAX 8,W,INT,Martes,Noche,0,0
235,2025-11-18,Grupo wizz,W46020,rome,21:35:00,En hora,239,Airbus A321neo,S,EU,Martes,Noche,0,0
236,2025-11-18,Grupo Ryanair,FR4585,porto,22:00:00,En hora,197,Boeing 737 MAX 8,U,EU,Martes,Noche,0,0
237,2025-11-19,Grupo Ryanair,FR2918,brussels,06:05:00,En hora,189,Boeing 737-800,U,EU,Miércoles,Mañana,0,0
238,2025-11-19,Grupo Ryanair,FR3185,rabat,06:05:00,En hora,189,Boeing 737-800,Y,INT,Miércoles,Mañana,0,0
239,2025-11-19,Grupo Ryanair,FR9406,fes,06:05:00,En hora,189,Boeing 737-800,W,INT,Miércoles,Mañana,0,0
240,2025-11-19,Grupo Ryanair,FR483,malaga,06:15:00,En hora,189,Boeing 737-800,U,NAC,Miércoles,Mañana,0,0
241,2025-11-19,Grupo easy,EC7193,leeds bradford,06:30:00,En hora,156,Airbus A319,R,EU,Miércoles,Mañana,0,0
242,2025-11-19,Grupo Ryanair,FR2239,marrakech,06:35:00,En hora,189,Boeing 737-800,Y,INT,Miércoles,Mañana,0,0
243,2025-11-19,Grupo Ryanair,FR3028,ibiza,06:45:00,En hora,189,Boeing 737-800,U,NAC,Miércoles,Mañana,0,0
244,2025-11-19,Grupo Ryanair,FR3108,luxembourg,06:50:00,En hora,197,Boeing 737 MAX 8,U,EU,Miércoles,Mañana,0,0
245,2025-11-19,Grupo easy,EC8062,london,07:20:00,En hora,156,Airbus A319,R,EU,Miércoles,Mañana,0,0
246,2025-11-19,Grupo easy,EC3737,milan,08:25:00,En hora,180,Airbus A320,R,EU,Miércoles,Mañana,0,0
247,2025-11-19,Grupo easy,EC7161,napoli,09:20:00,En hora,156,Airbus A319,R,EU,Miércoles,Mañana,0,0
248,2025-11-19,Grupo wizz,W43176,bucharest,09:25:00,En hora,230,Airbus A321,U,EU,Miércoles,Mañana,0,0
249,2025-11-19,Grupo wizz,W62376,budapest,09:25:00,En hora,239,Airbus A321neo,U,EU,Miércoles,Mañana,0,0
250,2025-11-19,Grupo Ryanair,RR8384,budapest,09:30:00,Retrasado,189,Boeing 737-800,R,EU,Miércoles,Mañana,0,0
251,2025-11-19,Air Arabia Maroc,3O376,al aaroui,09:35:00,En hora,174,Airbus A320,Y,INT,Miércoles,Mañana,0,0
252,2025-11-19,Grupo wizz,W42940,vienna,09:35:00,Retrasado,239,Airbus A321neo,S,EU,Miércoles,Mañana,0,0
253,2025-11-19,Eurowings,EW9441,dusseldorf,09:45:00,En hora,150,Airbus A319,S,EU,Miércoles,Mañana,0,0
254,2025-11-19,Grupo Ryanair,FR2834,charleroi,09:45:00,En hora,197,Boeing 737 MAX 8,U,EU,Miércoles,Mañana,0,0
255,2025-11-19,Grupo Ryanair,FR4545,porto,09:45:00,En hora,197,Boeing 737 MAX 8,U,EU,Miércoles,Mañana,0,0
256,2025-11-19,Grupo Ryanair,RR3049,krakow,09:55:00,Retrasado,197,Boeing 737 MAX 8,U,EU,Miércoles,Mañana,0,0
257,2025-11-19,Air Arabia Maroc,3O642,tanger,10:05:00,En hora,174,Airbus A320,W,INT,Miércoles,Mañana,0,0
258,2025-11-19,Transavia,HV5132,amsterdam,10:05:00,En hora,232,Airbus A321neo,U,EU,Miércoles,Mañana,0,0
259,2025-11-19,Grupo Ryanair,FR3078,lisbon,10:15:00,En hora,189,Boeing 737-800,S,EU,Miércoles,Mañana,0,0
260,2025-11-19,Grupo wizz,W61476,warsaw,10:15:00,En hora,230,Airbus A321,S,EU,Miércoles,Mañana,0,0
261,2025-11-19,Grupo Ryanair,FR3039,prague,10:20:00,En hora,189,Boeing 737-800,S,EU,Miércoles,Mañana,0,0
262,2025-11-19,Air Baltic,BT878,tallinn,10:35:00,Retrasado,148,Airbus A220-300,U,EU,Miércoles,Mañana,0,0
263,2025-11-19,Grupo Ryanair,FR6267,edinburgh,10:45:00,Retrasado,197,Boeing 737 MAX 8,W,INT,Miércoles,Mañana,0,0
264,2025-11-19,SkyUp MT,U5406,chisinau,10:50:00,Retrasado,149,Boeing 737-700,Y,INT,Miércoles,Mañana,0,0
265,2025-11-19,Grupo easy,U22704,bristol,10:55:00,En hora,186,Airbus A320neo,M,INT,Miércoles,Mañana,0,0
266,2025-11-19,Grupo Ryanair,FR2507,cologne-bonn,11:00:00,En hora,197,Boeing 737 MAX 8,R,EU,Miércoles,Mañana,0,0
267,2025-11-19,Aer Lingus,EI563,dublin,11:30:00,En hora,174,Airbus A320,Y,INT,Miércoles,Mañana,0,0
268,2025-11-19,Grupo Ryanair,FR575,bologna,11:40:00,En hora,189,Boeing 737-800,U,EU,Miércoles,Mañana,0,0
269,2025-11-19,Grupo Ryanair,FR9925,frankfurt-hahn,12:35:00,En hora,189,Boeing 737-800,U,EU,Miércoles,Tarde,0,0
270,2025-11-19,Pegasus Airlines,PC1092,istanbul,12:45:00,Retrasado,239,Airbus A321neo,Y,INT,Miércoles,Tarde,0,0
271,2025-11-19,Grupo Ryanair,FR6597,manchester,13:00:00,En hora,197,Boeing 737 MAX 8,Y,INT,Miércoles,Tarde,0,0
272,2025-11-19,Grupo Ryanair,FR3792,birmingham,13:10:00,En hora,189,Boeing 737-800,W,INT,Miércoles,Tarde,0,0
273,2025-11-19,HiSky,H4264,bucharest,13:20:00,En hora,186,Airbus A320,R,EU,Miércoles,Tarde,0,0
274,2025-11-19,Norwegian Air Shuttle,DY1741,oslo,13:25:00,Retrasado,189,Boeing 737-800,U,EU,Miércoles,Tarde,0,0
275,2025-11-19,Eurowings,EW521,cologne-bonn,13:25:00,Retrasado,226,Airbus A321,U,EU,Miércoles,Tarde,0,0
276,2025-11-19,Luxair,LG3592,luxembourg,13:40:00,Retrasado,76,de Havilland Dash 8-400,U,EU,Miércoles,Tarde,0,0
277,2025-11-19,Turkish Airlines,TK608,ankara,13:40:00,Retrasado,165,Boeing 737-800,W,INT,Miércoles,Tarde,0,0
278,2025-11-19,Bluebird Airways,BZ251,tel aviv,14:45:00,En hora,180,Airbus A320,Y,INT,Miércoles,Tarde,0,0
279,2025-11-19,Norwegian Air Sweden AOC,D83659,copenhagen,14:45:00,En hora,189,Boeing 737-800,S,EU,Miércoles,Tarde,0,0
280,2025-11-19,Eurowings,EW2521,stuttgart,15:10:00,Retrasado,150,Airbus A319,S,EU,Miércoles,Tarde,0,0
281,2025-11-19,Grupo Ryanair,FR777,venice,15:10:00,Retrasado,197,Boeing 737 MAX 8,U,EU,Miércoles,Tarde,0,0
282,2025-11-19,Grupo Ryanair,FR12,vienna,15:15:00,En hora,197,Boeing 737 MAX 8,U,EU,Miércoles,Tarde,0,0
283,2025-11-19,Pegasus Airlines,PC1094,istanbul,15:45:00,Retrasado,220,Airbus A321,W,INT,Miércoles,Tarde,0,0
284,2025-11-19,Volotea,V71415,verona,15:45:00,En hora,180,Airbus A320,R,EU,Miércoles,Tarde,0,0
285,2025-11-19,Grupo Ryanair,FR3035,krakow,16:15:00,En hora,197,Boeing 737 MAX 8,U,EU,Miércoles,Tarde,0,0
286,2025-11-19,Transavia,TO4755,paris,16:45:00,En hora,186,Airbus A320neo,U,EU,Miércoles,Tarde,0,0
287,2025-11-19,Grupo Ryanair,FR3928,trieste,16:50:00,En hora,189,Boeing 737-800,U,EU,Miércoles,Tarde,0,0
288,2025-11-19,Grupo Ryanair,FR5718,bratislava,16:50:00,En hora,189,Boeing 737-800,U,EU,Miércoles,Tarde,0,0
289,2025-11-19,Grupo wizz,W67920,kopitnari,17:15:00,En hora,239,Airbus A321neo,Y,INT,Miércoles,Tarde,0,0
290,2025-11-19,Grupo Ryanair,FR4585,porto,17:30:00,En hora,189,Boeing 737-800,U,EU,Miércoles,Tarde,0,0
291,2025-11-19,Iberojet,E9803,palmerola,17:40:00,En hora,432,Airbus A350-900,S,NAC,Miércoles,Tarde,0,0
292,2025-11-19,Grupo Ryanair,FR3180,rome,18:00:00,En hora,189,Boeing 737-800,S,EU,Miércoles,Tarde,0,0
293,2025-11-19,Grupo wizz,W43686,iasi,18:30:00,En hora,180,Airbus A320,S,EU,Miércoles,Tarde,0,0
294,2025-11-19,Grupo easy,EC7103,"basel, switzerland/mulhouse",18:35:00,En hora,156,Airbus A319,R,EU,Miércoles,Tarde,0,0
295,2025-11-19,Grupo easy,EC7155,milan,19:00:00,En hora,156,Airbus A319,R,EU,Miércoles,Tarde,0,0
296,2025-11-19,Grupo Ryanair,FR8231,london,19:00:00,En hora,189,Boeing 737-800,W,INT,Miércoles,Tarde,0,0
297,2025-11-19,Grupo wizz,W61478,warsaw,19:00:00,Retrasado,239,Airbus A321neo,S,EU,Miércoles,Tarde,0,0
298,2025-11-19,Grupo Ryanair,FR1165,sevilla,19:10:00,En hora,197,Boeing 737 MAX 8,S,NAC,Miércoles,Tarde,0,0
299,2025-11-19,Grupo Ryanair,FR9334,marrakech,19:10:00,En hora,189,Boeing 737-800,W,INT,Miércoles,Tarde,0,0
300,2025-11-19,Grupo Ryanair,FR1342,palma de mallorca,19:15:00,En hora,189,Boeing 737-800,U,NAC,Miércoles,Tarde,0,0
301,2025-11-19,Eurowings,EW9443,dusseldorf,19:35:00,Retrasado,180,Airbus A320,S,EU,Miércoles,Tarde,0,0
302,2025-11-19,Grupo Ryanair,FR133,berlin,19:35:00,En hora,197,Boeing 737 MAX 8,U,EU,Miércoles,Tarde,0,0
303,2025-11-19,Transavia,HV6064,rotterdam,19:40:00,Retrasado,189,Boeing 737-800,U,EU,Miércoles,Tarde,0,0
304,2025-11-19,Grupo easy,U28058,london,19:45:00,En hora,180,Airbus A320,M,INT,Miércoles,Tarde,0,0
305,2025-11-19,Grupo wizz,W61706,gdansk,19:50:00,Retrasado,239,Airbus A321neo,U,EU,Miércoles,Tarde,0,0
306,2025-11-19,Grupo Ryanair,FR3143,milan,19:55:00,En hora,189,Boeing 737-800,U,EU,Miércoles,Tarde,0,0
307,2025-11-19,Grupo Ryanair,FR58,napoli,20:10:00,En hora,197,Boeing 737 MAX 8,U,EU,Miércoles,Noche,0,0
308,2025-11-19,Grupo Ryanair,RR5246,vilnius,20:10:00,Retrasado,197,Boeing 737 MAX 8,U,EU,Miércoles,Noche,0,0
309,2025-11-19,Grupo easy,EC1956,milan,20:15:00,En hora,180,Airbus A320,R,EU,Miércoles,Noche,0,0
310,2025-11-19,Air Arabia Maroc,3O378,tanger,20:20:00,En hora,174,Airbus A320,Y,INT,Miércoles,Noche,0,0
311,2025-11-19,T'Way Air,TW408,seoul/incheon,20:30:00,Retrasado,294,BOEING 777-300ER,Y,INT,Miércoles,Noche,0,0
312,2025-11-19,Air Serbia,JU585,belgrade,20:35:00,En hora,144,Airbus A319,Y,INT,Miércoles,Noche,0,0
313,2025-11-19,Grupo wizz,W62378,budapest,20:45:00,Retrasado,239,Airbus A321neo,S,EU,Miércoles,Noche,0,0
314,2025-11-19,Transavia,TO4759,paris,20:50:00,Retrasado,186,Airbus A320neo,S,EU,Miércoles,Noche,0,0
315,2025-11-19,Grupo easy,U22326,london,20:55:00,En hora,156,Airbus A319,M,INT,Miércoles,Noche,0,0
316,2025-11-19,Grupo easy,EC1380,geneva,21:15:00,Retrasado,180,Airbus A320,R,EU,Miércoles,Noche,0,0
317,2025-11-19,Grupo wizz,W43406,cluj-napoca,21:25:00,Retrasado,180,Airbus A320,U,EU,Miércoles,Noche,0,0
318,2025-11-19,Grupo wizz,W46020,rome,21:35:00,En hora,239,Airbus A321neo,R,EU,Miércoles,Noche,0,0
319,2025-11-19,Grupo Ryanair,FR6394,dublin,22:05:00,En hora,189,Boeing 737-800,W,INT,Miércoles,Noche,0,0
320,2025-11-20,Grupo Ryanair,FR8215,london,06:00:00,En hora,189,Boeing 737-800,Y,INT,Jueves,Mañana,0,0
321,2025-11-20,Grupo Ryanair,FR2918,brussels,06:05:00,En hora,189,Boeing 737-800,U,EU,Jueves,Mañana,0,0
322,2025-11-20,Grupo easy,EC7105,geneva,06:10:00,En hora,156,Airbus A319,R,EU,Jueves,Mañana,0,0
323,2025-11-20,Grupo Ryanair,FR3976,dublin,06:15:00,En hora,197,Boeing 737 MAX 8,W,INT,Jueves,Mañana,0,0
324,2025-11-20,Grupo easy,EC7191,glasgow,06:40:00,En hora,156,Airbus A319,R,EU,Jueves,Mañana,0,0
325,2025-11-20,Grupo Ryanair,FR3049,krakow,06:40:00,En hora,197,Boeing 737 MAX 8,S,EU,Jueves,Mañana,0,0
326,2025-11-20,Grupo Ryanair,FR3028,ibiza,06:45:00,En hora,189,Boeing 737-800,S,NAC,Jueves,Mañana,0,0
327,2025-11-20,Grupo Ryanair,LW2495,palma de mallorca,07:20:00,En hora,180,Airbus A320,R,NAC,Jueves,Mañana,0,0
328,2025-11-20,Grupo Ryanair,FR133,berlin,07:25:00,En hora,189,Boeing 737-800,U,EU,Jueves,Mañana,0,0
329,2025-11-20,Grupo easy,EC7101,"basel, switzerland/mulhouse",07:30:00,En hora,156,Airbus A319,R,EU,Jueves,Mañana,0,0
330,2025-11-20,Grupo easy,EC7151,milan,07:30:00,Retrasado,156,Airbus A319,R,EU,Jueves,Mañana,0,0
331,2025-11-20,Grupo Ryanair,FR2507,cologne-bonn,07:45:00,En hora,197,Boeing 737 MAX 8,S,EU,Jueves,Mañana,0,0
332,2025-11-20,Norwegian Air Sweden AOC,D85510,copenhagen,07:55:00,En hora,189,Boeing 737-800,S,EU,Jueves,Mañana,0,0
333,2025-11-20,Grupo Ryanair,FR575,bologna,08:05:00,En hora,189,Boeing 737-800,S,EU,Jueves,Mañana,0,0
334,2025-11-20,Grupo Ryanair,FR774,torino,08:05:00,Retrasado,189,Boeing 737-800,U,EU,Jueves,Mañana,0,0
335,2025-11-20,Grupo Ryanair,FR3928,trieste,08:40:00,En hora,189,Boeing 737-800,U,EU,Jueves,Mañana,0,0
336,2025-11-20,Grupo Ryanair,FR6973,rome,08:40:00,En hora,189,Boeing 737-800,S,EU,Jueves,Mañana,0,0
337,2025-11-20,Grupo wizz,W43938,chisinau,09:00:00,Retrasado,180,Airbus A320,Y,INT,Jueves,Mañana,0,0
338,2025-11-20,Grupo Ryanair,FR5710,napoli,09:05:00,En hora,189,Boeing 737-800,S,EU,Jueves,Mañana,0,0
339,2025-11-20,Grupo wizz,W62048,krakow,09:05:00,Retrasado,239,Airbus A321neo,U,EU,Jueves,Mañana,0,0
340,2025-11-20,Grupo Ryanair,LW12,vienna,09:10:00,Retrasado,180,Airbus A320,U,EU,Jueves,Mañana,0,0
341,2025-11-20,Grupo wizz,W61914,vilnius,09:20:00,Retrasado,239,Airbus A321neo,S,EU,Jueves,Mañana,0,0
342,2025-11-20,Grupo wizz,W43176,bucharest,09:25:00,Retrasado,239,Airbus A321neo,U,EU,Jueves,Mañana,0,0
343,2025-11-20,Grupo wizz,W62376,budapest,09:25:00,Retrasado,239,Airbus A321neo,U,EU,Jueves,Mañana,0,0
344,2025-11-20,Grupo Ryanair,FR3320,milan,09:30:00,En hora,189,Boeing 737-800,U,EU,Jueves,Mañana,0,0
345,2025-11-20,Grupo wizz,W42938,vienna,09:35:00,Retrasado,239,Airbus A321neo,S,EU,Jueves,Mañana,0,0
346,2025-11-20,Air Serbia,JU581,belgrade,09:55:00,Retrasado,144,Airbus A319,W,INT,Jueves,Mañana,0,0
347,2025-11-20,Grupo easy,EC7656,lisbon,10:00:00,En hora,230,Airbus A321,R,EU,Jueves,Mañana,0,0
348,2025-11-20,Grupo Ryanair,FR1279,copenhagen,10:00:00,En hora,197,Boeing 737 MAX 8,S,EU,Jueves,Mañana,0,0
349,2025-11-20,Transavia,HV5132,amsterdam,10:05:00,Retrasado,232,Airbus A321neo,S,EU,Jueves,Mañana,0,0
350,2025-11-20,Grupo wizz,W61476,warsaw,10:15:00,Retrasado,239,Airbus A321neo,U,EU,Jueves,Mañana,0,0
351,2025-11-20,Grupo Ryanair,FR1165,sevilla,10:20:00,Retrasado,189,Boeing 737-800,U,NAC,Jueves,Mañana,0,0
352,2025-11-20,Grupo Ryanair,FR3121,paris,10:25:00,En hora,189,Boeing 737-800,U,EU,Jueves,Mañana,0,0
353,2025-11-20,Grupo Ryanair,RR8384,budapest,10:25:00,Retrasado,189,Boeing 737-800,S,EU,Jueves,Mañana,0,0
354,2025-11-20,Grupo easy,U28056,london,10:35:00,En hora,186,Airbus A320neo,M,INT,Jueves,Mañana,0,0
355,2025-11-20,Grupo easy,U25716,southend,10:40:00,En hora,186,Airbus A320neo,M,INT,Jueves,Mañana,0,0
356,2025-11-20,Azerbaijan Airlines,J246,baku,10:45:00,Retrasado,186,Airbus A320neo,W,INT,Jueves,Mañana,0,0
357,2025-11-20,Grupo Ryanair,FR3792,birmingham,11:00:00,En hora,189,Boeing 737-800,Y,INT,Jueves,Mañana,0,0
358,2025-11-20,Grupo Ryanair,FR4545,porto,11:00:00,En hora,197,Boeing 737 MAX 8,U,EU,Jueves,Mañana,0,0
359,2025-11-20,Grupo easy,U22704,bristol,11:05:00,En hora,180,Airbus A320,M,INT,Jueves,Mañana,0,0
360,2025-11-20,Grupo Ryanair,FR3076,stockholm,11:10:00,Retrasado,189,Boeing 737-800,U,EU,Jueves,Mañana,0,0
361,2025-11-20,Grupo Ryanair,FR483,malaga,11:10:00,En hora,189,Boeing 737-800,S,NAC,Jueves,Mañana,0,0
362,2025-11-20,Grupo Ryanair,FR6597,manchester,11:20:00,Retrasado,189,Boeing 737-800,Y,INT,Jueves,Mañana,0,0
363,2025-11-20,Aer Lingus,EI563,dublin,11:30:00,En hora,174,Airbus A320,Y,INT,Jueves,Mañana,0,0
364,2025-11-20,Jet2,LS1338,birmingham,11:30:00,Retrasado,189,Boeing 737-800,W,INT,Jueves,Mañana,0,0
365,2025-11-20,Grupo easy,EC7131,nice/cote d'azur,12:00:00,En hora,156,Airbus A319,R,EU,Jueves,Tarde,0,0
366,2025-11-20,Grupo easy,EC8064,london,12:10:00,En hora,156,Airbus A319,R,EU,Jueves,Tarde,0,0
367,2025-11-20,Grupo Ryanair,FR2239,marrakech,12:30:00,En hora,189,Boeing 737-800,Y,INT,Jueves,Tarde,0,0
368,2025-11-20,Grupo Ryanair,FR3160,bristol,12:45:00,En hora,189,Boeing 737-800,W,INT,Jueves,Tarde,0,0
369,2025-11-20,Pegasus Airlines,PC1092,istanbul,12:45:00,Retrasado,239,Airbus A321neo,W,INT,Jueves,Tarde,0,0
370,2025-11-20,Grupo wizz,W67022,bratislava,12:55:00,En hora,239,Airbus A321neo,U,EU,Jueves,Tarde,0,0
371,2025-11-20,Grupo Ryanair,FR1681,frankfurt-hahn,13:00:00,En hora,189,Boeing 737-800,R,EU,Jueves,Tarde,0,0
372,2025-11-20,Volotea,V71445,olbia,13:05:00,En hora,180,Airbus A320,S,EU,Jueves,Tarde,0,0
373,2025-11-20,Norwegian Air Sweden AOC,D81741,oslo,13:25:00,En hora,189,Boeing 737 MAX 8,U,EU,Jueves,Tarde,0,0
374,2025-11-20,Eurowings,EW521,cologne-bonn,13:25:00,Retrasado,150,Airbus A319,S,EU,Jueves,Tarde,0,0
375,2025-11-20,Grupo Ryanair,FR3039,prague,13:30:00,En hora,197,Boeing 737 MAX 8,S,EU,Jueves,Tarde,0,0
376,2025-11-20,Luxair,LG3592,luxembourg,13:35:00,Retrasado,76,de Havilland Dash 8-400,U,EU,Jueves,Tarde,0,0
377,2025-11-20,Grupo Ryanair,FR269,milan,13:40:00,En hora,189,Boeing 737-800,S,EU,Jueves,Tarde,0,0
378,2025-11-20,Grupo Ryanair,FR6267,edinburgh,13:45:00,Retrasado,197,Boeing 737 MAX 8,Y,INT,Jueves,Tarde,0,0
379,2025-11-20,Grupo Ryanair,FR846,milan,13:45:00,En hora,197,Boeing 737 MAX 8,U,EU,Jueves,Tarde,0,0
380,2025-11-20,Transavia,TO4755,paris,13:45:00,Retrasado,186,Airbus A320neo,U,EU,Jueves,Tarde,0,0
381,2025-11-20,Jet2,LS804,manchester,13:50:00,Retrasado,189,Boeing 737-800,Y,INT,Jueves,Tarde,0,0
382,2025-11-20,Grupo Ryanair,FR2233,al aaroui,14:00:00,En hora,189,Boeing 737-800,Y,INT,Jueves,Tarde,0,0
383,2025-11-20,Air Baltic,BT684,riga,14:05:00,En hora,148,Airbus A220-300,U,EU,Jueves,Tarde,0,0
384,2025-11-20,Grupo easy,EC7153,milan,14:10:00,En hora,156,Airbus A319,R,EU,Jueves,Tarde,0,0
385,2025-11-20,SunExpress,XQ895,izmir,14:15:00,En hora,189,Boeing 737-800,W,INT,Jueves,Tarde,0,0
386,2025-11-20,Kuwait Airways,KU136,kuwait city,14:25:00,En hora,278,Airbus A330-900,W,INT,Jueves,Tarde,0,0
387,2025-11-20,Norwegian Air Sweden AOC,D85502,stockholm,14:40:00,Retrasado,189,Boeing 737-800,R,EU,Jueves,Tarde,0,0
388,2025-11-20,Bluebird Airways,BZ251,tel aviv,14:45:00,En hora,189,Boeing 737-800,W,INT,Jueves,Tarde,0,0
389,2025-11-20,Eurowings,EW7521,hamburg,14:45:00,Retrasado,180,Airbus A320,U,EU,Jueves,Tarde,0,0
390,2025-11-20,SmartWings,QS1059,prague,14:55:00,En hora,189,Boeing 737-800,S,EU,Jueves,Tarde,0,0
391,2025-11-20,Grupo Ryanair,FR3189,fes,15:00:00,En hora,189,Boeing 737-800,Y,INT,Jueves,Tarde,0,0
392,2025-11-20,Grupo Ryanair,FR149,berlin,15:40:00,En hora,189,Boeing 737-800,S,EU,Jueves,Tarde,0,0
393,2025-11-20,Grupo wizz,W46728,venice,15:40:00,En hora,239,Airbus A321neo,U,EU,Jueves,Tarde,0,0
394,2025-11-20,Grupo Ryanair,FR2922,brussels,16:05:00,En hora,189,Boeing 737-800,U,EU,Jueves,Tarde,0,0
395,2025-11-20,Volotea,V73573,asturias,16:05:00,En hora,156,Airbus A319,S,NAC,Jueves,Tarde,0,0
396,2025-11-20,Volotea,V73700,vitoria,16:15:00,En hora,180,Airbus A320,S,NAC,Jueves,Tarde,0,0
397,2025-11-20,Grupo Ryanair,FR9045,london,16:30:00,En hora,197,Boeing 737 MAX 8,W,INT,Jueves,Tarde,0,0
398,2025-11-20,Grupo Ryanair,FR9913,tallinn,16:30:00,En hora,197,Boeing 737 MAX 8,U,EU,Jueves,Tarde,0,0
399,2025-11-20,Grupo Ryanair,FR4585,porto,16:35:00,En hora,197,Boeing 737 MAX 8,U,EU,Jueves,Tarde,0,0
400,2025-11-20,Grupo easy,EC1378,geneva,16:50:00,En hora,180,Airbus A320,R,EU,Jueves,Tarde,0,0
401,2025-11-20,Grupo Ryanair,FR2098,bologna,17:15:00,En hora,189,Boeing 737-800,U,EU,Jueves,Tarde,0,0
402,2025-11-20,Grupo easy,EC7173,berlin,17:25:00,En hora,156,Airbus A319,R,EU,Jueves,Tarde,0,0
403,2025-11-20,Grupo Ryanair,RR8394,budapest,17:30:00,En hora,189,Boeing 737-800,U,EU,Jueves,Tarde,0,0
404,2025-11-20,Volotea,V72327,strasbourg,17:30:00,En hora,180,Airbus A320,S,EU,Jueves,Tarde,0,0
405,2025-11-20,Transavia,HV5136,amsterdam,17:45:00,En hora,189,Boeing 737-800,U,EU,Jueves,Tarde,0,0
406,2025-11-20,Grupo Ryanair,RR6300,sofia,17:45:00,En hora,189,Boeing 737-800,U,EU,Jueves,Tarde,0,0
407,2025-11-20,Grupo Ryanair,FR5718,bratislava,18:00:00,En hora,189,Boeing 737-800,U,EU,Jueves,Tarde,0,0
408,2025-11-20,Grupo Ryanair,FR6341,rome,18:00:00,En hora,189,Boeing 737-800,R,EU,Jueves,Tarde,0,0
409,2025-11-20,Grupo easy,EC7139,rennes/saint-jacques,18:15:00,En hora,180,Airbus A320,R,EU,Jueves,Tarde,0,0
410,2025-11-20,Grupo Ryanair,FR3078,lisbon,18:30:00,En hora,189,Boeing 737-800,S,EU,Jueves,Tarde,0,0
411,2025-11-20,Grupo Ryanair,FR6394,dublin,18:30:00,En hora,197,Boeing 737 MAX 8,W,INT,Jueves,Tarde,0,0
412,2025-11-20,Grupo easy,EC7103,"basel, switzerland/mulhouse",18:40:00,En hora,156,Airbus A319,R,EU,Jueves,Tarde,0,0
413,2025-11-20,Grupo Ryanair,FR3800,birmingham,18:45:00,En hora,189,Boeing 737-800,Y,INT,Jueves,Tarde,0,0
414,2025-11-20,Grupo wizz,W43180,bucharest,18:45:00,En hora,230,Airbus A321,U,EU,Jueves,Tarde,0,0
415,2025-11-20,Grupo wizz,W61176,katowice,18:55:00,En hora,180,Airbus A320,U,EU,Jueves,Tarde,0,0
416,2025-11-20,Grupo Ryanair,RR3193,riga,19:05:00,En hora,189,Boeing 737-800,R,EU,Jueves,Tarde,0,0
417,2025-11-20,Grupo easy,EC7155,milan,19:15:00,En hora,156,Airbus A319,R,EU,Jueves,Tarde,0,0
418,2025-11-20,Grupo Ryanair,FR1342,palma de mallorca,19:25:00,En hora,189,Boeing 737-800,U,NAC,Jueves,Tarde,0,0
419,2025-11-20,Grupo Ryanair,FR8217,london,19:25:00,En hora,189,Boeing 737-800,W,INT,Jueves,Tarde,0,0
420,2025-11-20,Eurowings,EW9443,dusseldorf,19:35:00,En hora,180,Airbus A320,S,EU,Jueves,Tarde,0,0
421,2025-11-20,Grupo wizz,W64406,sofia,19:35:00,En hora,239,Airbus A321neo,U,EU,Jueves,Tarde,0,0
422,2025-11-20,Air Arabia Maroc,3O378,tanger,19:40:00,En hora,174,Airbus A320,W,INT,Jueves,Tarde,0,0
423,2025-11-20,Eurowings,EW2521,stuttgart,19:40:00,En hora,180,Airbus A320,S,EU,Jueves,Tarde,0,0
424,2025-11-20,Grupo wizz,W61478,warsaw,19:40:00,En hora,239,Airbus A321neo,S,EU,Jueves,Tarde,0,0
425,2025-11-20,Grupo Ryanair,FR8598,reggio calabria,19:45:00,En hora,189,Boeing 737-800,S,EU,Jueves,Tarde,0,0
426,2025-11-20,Grupo easy,U28058,london,19:45:00,En hora,156,Airbus A319,M,INT,Jueves,Tarde,0,0
427,2025-11-20,Grupo Ryanair,FR8631,tanger,19:55:00,En hora,189,Boeing 737-800,W,INT,Jueves,Tarde,0,0
428,2025-11-20,Volotea,V72167,lille/lesquin,19:55:00,En hora,180,Airbus A320,R,EU,Jueves,Tarde,0,0
429,2025-11-20,Transavia,HV6788,eindhoven,20:00:00,En hora,189,Boeing 737-800,U,EU,Jueves,Noche,0,0
430,2025-11-20,Grupo easy,EC1956,milan,20:15:00,En hora,180,Airbus A320,R,EU,Jueves,Noche,0,0
431,2025-11-20,Air Arabia Maroc,3O376,al aaroui,20:25:00,En hora,174,Airbus A320,Y,INT,Jueves,Noche,0,0
432,2025-11-20,Grupo Ryanair,FR3143,milan,20:25:00,En hora,189,Boeing 737-800,U,EU,Jueves,Noche,0,0
433,2025-11-20,Transavia,HV6064,rotterdam,20:30:00,En hora,189,Boeing 737-800,U,EU,Jueves,Noche,0,0
434,2025-11-20,Grupo Ryanair,FR4587,porto,20:45:00,En hora,189,Boeing 737-800,S,EU,Jueves,Noche,0,0
435,2025-11-20,Grupo wizz,W62378,budapest,20:45:00,En hora,239,Airbus A321neo,U,EU,Jueves,Noche,0,0
436,2025-11-20,Transavia,TO4759,paris,20:50:00,En hora,186,Airbus A320neo,U,EU,Jueves,Noche,0,0
437,2025-11-20,Grupo easy,U22324,london,20:55:00,En hora,186,Airbus A320neo,M,INT,Jueves,Noche,0,0
438,2025-11-20,Grupo wizz,W64738,skopje,20:55:00,En hora,239,Airbus A321neo,W,INT,Jueves,Noche,0,0
439,2025-11-20,Grupo Ryanair,RR333,gdansk,21:00:00,En hora,189,Boeing 737-800,S,EU,Jueves,Noche,0,0
440,2025-11-20,Aer Lingus,EI565,dublin,21:05:00,En hora,174,Airbus A320,W,INT,Jueves,Noche,0,0
441,2025-11-20,Grupo easy,EC1380,geneva,21:15:00,En hora,180,Airbus A320,R,EU,Jueves,Noche,0,0
442,2025-11-20,Grupo Ryanair,FR1527,valletta,21:20:00,En hora,189,Boeing 737-800,U,EU,Jueves,Noche,0,0
443,2025-11-20,Grupo wizz,W43178,bucharest,21:20:00,En hora,230,Airbus A321,U,EU,Jueves,Noche,0,0
444,2025-11-20,Grupo wizz,W43406,cluj-napoca,21:25:00,En hora,186,Airbus A320neo,S,EU,Jueves,Noche,0,0
445,2025-11-20,Grupo Ryanair,RR3035,krakow,21:30:00,En hora,197,Boeing 737 MAX 8,R,EU,Jueves,Noche,0,0
446,2025-11-20,Grupo Ryanair,RR4084,warsaw,21:30:00,En hora,189,Boeing 737-800,S,EU,Jueves,Noche,0,0
447,2025-11-20,Grupo wizz,W46020,rome,21:35:00,En hora,230,Airbus A321,U,EU,Jueves,Noche,0,0
448,2025-11-20,Grupo wizz,W64116,belgrade,22:10:00,En hora,230,Airbus A321,W,INT,Jueves,Noche,0,0
449,2025-11-20,Grupo wizz,W45154,tirana,22:45:00,En hora,239,Airbus A321neo,W,INT,Jueves,Noche,0,0
450,2025-11-21,Grupo easy,EC7105,geneva,06:10:00,En hora,156,Airbus A319,R,EU,Viernes,Mañana,0,0
451,2025-11-21,Grupo Ryanair,FR8183,bologna,06:10:00,En hora,189,Boeing 737-800,U,EU,Viernes,Mañana,0,0
452,2025-11-21,Grupo Ryanair,FR8231,london,06:10:00,En hora,189,Boeing 737-800,Y,INT,Viernes,Mañana,0,0
453,2025-11-21,Grupo Ryanair,FR777,venice,06:20:00,En hora,189,Boeing 737-800,S,EU,Viernes,Mañana,0,0
454,2025-11-21,Grupo Ryanair,FR846,milan,06:25:00,En hora,189,Boeing 737-800,S,EU,Viernes,Mañana,0,0
455,2025-11-21,Grupo Ryanair,FR133,berlin,06:35:00,En hora,189,Boeing 737-800,S,EU,Viernes,Mañana,0,0
456,2025-11-21,Grupo Ryanair,FR4545,porto,06:45:00,En hora,197,Boeing 737 MAX 8,S,EU,Viernes,Mañana,0,0
457,2025-11-21,Grupo easy,EC7101,"basel, switzerland/mulhouse",07:20:00,En hora,156,Airbus A319,R,EU,Viernes,Mañana,0,0
458,2025-11-21,Grupo easy,EC7199,edinburgh,07:20:00,En hora,156,Airbus A319,R,EU,Viernes,Mañana,0,0
459,2025-11-21,Grupo Ryanair,LW2889,palma de mallorca,07:40:00,En hora,180,Airbus A320,S,NAC,Viernes,Mañana,0,0
460,2025-11-21,Norwegian Air Sweden AOC,D85502,stockholm,08:00:00,En hora,189,Boeing 737-800,U,EU,Viernes,Mañana,0,0
461,2025-11-21,Grupo Ryanair,FR3976,dublin,08:00:00,En hora,189,Boeing 737-800,W,INT,Viernes,Mañana,0,0
462,2025-11-21,Grupo Ryanair,FR3185,rabat,08:10:00,En hora,189,Boeing 737-800,W,INT,Viernes,Mañana,0,0
463,2025-11-21,Grupo Ryanair,FR6973,rome,08:15:00,En hora,189,Boeing 737-800,S,EU,Viernes,Mañana,0,0
464,2025-11-21,Grupo easy,EC1376,geneva,08:40:00,Retrasado,156,Airbus A319,R,EU,Viernes,Mañana,0,0
465,2025-11-21,Grupo Ryanair,FR5752,valletta,08:40:00,En hora,197,Boeing 737 MAX 8,U,EU,Viernes,Mañana,0,0
466,2025-11-21,Grupo Ryanair,FR1165,sevilla,09:00:00,En hora,189,Boeing 737-800,U,NAC,Viernes,Mañana,0,0
467,2025-11-21,Grupo wizz,W62048,krakow,09:05:00,Retrasado,239,Airbus A321neo,U,EU,Viernes,Mañana,0,0
468,2025-11-21,Grupo easy,EC3737,milan,09:10:00,En hora,180,Airbus A320,R,EU,Viernes,Mañana,0,0
469,2025-11-21,Grupo Ryanair,FR2834,charleroi,09:15:00,En hora,197,Boeing 737 MAX 8,S,EU,Viernes,Mañana,0,0
470,2025-11-21,Air Arabia Maroc,3O374,casablanca,09:25:00,En hora,174,Airbus A320,W,INT,Viernes,Mañana,0,0
471,2025-11-21,Grupo Ryanair,LW12,vienna,09:25:00,Retrasado,180,Airbus A320,R,EU,Viernes,Mañana,0,0
472,2025-11-21,Grupo wizz,W43176,bucharest,09:25:00,En hora,230,Airbus A321,U,EU,Viernes,Mañana,0,0
473,2025-11-21,Grupo wizz,W45088,tirana,09:25:00,Retrasado,230,Airbus A321,Y,INT,Viernes,Mañana,0,0
474,2025-11-21,Grupo wizz,W62376,budapest,09:25:00,En hora,239,Airbus A321neo,U,EU,Viernes,Mañana,0,0
475,2025-11-21,Grupo Ryanair,FR3028,ibiza,09:40:00,En hora,189,Boeing 737-800,U,NAC,Viernes,Mañana,0,0
476,2025-11-21,Grupo Ryanair,FR3320,milan,09:45:00,En hora,189,Boeing 737-800,U,EU,Viernes,Mañana,0,0
477,2025-11-21,Transavia,HV6788,eindhoven,09:45:00,En hora,189,Boeing 737-800,S,EU,Viernes,Mañana,0,0
478,2025-11-21,Grupo easy,U26654,birmingham,09:45:00,En hora,180,Airbus A320,M,INT,Viernes,Mañana,0,0
479,2025-11-21,Air Arabia Maroc,3O378,tanger,09:50:00,Retrasado,174,Airbus A320,Y,INT,Viernes,Mañana,0,0
480,2025-11-21,Grupo easy,EC7656,lisbon,09:55:00,Retrasado,230,Airbus A321,R,EU,Viernes,Mañana,0,0
481,2025-11-21,Air Serbia,JU581,belgrade,09:55:00,Retrasado,144,Airbus A319,Y,INT,Viernes,Mañana,0,0
482,2025-11-21,Grupo Ryanair,FR9015,london,10:00:00,En hora,197,Boeing 737 MAX 8,W,INT,Viernes,Mañana,0,0
483,2025-11-21,Grupo wizz,W46018,rome,10:00:00,En hora,239,Airbus A321neo,S,EU,Viernes,Mañana,0,0
484,2025-11-21,Grupo Ryanair,FR6920,dublin,10:05:00,En hora,197,Boeing 737 MAX 8,W,INT,Viernes,Mañana,0,0
485,2025-11-21,Transavia,HV5132,amsterdam,10:05:00,Retrasado,232,Airbus A321neo,S,EU,Viernes,Mañana,0,0
486,2025-11-21,Eurowings,EW7521,hamburg,10:10:00,Retrasado,180,Airbus A320,S,EU,Viernes,Mañana,0,0
487,2025-11-21,Grupo wizz,W61476,warsaw,10:15:00,Retrasado,239,Airbus A321neo,U,EU,Viernes,Mañana,0,0
488,2025-11-21,Grupo Ryanair,FR2239,marrakech,10:20:00,Retrasado,189,Boeing 737-800,Y,INT,Viernes,Mañana,0,0
489,2025-11-21,Grupo easy,U22002,manchester,10:25:00,En hora,186,Airbus A320neo,M,INT,Viernes,Mañana,0,0
490,2025-11-21,Grupo easy,EC7131,nice/cote d'azur,10:30:00,En hora,156,Airbus A319,R,EU,Viernes,Mañana,0,0
491,2025-11-21,Grupo Ryanair,FR6267,edinburgh,10:30:00,Retrasado,189,Boeing 737-800,W,INT,Viernes,Mañana,0,0
492,2025-11-21,Grupo easy,EC4212,napoli,10:35:00,Retrasado,180,Airbus A320,R,EU,Viernes,Mañana,0,0
493,2025-11-21,Transavia,HV6064,rotterdam,10:40:00,Retrasado,189,Boeing 737-800,U,EU,Viernes,Mañana,0,0
494,2025-11-21,Grupo easy,U22704,bristol,10:50:00,En hora,180,Airbus A320,M,INT,Viernes,Mañana,0,0
495,2025-11-21,Grupo Ryanair,FR5270,manchester,10:55:00,Retrasado,197,Boeing 737 MAX 8,W,INT,Viernes,Mañana,0,0
496,2025-11-21,Grupo Ryanair,RR8384,budapest,11:00:00,Retrasado,189,Boeing 737-800,R,EU,Viernes,Mañana,0,0
497,2025-11-21,Grupo Ryanair,FR3166,palermo,11:10:00,En hora,189,Boeing 737-800,S,EU,Viernes,Mañana,0,0
498,2025-11-21,Grupo Ryanair,FR269,milan,11:20:00,En hora,189,Boeing 737-800,U,EU,Viernes,Mañana,0,0
499,2025-11-21,FLYONE Armenia,3F232,yerevan,11:30:00,Retrasado,180,Airbus A320,Y,INT,Viernes,Mañana,0,0
500,2025-11-21,Aer Lingus,EI563,dublin,11:35:00,Retrasado,174,Airbus A320,Y,INT,Viernes,Mañana,0,0
501,2025-11-21,Grupo Ryanair,FR3121,paris,11:35:00,En hora,197,Boeing 737 MAX 8,R,EU,Viernes,Mañana,0,0
502,2025-11-21,Grupo Ryanair,LW2896,palma de mallorca,11:35:00,En hora,180,Airbus A320,S,NAC,Viernes,Mañana,0,0
503,2025-11-21,Grupo easy,EC7141,strasbourg,11:45:00,En hora,156,Airbus A319,R,EU,Viernes,Mañana,0,0
504,2025-11-21,Grupo Ryanair,RR3049,krakow,11:45:00,Retrasado,189,Boeing 737-800,S,EU,Viernes,Mañana,0,0
505,2025-11-21,Grupo easy,U28056,london,11:45:00,En hora,156,Airbus A319,M,INT,Viernes,Mañana,0,0
506,2025-11-21,Icelandair,FI597,keflavik,11:50:00,Retrasado,160,Boeing 737 MAX 8,S,EU,Viernes,Mañana,0,0
507,2025-11-21,Grupo Ryanair,FR774,torino,11:55:00,Retrasado,197,Boeing 737 MAX 8,S,EU,Viernes,Mañana,0,0
508,2025-11-21,Jet2,LS232,leeds bradford,12:00:00,Retrasado,189,Boeing 737 MAX 8,W,INT,Viernes,Tarde,0,0
509,2025-11-21,Grupo easy,EC8064,london,12:15:00,En hora,156,Airbus A319,M,INT,Viernes,Tarde,0,0
510,2025-11-21,Grupo Ryanair,FR4585,porto,12:15:00,En hora,189,Boeing 737-800,S,EU,Viernes,Tarde,0,0
511,2025-11-21,Norwegian Air Sweden AOC,D83657,copenhagen,12:30:00,Retrasado,189,Boeing 737 MAX 8,S,EU,Viernes,Tarde,0,0
512,2025-11-21,Grupo Ryanair,FR575,bologna,12:45:00,Retrasado,189,Boeing 737-800,U,EU,Viernes,Tarde,0,0
513,2025-11-21,Grupo Ryanair,FR58,napoli,12:45:00,Retrasado,189,Boeing 737-800,U,EU,Viernes,Tarde,0,0
514,2025-11-21,Pegasus Airlines,PC1092,istanbul,12:45:00,Retrasado,220,Airbus A321,Y,INT,Viernes,Tarde,0,0
515,2025-11-21,Grupo Ryanair,FR6874,dublin,12:55:00,Retrasado,189,Boeing 737-800,W,INT,Viernes,Tarde,0,0
516,2025-11-21,Grupo wizz,W67022,bratislava,12:55:00,Retrasado,239,Airbus A321neo,U,EU,Viernes,Tarde,0,0
517,2025-11-21,Grupo wizz,W46330,milan,13:10:00,Retrasado,230,Airbus A321,U,EU,Viernes,Tarde,0,0
518,2025-11-21,Norwegian Air Shuttle,DY1741,oslo,13:25:00,En hora,189,Boeing 737-800,U,EU,Viernes,Tarde,0,0
519,2025-11-21,Pegasus Airlines,PC1528,izmir,13:30:00,Retrasado,180,Airbus A320,Y,INT,Viernes,Tarde,0,0
520,2025-11-21,Turkish Airlines,TK608,ankara,13:40:00,Retrasado,165,Boeing 737-800,W,INT,Viernes,Tarde,0,0
521,2025-11-21,Grupo Ryanair,FR6078,ouarzazate,13:50:00,En hora,189,Boeing 737-800,Y,INT,Viernes,Tarde,0,0
522,2025-11-21,Jet2,LS804,manchester,13:50:00,En hora,189,Boeing 737-800,Y,INT,Viernes,Tarde,0,0
523,2025-11-21,Grupo Ryanair,FR3180,rome,13:55:00,En hora,189,Boeing 737-800,S,EU,Viernes,Tarde,0,0
524,2025-11-21,Air Baltic,BT684,riga,14:05:00,Retrasado,148,Airbus A220-300,S,EU,Viernes,Tarde,0,0
525,2025-11-21,Azores Airlines,S4507,ponta delgada,14:10:00,En hora,186,Airbus A320neo,U,EU,Viernes,Tarde,0,0
526,2025-11-21,Grupo easy,EC7153,milan,14:20:00,En hora,156,Airbus A319,R,EU,Viernes,Tarde,0,0
527,2025-11-21,Grupo Ryanair,LW7351,vienna,14:20:00,En hora,180,Airbus A320,R,EU,Viernes,Tarde,0,0
528,2025-11-21,Transavia,TO4755,paris,14:20:00,En hora,186,Airbus A320neo,S,EU,Viernes,Tarde,0,0
529,2025-11-21,Grupo Ryanair,FR8215,london,14:35:00,En hora,189,Boeing 737-800,W,INT,Viernes,Tarde,0,0
530,2025-11-21,Grupo easy,EC7107,geneva,14:40:00,En hora,156,Airbus A319,R,EU,Viernes,Tarde,0,0
531,2025-11-21,Volotea,V71443,ancona,14:45:00,En hora,180,Airbus A320,S,EU,Viernes,Tarde,0,0
532,2025-11-21,Grupo wizz,W64406,sofia,14:50:00,Retrasado,239,Airbus A321neo,U,EU,Viernes,Tarde,0,0
533,2025-11-21,Grupo Ryanair,FR2507,cologne-bonn,14:55:00,En hora,189,Boeing 737-800,R,EU,Viernes,Tarde,0,0
534,2025-11-21,Grupo Ryanair,FR867,venice,14:55:00,En hora,189,Boeing 737-800,S,EU,Viernes,Tarde,0,0
535,2025-11-21,SmartWings,QS1059,prague,14:55:00,En hora,189,Boeing 737-800,U,EU,Viernes,Tarde,0,0
536,2025-11-21,Grupo Ryanair,FR1342,palma de mallorca,15:00:00,En hora,189,Boeing 737-800,R,NAC,Viernes,Tarde,0,0
537,2025-11-21,Grupo Ryanair,FR5718,bratislava,15:10:00,En hora,189,Boeing 737-800,U,EU,Viernes,Tarde,0,0
538,2025-11-21,Volotea,V73735,murcia,15:15:00,Retrasado,156,Airbus A319,S,NAC,Viernes,Tarde,0,0
539,2025-11-21,Grupo Ryanair,FR483,malaga,15:25:00,En hora,197,Boeing 737 MAX 8,U,NAC,Viernes,Tarde,0,0
540,2025-11-21,Grupo wizz,W46728,venice,15:40:00,En hora,239,Airbus A321neo,S,EU,Viernes,Tarde,0,0
541,2025-11-21,Pegasus Airlines,PC1094,istanbul,15:45:00,Retrasado,220,Airbus A321,W,INT,Viernes,Tarde,0,0
542,2025-11-21,Grupo Ryanair,FR9045,london,16:05:00,En hora,189,Boeing 737-800,W,INT,Viernes,Tarde,0,0
543,2025-11-21,Norwegian Air Sweden AOC,D85510,copenhagen,16:15:00,Retrasado,189,Boeing 737-800,U,EU,Viernes,Tarde,0,0
544,2025-11-21,Grupo Ryanair,FR2925,brussels,16:15:00,En hora,189,Boeing 737-800,S,EU,Viernes,Tarde,0,0
545,2025-11-21,Grupo Ryanair,FR6985,rome,16:15:00,Retrasado,189,Boeing 737-800,U,EU,Viernes,Tarde,0,0
546,2025-11-21,Grupo wizz,W43564,timisoara,16:25:00,En hora,180,Airbus A320,U,EU,Viernes,Tarde,0,0
547,2025-11-21,Grupo Ryanair,FR3129,ibiza,16:45:00,En hora,189,Boeing 737-800,U,NAC,Viernes,Tarde,0,0
548,2025-11-21,Grupo easy,EC7173,berlin,16:50:00,En hora,156,Airbus A319,R,EU,Viernes,Tarde,0,0
549,2025-11-21,Volotea,V73700,vitoria,16:50:00,Retrasado,180,Airbus A320,R,NAC,Viernes,Tarde,0,0
550,2025-11-21,Grupo Ryanair,FR878,venice,16:55:00,En hora,189,Boeing 737-800,S,EU,Viernes,Tarde,0,0
551,2025-11-21,Grupo Ryanair,FR4587,porto,17:05:00,En hora,189,Boeing 737-800,S,EU,Viernes,Tarde,0,0
552,2025-11-21,Grupo wizz,W67920,kopitnari,17:15:00,En hora,239,Airbus A321neo,W,INT,Viernes,Tarde,0,0
553,2025-11-21,Grupo Ryanair,FR3076,stockholm,17:30:00,En hora,197,Boeing 737 MAX 8,U,EU,Viernes,Tarde,0,0
554,2025-11-21,Volotea,V73573,asturias,17:40:00,En hora,156,Airbus A319,S,NAC,Viernes,Tarde,0,0
555,2025-11-21,Transavia,HV5134,amsterdam,17:45:00,En hora,189,Boeing 737-800,U,EU,Viernes,Tarde,0,0
556,2025-11-21,Grupo Ryanair,FR6341,rome,18:00:00,En hora,189,Boeing 737-800,S,EU,Viernes,Tarde,0,0
557,2025-11-21,Grupo Ryanair,FR6353,milan,18:00:00,Retrasado,197,Boeing 737 MAX 8,R,EU,Viernes,Tarde,0,0
558,2025-11-21,Grupo easy,EC7205,southampton,18:10:00,En hora,156,Airbus A319,R,EU,Viernes,Tarde,0,0
559,2025-11-21,Air Arabia Maroc,3O398,rabat,18:30:00,En hora,174,Airbus A320,W,INT,Viernes,Tarde,0,0
560,2025-11-21,FlyOne,5F5512,chisinau,18:30:00,Retrasado,180,Airbus A320,Y,INT,Viernes,Tarde,0,0
561,2025-11-21,Grupo wizz,W43686,iasi,18:30:00,Retrasado,180,Airbus A320,U,EU,Viernes,Tarde,0,0
562,2025-11-21,Grupo Ryanair,FR2098,bologna,18:35:00,En hora,189,Boeing 737-800,U,EU,Viernes,Tarde,0,0
563,2025-11-21,Grupo easy,EC7103,"basel, switzerland/mulhouse",18:45:00,En hora,156,Airbus A319,R,EU,Viernes,Tarde,0,0
564,2025-11-21,Grupo Ryanair,FR3189,fes,18:50:00,Retrasado,189,Boeing 737-800,Y,INT,Viernes,Tarde,0,0
565,2025-11-21,Grupo wizz,W61478,warsaw,19:00:00,En hora,239,Airbus A321neo,U,EU,Viernes,Tarde,0,0
566,2025-11-21,Grupo easy,EC7155,milan,19:10:00,En hora,156,Airbus A319,R,EU,Viernes,Tarde,0,0
567,2025-11-21,Grupo Ryanair,FR149,berlin,19:15:00,Retrasado,197,Boeing 737 MAX 8,R,EU,Viernes,Tarde,0,0
568,2025-11-21,Grupo Ryanair,FR3078,lisbon,19:20:00,Retrasado,189,Boeing 737-800,S,EU,Viernes,Tarde,0,0
569,2025-11-21,Grupo Ryanair,RR6330,sofia,19:20:00,Retrasado,189,Boeing 737-800,U,EU,Viernes,Tarde,0,0
570,2025-11-21,Volotea,V72165,nantes/atlantique,19:30:00,En hora,156,Airbus A319,S,EU,Viernes,Tarde,0,0
571,2025-11-21,Eurowings,EW9443,dusseldorf,19:35:00,Retrasado,232,Airbus A321neo,S,EU,Viernes,Tarde,0,0
572,2025-11-21,Grupo Ryanair,FR2330,al aaroui,19:35:00,En hora,189,Boeing 737-800,Y,INT,Viernes,Tarde,0,0
573,2025-11-21,Grupo Ryanair,LW7362,vienna,19:40:00,Retrasado,180,Airbus A320,S,EU,Viernes,Tarde,0,0
574,2025-11-21,Grupo easy,U28058,london,19:40:00,En hora,156,Airbus A319,M,INT,Viernes,Tarde,0,0
575,2025-11-21,Grupo Ryanair,FR6374,paris,19:45:00,Retrasado,189,Boeing 737-800,U,EU,Viernes,Tarde,0,0
576,2025-11-21,Eurowings,EW2521,stuttgart,19:55:00,Retrasado,226,Airbus A321,U,EU,Viernes,Tarde,0,0
577,2025-11-21,Volotea,V71415,verona,19:55:00,Retrasado,180,Airbus A320,U,EU,Viernes,Tarde,0,0
578,2025-11-21,Grupo wizz,W64666,larnaca,19:55:00,Retrasado,230,Airbus A321,Y,INT,Viernes,Tarde,0,0
579,2025-11-21,Grupo Ryanair,FR1527,valletta,20:05:00,En hora,189,Boeing 737-800,U,EU,Viernes,Noche,0,0
580,2025-11-21,Grupo Ryanair,FR2402,sevilla,20:10:00,Retrasado,197,Boeing 737 MAX 8,R,NAC,Viernes,Noche,0,0
581,2025-11-21,Grupo Ryanair,FR6275,edinburgh,20:10:00,En hora,197,Boeing 737 MAX 8,W,INT,Viernes,Noche,0,0
582,2025-11-21,Grupo Ryanair,FR6305,milan,20:10:00,Retrasado,189,Boeing 737-800,R,EU,Viernes,Noche,0,0
583,2025-11-21,Grupo wizz,W62096,krakow,20:10:00,Retrasado,239,Airbus A321neo,S,EU,Viernes,Noche,0,0
584,2025-11-21,Grupo easy,EC1956,milan,20:15:00,Retrasado,180,Airbus A320,R,EU,Viernes,Noche,0,0
585,2025-11-21,Grupo wizz,W42940,vienna,20:20:00,Retrasado,239,Airbus A321neo,S,EU,Viernes,Noche,0,0
586,2025-11-21,Grupo Ryanair,FR3792,birmingham,20:25:00,En hora,189,Boeing 737-800,Y,INT,Viernes,Noche,0,0
587,2025-11-21,T'Way Air,TW408,seoul/incheon,20:30:00,Retrasado,246,Airbus A330-200,W,INT,Viernes,Noche,0,0
588,2025-11-21,Volotea,V72135,bordeaux,20:30:00,Retrasado,180,Airbus A320,R,EU,Viernes,Noche,0,0
589,2025-11-21,Grupo Ryanair,FR7539,milan,20:35:00,En hora,189,Boeing 737-800,U,EU,Viernes,Noche,0,0
590,2025-11-21,Grupo Ryanair,FR8631,tanger,20:35:00,Retrasado,189,Boeing 737-800,W,INT,Viernes,Noche,0,0
591,2025-11-21,Air Serbia,JU585,belgrade,20:35:00,Retrasado,144,Airbus A319,Y,INT,Viernes,Noche,0,0
592,2025-11-21,Grupo Ryanair,RR1786,vilnius,20:35:00,Retrasado,197,Boeing 737 MAX 8,U,EU,Viernes,Noche,0,0
593,2025-11-21,Luxair,LG3592,luxembourg,20:40:00,Retrasado,186,Boeing 737-800,S,EU,Viernes,Noche,0,0
594,2025-11-21,Grupo wizz,W62378,budapest,20:45:00,Retrasado,239,Airbus A321neo,S,EU,Viernes,Noche,0,0
595,2025-11-21,Grupo Ryanair,FR5710,napoli,20:50:00,En hora,197,Boeing 737 MAX 8,U,EU,Viernes,Noche,0,0
596,2025-11-21,Transavia,TO4759,paris,20:50:00,Retrasado,186,Airbus A320neo,U,EU,Viernes,Noche,0,0
597,2025-11-21,Grupo easy,U22326,london,20:55:00,En hora,180,Airbus A320,M,INT,Viernes,Noche,0,0
598,2025-11-21,Grupo Ryanair,RR8394,budapest,21:00:00,En hora,189,Boeing 737-800,S,EU,Viernes,Noche,0,0
599,2025-11-21,Aer Lingus,EI565,dublin,21:05:00,En hora,174,Airbus A320,Y,INT,Viernes,Noche,0,0
600,2025-11-21,Grupo easy,U23374,liverpool,21:05:00,En hora,180,Airbus A320,M,INT,Viernes,Noche,0,0
601,2025-11-21,Grupo Ryanair,FR3174,ibiza,21:10:00,En hora,189,Boeing 737-800,R,NAC,Viernes,Noche,0,0
602,2025-11-21,Grupo easy,EC1380,geneva,21:15:00,Retrasado,180,Airbus A320,R,EU,Viernes,Noche,0,0
603,2025-11-21,Grupo wizz,W43178,bucharest,21:20:00,En hora,230,Airbus A321,U,EU,Viernes,Noche,0,0
604,2025-11-21,Grupo wizz,W43406,cluj-napoca,21:25:00,En hora,186,Airbus A320neo,R,EU,Viernes,Noche,0,0
605,2025-11-21,Grupo Ryanair,RR6944,warsaw,21:30:00,En hora,189,Boeing 737-800,U,EU,Viernes,Noche,0,0
606,2025-11-21,Grupo Ryanair,FR7808,london,21:35:00,Retrasado,189,Boeing 737-800,Y,INT,Viernes,Noche,0,0
607,2025-11-21,Grupo wizz,W46020,rome,21:35:00,Retrasado,239,Airbus A321neo,S,EU,Viernes,Noche,0,0
608,2025-11-21,Grupo Ryanair,FR8669,dublin,21:40:00,Retrasado,189,Boeing 737-800,Y,INT,Viernes,Noche,0,0
609,2025-11-21,Grupo Ryanair,FR9811,london,21:40:00,Retrasado,189,Boeing 737-800,Y,INT,Viernes,Noche,0,0
610,2025-11-21,Grupo Ryanair,FR2495,palma de mallorca,21:45:00,En hora,189,Boeing 737-800,S,NAC,Viernes,Noche,0,0
611,2025-11-21,Grupo Ryanair,FR6597,manchester,21:45:00,En hora,189,Boeing 737-800,W,INT,Viernes,Noche,0,0
612,2025-11-21,Grupo Ryanair,FR2250,marrakech,21:55:00,En hora,189,Boeing 737-800,W,INT,Viernes,Noche,0,0
613,2025-11-21,Grupo wizz,W64116,belgrade,21:55:00,Retrasado,239,Airbus A321neo,W,INT,Viernes,Noche,0,0
614,2025-11-21,Grupo Ryanair,FR3080,malaga,22:30:00,En hora,197,Boeing 737 MAX 8,S,NAC,Viernes,Noche,0,0
615,2025-11-21,Grupo wizz,W45154,tirana,22:45:00,En hora,230,Airbus A321,Y,INT,Viernes,Noche,0,0
616,2025-11-21,Grupo wizz,W61706,gdansk,22:50:00,En hora,239,Airbus A321neo,S,EU,Viernes,Noche,0,0
617,2025-11-21,Grupo Ryanair,FR9814,london,23:10:00,En hora,189,Boeing 737-800,W,INT,Viernes,Noche,0,0
618,2025-11-22,Grupo Ryanair,FR846,milan,06:00:00,Retrasado,189,Boeing 737-800,S,EU,Sábado,Mañana,0,0
619,2025-11-22,Grupo easy,EC7105,geneva,06:10:00,En hora,156,Airbus A319,R,EU,Sábado,Mañana,0,0
620,2025-11-22,Grupo Ryanair,FR5718,bratislava,06:10:00,En hora,189,Boeing 737-800,S,EU,Sábado,Mañana,0,0
621,2025-11-22,Grupo Ryanair,FR4545,porto,06:15:00,En hora,197,Boeing 737 MAX 8,U,EU,Sábado,Mañana,0,0
622,2025-11-22,Grupo Ryanair,FR1342,palma de mallorca,06:20:00,En hora,189,Boeing 737-800,S,NAC,Sábado,Mañana,0,0
623,2025-11-22,Grupo Ryanair,FR777,venice,06:30:00,Retrasado,189,Boeing 737-800,S,EU,Sábado,Mañana,0,0
624,2025-11-22,Grupo easy,EC7151,milan,07:30:00,En hora,156,Airbus A319,R,EU,Sábado,Mañana,0,0
625,2025-11-22,Grupo Ryanair,FR2918,brussels,08:05:00,En hora,189,Boeing 737-800,S,EU,Sábado,Mañana,0,0
626,2025-11-22,Grupo Ryanair,FR3180,rome,08:15:00,En hora,189,Boeing 737-800,U,EU,Sábado,Mañana,0,0
627,2025-11-22,Air Arabia Maroc,3O376,al aaroui,08:35:00,En hora,174,Airbus A320,W,INT,Sábado,Mañana,0,0
628,2025-11-22,Grupo Ryanair,FR1165,palma de mallorca,08:50:00,En hora,189,Boeing 737-800,R,NAC,Sábado,Mañana,0,0
629,2025-11-22,Grupo Ryanair,FR575,bologna,08:50:00,En hora,189,Boeing 737-800,U,EU,Sábado,Mañana,0,0
630,2025-11-22,Grupo Ryanair,FR3166,palermo,09:00:00,En hora,189,Boeing 737-800,S,EU,Sábado,Mañana,0,0
631,2025-11-22,Grupo wizz,W43938,chisinau,09:00:00,En hora,180,Airbus A320,Y,INT,Sábado,Mañana,0,0
632,2025-11-22,Grupo wizz,W62048,krakow,09:05:00,En hora,239,Airbus A321neo,S,EU,Sábado,Mañana,0,0
633,2025-11-22,Grupo Ryanair,FR2834,charleroi,09:15:00,Retrasado,189,Boeing 737-800,U,EU,Sábado,Mañana,0,0
634,2025-11-22,Transavia,TO4751,paris,09:15:00,En hora,189,Boeing 737-800,U,EU,Sábado,Mañana,0,0
635,2025-11-22,Grupo Ryanair,FR133,berlin,09:20:00,En hora,189,Boeing 737-800,U,EU,Sábado,Mañana,0,0
636,2025-11-22,Grupo Ryanair,FR2239,marrakech,09:20:00,En hora,189,Boeing 737-800,W,INT,Sábado,Mañana,0,0
637,2025-11-22,Grupo Ryanair,FR3028,ibiza,09:20:00,En hora,189,Boeing 737-800,S,NAC,Sábado,Mañana,0,0
638,2025-11-22,Grupo wizz,W61914,vilnius,09:20:00,En hora,239,Airbus A321neo,S,EU,Sábado,Mañana,0,0
639,2025-11-22,Grupo wizz,W43176,bucharest,09:25:00,Retrasado,239,Airbus A321neo,U,EU,Sábado,Mañana,0,0
640,2025-11-22,Grupo wizz,W62376,budapest,09:25:00,En hora,239,Airbus A321neo,U,EU,Sábado,Mañana,0,0
641,2025-11-22,Grupo Ryanair,RR3049,krakow,09:30:00,En hora,189,Boeing 737-800,U,EU,Sábado,Mañana,0,0
642,2025-11-22,Grupo wizz,W42938,vienna,09:35:00,En hora,239,Airbus A321neo,S,EU,Sábado,Mañana,0,0
643,2025-11-22,Air Serbia,JU581,belgrade,09:55:00,En hora,144,Airbus A319,Y,INT,Sábado,Mañana,0,0
644,2025-11-22,Grupo Ryanair,FR6559,liverpool,10:00:00,En hora,189,Boeing 737-800,W,INT,Sábado,Mañana,0,0
645,2025-11-22,Grupo wizz,W46018,rome,10:00:00,En hora,239,Airbus A321neo,S,EU,Sábado,Mañana,0,0
646,2025-11-22,Transavia,HV5132,amsterdam,10:05:00,Retrasado,232,Airbus A321neo,U,EU,Sábado,Mañana,0,0
647,2025-11-22,Grupo wizz,W61476,warsaw,10:15:00,En hora,239,Airbus A321neo,R,EU,Sábado,Mañana,0,0
648,2025-11-22,Grupo Ryanair,FR9171,stockholm,10:20:00,En hora,197,Boeing 737 MAX 8,R,EU,Sábado,Mañana,0,0
649,2025-11-22,Grupo easy,U22326,london,10:20:00,En hora,180,Airbus A320,M,INT,Sábado,Mañana,0,0
650,2025-11-22,Grupo Ryanair,FR3168,newcastle,10:25:00,En hora,189,Boeing 737-800,W,INT,Sábado,Mañana,0,0
651,2025-11-22,Grupo Ryanair,FR9307,cork,10:30:00,En hora,197,Boeing 737 MAX 8,Y,INT,Sábado,Mañana,0,0
652,2025-11-22,Grupo Ryanair,LW12,vienna,10:30:00,Retrasado,180,Airbus A320,R,EU,Sábado,Mañana,0,0
653,2025-11-22,Grupo easy,U28056,london,10:35:00,En hora,156,Airbus A319,M,INT,Sábado,Mañana,0,0
654,2025-11-22,Azerbaijan Airlines,J246,baku,10:45:00,En hora,186,Airbus A320neo,Y,INT,Sábado,Mañana,0,0
655,2025-11-22,SkyUp MT,U5406,chisinau,10:50:00,En hora,149,Boeing 737-700,W,INT,Sábado,Mañana,0,0
656,2025-11-22,Grupo easy,U22704,bristol,10:55:00,En hora,180,Airbus A320,M,INT,Sábado,Mañana,0,0
657,2025-11-22,Grupo Ryanair,FR6394,dublin,11:00:00,En hora,197,Boeing 737 MAX 8,W,INT,Sábado,Mañana,0,0
658,2025-11-22,Grupo Ryanair,FR4597,porto,11:20:00,En hora,197,Boeing 737 MAX 8,U,EU,Sábado,Mañana,0,0
659,2025-11-22,Grupo easy,EC7193,leeds bradford,11:30:00,En hora,156,Airbus A319,M,INT,Sábado,Mañana,0,0
660,2025-11-22,Aer Lingus,EI563,dublin,11:30:00,En hora,174,Airbus A320,Y,INT,Sábado,Mañana,0,0
661,2025-11-22,Grupo Ryanair,FR2507,cologne-bonn,11:55:00,En hora,189,Boeing 737-800,U,EU,Sábado,Mañana,0,0
662,2025-11-22,Grupo Ryanair,FR3108,luxembourg,12:05:00,En hora,189,Boeing 737-800,U,EU,Sábado,Tarde,0,0
663,2025-11-22,Grupo easy,EC8064,london,12:10:00,En hora,156,Airbus A319,M,INT,Sábado,Tarde,0,0
664,2025-11-22,Grupo Ryanair,FR8231,london,12:25:00,En hora,189,Boeing 737-800,Y,INT,Sábado,Tarde,0,0
665,2025-11-22,Pegasus Airlines,PC1092,istanbul,12:45:00,Retrasado,220,Airbus A321,Y,INT,Sábado,Tarde,0,0
666,2025-11-22,Grupo wizz,W67022,bratislava,12:55:00,En hora,239,Airbus A321neo,U,EU,Sábado,Tarde,0,0
667,2025-11-22,Grupo Ryanair,FR483,malaga,13:05:00,Retrasado,189,Boeing 737-800,S,NAC,Sábado,Tarde,0,0
668,2025-11-22,Boliviana de Aviacion,OB775,santa cruz,13:10:00,Retrasado,246,Airbus A330-200,Y,INT,Sábado,Tarde,0,0
669,2025-11-22,Grupo wizz,W46330,milan,13:10:00,En hora,230,Airbus A321,U,EU,Sábado,Tarde,0,0
670,2025-11-22,Grupo easy,EC7101,"basel, switzerland/mulhouse",13:20:00,En hora,156,Airbus A319,R,EU,Sábado,Tarde,0,0
671,2025-11-22,Grupo Ryanair,FR7808,london,13:20:00,En hora,197,Boeing 737 MAX 8,W,INT,Sábado,Tarde,0,0
672,2025-11-22,Grupo Ryanair,RK6597,manchester,13:25:00,En hora,189,Boeing 737-800,Y,INT,Sábado,Tarde,0,0
673,2025-11-22,Grupo Ryanair,FR2098,bologna,13:30:00,En hora,189,Boeing 737-800,U,EU,Sábado,Tarde,0,0
674,2025-11-22,Air Arabia Maroc,3O378,tanger,13:35:00,Retrasado,174,Airbus A320,Y,INT,Sábado,Tarde,0,0
675,2025-11-22,Grupo easy,EC7153,milan,13:35:00,En hora,156,Airbus A319,R,EU,Sábado,Tarde,0,0
676,2025-11-22,Ajet,VF608,ankara,13:40:00,Retrasado,180,Airbus A320,W,INT,Sábado,Tarde,0,0
677,2025-11-22,Grupo Ryanair,FR1681,frankfurt-hahn,14:00:00,En hora,189,Boeing 737-800,U,EU,Sábado,Tarde,0,0
678,2025-11-22,Air Baltic,BT684,riga,14:05:00,Retrasado,148,Airbus A220-300,S,EU,Sábado,Tarde,0,0
679,2025-11-22,Grupo Ryanair,RR6920,dublin,14:05:00,Retrasado,189,Boeing 737-800,Y,INT,Sábado,Tarde,0,0
680,2025-11-22,Grupo Ryanair,FR58,napoli,14:15:00,En hora,189,Boeing 737-800,U,EU,Sábado,Tarde,0,0
681,2025-11-22,Kuwait Airways,KU136,kuwait city,14:25:00,En hora,278,Airbus A330-900,W,INT,Sábado,Tarde,0,0
682,2025-11-22,Grupo Ryanair,FR3070,palma de mallorca,14:40:00,Retrasado,189,Boeing 737-800,S,NAC,Sábado,Tarde,0,0
683,2025-11-22,Grupo Ryanair,FR774,torino,14:45:00,En hora,189,Boeing 737-800,S,EU,Sábado,Tarde,0,0
684,2025-11-22,Grupo Ryanair,FR3121,paris,14:50:00,En hora,189,Boeing 737-800,U,EU,Sábado,Tarde,0,0
685,2025-11-22,Grupo Ryanair,FR6300,sofia,14:55:00,En hora,189,Boeing 737-800,R,EU,Sábado,Tarde,0,0
686,2025-11-22,Grupo Ryanair,FR3189,fes,15:30:00,En hora,189,Boeing 737-800,W,INT,Sábado,Tarde,0,0
687,2025-11-22,Grupo wizz,W46728,venice,15:40:00,En hora,239,Airbus A321neo,S,EU,Sábado,Tarde,0,0
688,2025-11-22,Grupo Ryanair,FR3807,charleroi,16:05:00,En hora,197,Boeing 737 MAX 8,U,EU,Sábado,Tarde,0,0
689,2025-11-22,Grupo Ryanair,RR8384,budapest,16:10:00,Retrasado,189,Boeing 737-800,S,EU,Sábado,Tarde,0,0
690,2025-11-22,Grupo Ryanair,FR7543,manchester,16:20:00,En hora,189,Boeing 737-800,Y,INT,Sábado,Tarde,0,0
691,2025-11-22,Grupo Ryanair,FR3146,oujda,16:45:00,En hora,189,Boeing 737-800,W,INT,Sábado,Tarde,0,0
692,2025-11-22,Grupo Ryanair,FR269,milan,16:50:00,En hora,189,Boeing 737-800,U,EU,Sábado,Tarde,0,0
693,2025-11-22,Grupo Ryanair,FR9015,london,17:00:00,En hora,197,Boeing 737 MAX 8,W,INT,Sábado,Tarde,0,0
694,2025-11-22,Grupo Ryanair,FR5752,valletta,17:10:00,En hora,197,Boeing 737 MAX 8,U,EU,Sábado,Tarde,0,0
695,2025-11-22,Grupo Ryanair,FR6874,dublin,17:40:00,En hora,189,Boeing 737-800,Y,INT,Sábado,Tarde,0,0
696,2025-11-22,Grupo Ryanair,FR2233,al aaroui,17:50:00,Retrasado,189,Boeing 737-800,W,INT,Sábado,Tarde,0,0
697,2025-11-22,Grupo Ryanair,FR2925,brussels,17:50:00,En hora,197,Boeing 737 MAX 8,U,EU,Sábado,Tarde,0,0
698,2025-11-22,Grupo Ryanair,FR6353,milan,17:55:00,En hora,189,Boeing 737-800,S,EU,Sábado,Tarde,0,0
699,2025-11-22,Grupo easy,EC7103,"basel, switzerland/mulhouse",18:00:00,En hora,156,Airbus A319,R,EU,Sábado,Tarde,0,0
700,2025-11-22,Norwegian Air Sweden AOC,D81741,oslo,18:15:00,En hora,189,Boeing 737-800,U,EU,Sábado,Tarde,0,0
701,2025-11-22,Grupo Ryanair,FR878,venice,18:15:00,En hora,189,Boeing 737-800,U,EU,Sábado,Tarde,0,0
702,2025-11-22,Transavia,HV5134,amsterdam,18:15:00,En hora,232,Airbus A321neo,U,EU,Sábado,Tarde,0,0
703,2025-11-22,Grupo Ryanair,FR3035,krakow,18:20:00,En hora,197,Boeing 737 MAX 8,U,EU,Sábado,Tarde,0,0
704,2025-11-22,Grupo Ryanair,FR3792,birmingham,18:55:00,En hora,197,Boeing 737 MAX 8,Y,INT,Sábado,Tarde,0,0
705,2025-11-22,Grupo wizz,W61176,katowice,18:55:00,En hora,239,Airbus A321neo,S,EU,Sábado,Tarde,0,0
706,2025-11-22,Grupo wizz,W61478,warsaw,19:00:00,En hora,239,Airbus A321neo,S,EU,Sábado,Tarde,0,0
707,2025-11-22,Grupo Ryanair,FR9045,london,19:05:00,En hora,189,Boeing 737-800,W,INT,Sábado,Tarde,0,0
708,2025-11-22,Grupo Ryanair,FR5270,manchester,19:20:00,En hora,189,Boeing 737-800,Y,INT,Sábado,Tarde,0,0
709,2025-11-22,Grupo Ryanair,FR149,berlin,19:35:00,Retrasado,197,Boeing 737 MAX 8,U,EU,Sábado,Tarde,0,0
710,2025-11-22,Grupo wizz,W64406,sofia,19:35:00,En hora,239,Airbus A321neo,S,EU,Sábado,Tarde,0,0
711,2025-11-22,Air Baltic,BT878,tallinn,19:40:00,En hora,148,Airbus A220-300,U,EU,Sábado,Tarde,0,0
712,2025-11-22,Grupo Ryanair,FR3078,lisbon,19:55:00,En hora,189,Boeing 737-800,S,EU,Sábado,Tarde,0,0
713,2025-11-22,Grupo Ryanair,LW7351,vienna,20:05:00,En hora,180,Airbus A320,R,EU,Sábado,Noche,0,0
714,2025-11-22,Grupo easy,EC1380,geneva,20:10:00,En hora,180,Airbus A320,R,EU,Sábado,Noche,0,0
715,2025-11-22,Grupo Ryanair,FR867,venice,20:20:00,En hora,189,Boeing 737-800,U,EU,Sábado,Noche,0,0
716,2025-11-22,Grupo Ryanair,FR9581,sevilla,20:25:00,En hora,197,Boeing 737 MAX 8,R,NAC,Sábado,Noche,0,0
717,2025-11-22,T'Way Air,TW408,seoul/incheon,20:30:00,En hora,294,BOEING 777-300ER,Y,INT,Sábado,Noche,0,0
718,2025-11-22,Grupo Ryanair,FR3182,malaga,20:45:00,En hora,189,Boeing 737-800,U,NAC,Sábado,Noche,0,0
719,2025-11-22,Grupo Ryanair,FR3928,trieste,20:45:00,En hora,189,Boeing 737-800,S,EU,Sábado,Noche,0,0
720,2025-11-22,Transavia,TO4759,paris,20:45:00,Retrasado,186,Airbus A320neo,U,EU,Sábado,Noche,0,0
721,2025-11-22,Grupo wizz,W62378,budapest,20:45:00,Retrasado,239,Airbus A321neo,U,EU,Sábado,Noche,0,0
722,2025-11-22,Grupo Ryanair,FR4585,porto,20:50:00,Retrasado,189,Boeing 737-800,S,EU,Sábado,Noche,0,0
723,2025-11-22,Grupo Ryanair,FR6267,edinburgh,20:55:00,En hora,189,Boeing 737-800,W,INT,Sábado,Noche,0,0
724,2025-11-22,Grupo Ryanair,FR3174,ibiza,21:20:00,En hora,189,Boeing 737-800,U,NAC,Sábado,Noche,0,0
725,2025-11-22,Grupo wizz,W43178,bucharest,21:20:00,En hora,230,Airbus A321,S,EU,Sábado,Noche,0,0
726,2025-11-22,Grupo wizz,W43406,cluj-napoca,21:25:00,En hora,180,Airbus A320,S,EU,Sábado,Noche,0,0
727,2025-11-22,Grupo Ryanair,FR5220,bologna,21:30:00,En hora,189,Boeing 737-800,U,EU,Sábado,Noche,0,0
728,2025-11-22,Grupo Ryanair,RR3039,prague,21:35:00,En hora,197,Boeing 737 MAX 8,U,EU,Sábado,Noche,0,0
729,2025-11-22,Grupo wizz,W46020,rome,21:35:00,En hora,239,Airbus A321neo,S,EU,Sábado,Noche,0,0
730,2025-11-22,Grupo Ryanair,FR3800,birmingham,21:55:00,En hora,189,Boeing 737-800,Y,INT,Sábado,Noche,0,0
731,2025-11-22,Grupo Ryanair,FR8574,rome,22:10:00,Retrasado,189,Boeing 737-800,U,EU,Sábado,Noche,0,0
732,2025-11-22,Grupo wizz,W64116,belgrade,22:10:00,En hora,239,Airbus A321neo,Y,INT,Sábado,Noche,0,0
733,2025-11-22,Air Arabia Maroc,3O642,tanger,22:15:00,En hora,174,Airbus A320,W,INT,Sábado,Noche,0,0
734,2025-11-23,Grupo Ryanair,FR3180,rome,06:00:00,En hora,189,Boeing 737-800,U,EU,Domingo,Mañana,0,0
735,2025-11-23,Grupo Ryanair,FR2834,charleroi,06:10:00,En hora,197,Boeing 737 MAX 8,S,EU,Domingo,Mañana,0,0
736,2025-11-23,Grupo Ryanair,FR2918,brussels,06:25:00,En hora,189,Boeing 737-800,R,EU,Domingo,Mañana,0,0
737,2025-11-23,Grupo Ryanair,FR4084,warsaw,06:25:00,Retrasado,189,Boeing 737-800,S,EU,Domingo,Mañana,0,0
738,2025-11-23,Grupo Ryanair,FR2239,marrakech,06:30:00,En hora,189,Boeing 737-800,W,INT,Domingo,Mañana,0,0
739,2025-11-23,Grupo Ryanair,FR2507,cologne-bonn,06:40:00,En hora,189,Boeing 737-800,U,EU,Domingo,Mañana,0,0
740,2025-11-23,Grupo easy,EC7101,"basel, switzerland/mulhouse",06:50:00,En hora,156,Airbus A319,R,EU,Domingo,Mañana,0,0
741,2025-11-23,Grupo easy,EC7191,glasgow,07:20:00,En hora,156,Airbus A319,M,INT,Domingo,Mañana,0,0
742,2025-11-23,Grupo Ryanair,FR6597,manchester,07:30:00,En hora,189,Boeing 737-800,W,INT,Domingo,Mañana,0,0
743,2025-11-23,Grupo Ryanair,FR3108,luxembourg,07:35:00,En hora,189,Boeing 737-800,S,EU,Domingo,Mañana,0,0
744,2025-11-23,Grupo Ryanair,FR1165,sevilla,07:50:00,En hora,189,Boeing 737-800,S,NAC,Domingo,Mañana,0,0
745,2025-11-23,Norwegian Air Sweden AOC,D85510,copenhagen,08:00:00,En hora,189,Boeing 737-800,U,EU,Domingo,Mañana,0,0
746,2025-11-23,Grupo easy,EC7131,nice/cote d'azur,08:00:00,En hora,156,Airbus A319,R,EU,Domingo,Mañana,0,0
747,2025-11-23,Grupo easy,EC3754,milan,08:25:00,En hora,180,Airbus A320,R,EU,Domingo,Mañana,0,0
748,2025-11-23,Grupo Ryanair,FR878,venice,08:30:00,En hora,189,Boeing 737-800,U,EU,Domingo,Mañana,0,0
749,2025-11-23,Grupo easy,EC1376,geneva,08:35:00,En hora,156,Airbus A319,R,EU,Domingo,Mañana,0,0
750,2025-11-23,Volotea,V73735,murcia,08:40:00,Retrasado,180,Airbus A320,U,NAC,Domingo,Mañana,0,0
751,2025-11-23,Grupo Ryanair,RR1786,vilnius,09:00:00,En hora,197,Boeing 737 MAX 8,S,EU,Domingo,Mañana,0,0
752,2025-11-23,Grupo Ryanair,FR3028,ibiza,09:05:00,En hora,197,Boeing 737 MAX 8,U,NAC,Domingo,Mañana,0,0
753,2025-11-23,Grupo wizz,W62048,krakow,09:05:00,Retrasado,239,Airbus A321neo,S,EU,Domingo,Mañana,0,0
754,2025-11-23,Grupo Ryanair,RR3193,riga,09:10:00,En hora,189,Boeing 737-800,S,EU,Domingo,Mañana,0,0
755,2025-11-23,Eurowings,EW7521,hamburg,09:25:00,En hora,150,Airbus A319,S,EU,Domingo,Mañana,0,0
756,2025-11-23,Grupo wizz,W43176,bucharest,09:25:00,En hora,239,Airbus A321neo,U,EU,Domingo,Mañana,0,0
757,2025-11-23,Grupo wizz,W45088,tirana,09:25:00,En hora,239,Airbus A321neo,W,INT,Domingo,Mañana,0,0
758,2025-11-23,Grupo wizz,W62376,budapest,09:25:00,Retrasado,239,Airbus A321neo,U,EU,Domingo,Mañana,0,0
759,2025-11-23,Grupo Ryanair,FR4545,porto,09:35:00,En hora,189,Boeing 737-800,U,EU,Domingo,Mañana,0,0
760,2025-11-23,Grupo wizz,W42938,vienna,09:35:00,Retrasado,239,Airbus A321neo,R,EU,Domingo,Mañana,0,0
761,2025-11-23,Grupo easy,EC7656,lisbon,09:45:00,En hora,230,Airbus A321,R,EU,Domingo,Mañana,0,0
762,2025-11-23,Grupo Ryanair,RR333,gdansk,09:45:00,En hora,189,Boeing 737-800,U,EU,Domingo,Mañana,0,0
763,2025-11-23,Grupo Ryanair,RR8384,budapest,09:45:00,Retrasado,197,Boeing 737 MAX 8,U,EU,Domingo,Mañana,0,0
764,2025-11-23,Grupo Ryanair,FR2495,palma de mallorca,09:50:00,En hora,189,Boeing 737-800,R,NAC,Domingo,Mañana,0,0
765,2025-11-23,Grupo Ryanair,FR6341,rome,09:55:00,En hora,189,Boeing 737-800,U,EU,Domingo,Mañana,0,0
766,2025-11-23,Grupo Ryanair,RR3049,krakow,09:55:00,Retrasado,197,Boeing 737 MAX 8,S,EU,Domingo,Mañana,0,0
767,2025-11-23,Grupo Ryanair,FR8231,london,10:00:00,En hora,189,Boeing 737-800,Y,INT,Domingo,Mañana,0,0
768,2025-11-23,Grupo wizz,W46018,rome,10:00:00,En hora,239,Airbus A321neo,S,EU,Domingo,Mañana,0,0
769,2025-11-23,Grupo Ryanair,FR6874,dublin,10:05:00,En hora,197,Boeing 737 MAX 8,W,INT,Domingo,Mañana,0,0
770,2025-11-23,Grupo Ryanair,LW7351,vienna,10:10:00,Retrasado,180,Airbus A320,R,EU,Domingo,Mañana,0,0
771,2025-11-23,Grupo wizz,W61476,warsaw,10:15:00,En hora,239,Airbus A321neo,S,EU,Domingo,Mañana,0,0
772,2025-11-23,Grupo Ryanair,FR575,bologna,10:20:00,En hora,189,Boeing 737-800,R,EU,Domingo,Mañana,0,0
773,2025-11-23,Grupo Ryanair,FR6267,edinburgh,10:30:00,En hora,189,Boeing 737-800,Y,INT,Domingo,Mañana,0,0
774,2025-11-23,Grupo Ryanair,FR7543,manchester,10:40:00,En hora,197,Boeing 737 MAX 8,Y,INT,Domingo,Mañana,0,0
775,2025-11-23,Grupo Ryanair,FR1279,copenhagen,10:45:00,Retrasado,189,Boeing 737-800,U,EU,Domingo,Mañana,0,0
776,2025-11-23,Grupo Ryanair,FR3143,milan,10:45:00,En hora,197,Boeing 737 MAX 8,S,EU,Domingo,Mañana,0,0
777,2025-11-23,Azerbaijan Airlines,J246,baku,10:45:00,Retrasado,122,Airbus A319,W,INT,Domingo,Mañana,0,0
778,2025-11-23,Grupo Ryanair,FR3166,palermo,11:00:00,En hora,189,Boeing 737-800,U,EU,Domingo,Mañana,0,0
779,2025-11-23,Norwegian Air Sweden AOC,D81741,oslo,11:15:00,En hora,189,Boeing 737-800,U,EU,Domingo,Mañana,0,0
780,2025-11-23,Aer Lingus,EI563,dublin,11:30:00,En hora,186,Airbus A320neo,W,INT,Domingo,Mañana,0,0
781,2025-11-23,Grupo easy,EC7139,rennes/saint-jacques,11:45:00,En hora,156,Airbus A319,R,EU,Domingo,Mañana,0,0
782,2025-11-23,Icelandair,FI597,keflavik,11:50:00,Retrasado,160,Boeing 737 MAX 8,U,EU,Domingo,Mañana,0,0
783,2025-11-23,Grupo Ryanair,LW2889,palma de mallorca,11:55:00,En hora,180,Airbus A320,R,NAC,Domingo,Mañana,0,0
784,2025-11-23,Grupo Ryanair,FR3129,ibiza,12:05:00,En hora,189,Boeing 737-800,S,NAC,Domingo,Tarde,0,0
785,2025-11-23,Grupo Ryanair,FR3976,dublin,12:25:00,En hora,197,Boeing 737 MAX 8,W,INT,Domingo,Tarde,0,0
786,2025-11-23,Grupo Ryanair,FR1527,valletta,12:30:00,En hora,189,Boeing 737-800,U,EU,Domingo,Tarde,0,0
787,2025-11-23,Grupo Ryanair,FR2402,sevilla,12:30:00,Retrasado,189,Boeing 737-800,S,NAC,Domingo,Tarde,0,0
788,2025-11-23,Volotea,V72167,lille/lesquin,12:35:00,Retrasado,180,Airbus A320,U,EU,Domingo,Tarde,0,0
789,2025-11-23,Grupo Ryanair,FR6300,sofia,12:45:00,Retrasado,189,Boeing 737-800,S,EU,Domingo,Tarde,0,0
790,2025-11-23,Pegasus Airlines,PC1092,istanbul,12:45:00,En hora,220,Airbus A321,Y,INT,Domingo,Tarde,0,0
791,2025-11-23,Grupo Ryanair,FR2511,cologne-bonn,12:55:00,En hora,189,Boeing 737-800,U,EU,Domingo,Tarde,0,0
792,2025-11-23,Grupo Ryanair,FR8598,reggio calabria,13:05:00,Retrasado,189,Boeing 737-800,U,EU,Domingo,Tarde,0,0
793,2025-11-23,Volotea,V71445,olbia,13:05:00,En hora,180,Airbus A320,U,EU,Domingo,Tarde,0,0
794,2025-11-23,Grupo wizz,W46330,milan,13:10:00,En hora,239,Airbus A321neo,U,EU,Domingo,Tarde,0,0
795,2025-11-23,Grupo Ryanair,FR3121,paris,13:20:00,En hora,189,Boeing 737-800,S,EU,Domingo,Tarde,0,0
796,2025-11-23,Grupo easy,U28056,london,13:25:00,En hora,156,Airbus A319,M,INT,Domingo,Tarde,0,0
797,2025-11-23,Grupo easy,EC1380,geneva,13:40:00,En hora,180,Airbus A320,R,EU,Domingo,Tarde,0,0
798,2025-11-23,Grupo Ryanair,FR9811,london,13:40:00,En hora,189,Boeing 737-800,W,INT,Domingo,Tarde,0,0
799,2025-11-23,Grupo Ryanair,FR483,malaga,13:50:00,En hora,189,Boeing 737-800,R,NAC,Domingo,Tarde,0,0
800,2025-11-23,Air Baltic,BT684,riga,14:05:00,En hora,148,Airbus A220-300,S,EU,Domingo,Tarde,0,0
801,2025-11-23,Grupo easy,EC7153,milan,14:05:00,Retrasado,156,Airbus A319,R,EU,Domingo,Tarde,0,0
802,2025-11-23,Grupo Ryanair,FR1342,palma de mallorca,14:05:00,Retrasado,189,Boeing 737-800,S,NAC,Domingo,Tarde,0,0
803,2025-11-23,Grupo Ryanair,FR6920,dublin,14:05:00,Retrasado,197,Boeing 737 MAX 8,W,INT,Domingo,Tarde,0,0
804,2025-11-23,Grupo Ryanair,FR4585,porto,14:10:00,En hora,189,Boeing 737-800,U,EU,Domingo,Tarde,0,0
805,2025-11-23,SunExpress,XQ895,izmir,14:15:00,Retrasado,189,Boeing 737-800,Y,INT,Domingo,Tarde,0,0
806,2025-11-23,Transavia,HV5132,amsterdam,14:20:00,Retrasado,189,Boeing 737-800,U,EU,Domingo,Tarde,0,0
807,2025-11-23,Grupo easy,EC7107,geneva,14:25:00,En hora,156,Airbus A319,R,EU,Domingo,Tarde,0,0
808,2025-11-23,Norwegian Air Sweden AOC,D85502,stockholm,14:40:00,Retrasado,189,Boeing 737-800,S,EU,Domingo,Tarde,0,0
809,2025-11-23,Bluebird Airways,BZ251,tel aviv,14:45:00,En hora,180,Airbus A320,Y,INT,Domingo,Tarde,0,0
810,2025-11-23,Grupo Ryanair,FR269,milan,14:55:00,Retrasado,189,Boeing 737-800,S,EU,Domingo,Tarde,0,0
811,2025-11-23,SmartWings,QS1059,prague,14:55:00,En hora,189,Boeing 737-800,U,EU,Domingo,Tarde,0,0
812,2025-11-23,Grupo Ryanair,FR3320,milan,15:00:00,En hora,189,Boeing 737-800,R,EU,Domingo,Tarde,0,0
813,2025-11-23,Grupo Ryanair,FR774,torino,15:15:00,En hora,189,Boeing 737-800,U,EU,Domingo,Tarde,0,0
814,2025-11-23,Grupo Ryanair,RR3072,prague,15:15:00,Retrasado,189,Boeing 737-800,S,EU,Domingo,Tarde,0,0
815,2025-11-23,Transavia,TO4755,paris,15:15:00,En hora,186,Airbus A320neo,U,EU,Domingo,Tarde,0,0
816,2025-11-23,Grupo easy,EC7694,lisbon,15:20:00,Retrasado,180,Airbus A320,R,EU,Domingo,Tarde,0,0
817,2025-11-23,Grupo Ryanair,FR6973,rome,15:30:00,Retrasado,197,Boeing 737 MAX 8,S,EU,Domingo,Tarde,0,0
818,2025-11-23,Air Arabia Maroc,3O378,tanger,15:35:00,En hora,174,Airbus A320,Y,INT,Domingo,Tarde,0,0
819,2025-11-23,Grupo wizz,W46728,venice,15:40:00,En hora,239,Airbus A321neo,U,EU,Domingo,Tarde,0,0
820,2025-11-23,Grupo Ryanair,FR133,berlin,16:15:00,En hora,189,Boeing 737-800,U,EU,Domingo,Tarde,0,0
821,2025-11-23,Grupo Ryanair,FR2922,brussels,16:15:00,En hora,189,Boeing 737-800,U,EU,Domingo,Tarde,0,0
822,2025-11-23,Grupo easy,EC7173,berlin,16:30:00,Retrasado,156,Airbus A319,R,EU,Domingo,Tarde,0,0
823,2025-11-23,Grupo Ryanair,FR9814,london,16:40:00,En hora,189,Boeing 737-800,W,INT,Domingo,Tarde,0,0
824,2025-11-23,Grupo Ryanair,FR8669,dublin,16:55:00,Retrasado,189,Boeing 737-800,W,INT,Domingo,Tarde,0,0
825,2025-11-23,Air Arabia Maroc,3O374,casablanca,17:00:00,En hora,174,Airbus A320,W,INT,Domingo,Tarde,0,0
826,2025-11-23,Grupo Ryanair,FR2250,marrakech,17:00:00,Retrasado,189,Boeing 737-800,Y,INT,Domingo,Tarde,0,0
827,2025-11-23,Grupo Ryanair,RR8394,budapest,17:15:00,Retrasado,197,Boeing 737 MAX 8,S,EU,Domingo,Tarde,0,0
828,2025-11-23,Grupo Ryanair,FR5718,bratislava,17:20:00,Retrasado,189,Boeing 737-800,S,EU,Domingo,Tarde,0,0
829,2025-11-23,Grupo Ryanair,FR12,vienna,17:40:00,Retrasado,189,Boeing 737-800,U,EU,Domingo,Tarde,0,0
830,2025-11-23,Volotea,V73573,asturias,17:40:00,En hora,156,Airbus A319,S,NAC,Domingo,Tarde,0,0
831,2025-11-23,Grupo Ryanair,RR5252,krakow,17:50:00,En hora,189,Boeing 737-800,R,EU,Domingo,Tarde,0,0
832,2025-11-23,Grupo Ryanair,FR1681,frankfurt-hahn,18:00:00,Retrasado,189,Boeing 737-800,R,EU,Domingo,Tarde,0,0
833,2025-11-23,Grupo Ryanair,FR777,venice,18:00:00,En hora,197,Boeing 737 MAX 8,U,EU,Domingo,Tarde,0,0
834,2025-11-23,Grupo Ryanair,FR6305,milan,18:05:00,En hora,189,Boeing 737-800,S,EU,Domingo,Tarde,0,0
835,2025-11-23,Grupo easy,EC7109,geneva,18:15:00,En hora,156,Airbus A319,R,EU,Domingo,Tarde,0,0
836,2025-11-23,Volotea,V73700,vitoria,18:20:00,En hora,180,Airbus A320,S,NAC,Domingo,Tarde,0,0
837,2025-11-23,Grupo Ryanair,FR2406,sevilla,18:30:00,En hora,189,Boeing 737-800,S,NAC,Domingo,Tarde,0,0
838,2025-11-23,Grupo wizz,W43686,iasi,18:30:00,En hora,180,Airbus A320,S,EU,Domingo,Tarde,0,0
839,2025-11-23,Jet2,LS804,manchester,18:35:00,En hora,189,Boeing 737-800,Y,INT,Domingo,Tarde,0,0
840,2025-11-23,Grupo easy,EC7103,"basel, switzerland/mulhouse",18:45:00,Retrasado,156,Airbus A319,R,EU,Domingo,Tarde,0,0
841,2025-11-23,Grupo Ryanair,FR8631,tanger,18:45:00,Retrasado,189,Boeing 737-800,W,INT,Domingo,Tarde,0,0
842,2025-11-23,Transavia,HV6066,rotterdam,18:50:00,Retrasado,189,Boeing 737-800,U,EU,Domingo,Tarde,0,0
843,2025-11-23,Grupo easy,U25716,southend,18:55:00,En hora,186,Airbus A320neo,M,INT,Domingo,Tarde,0,0
844,2025-11-23,Grupo wizz,W61176,katowice,18:55:00,Retrasado,180,Airbus A320,U,EU,Domingo,Tarde,0,0
845,2025-11-23,Grupo wizz,W61478,warsaw,19:00:00,En hora,239,Airbus A321neo,U,EU,Domingo,Tarde,0,0
846,2025-11-23,Grupo easy,EC7159,milan,19:05:00,Retrasado,156,Airbus A319,R,EU,Domingo,Tarde,0,0
847,2025-11-23,Grupo wizz,W43180,bucharest,19:05:00,En hora,230,Airbus A321,U,EU,Domingo,Tarde,0,0
848,2025-11-23,Grupo Ryanair,FR6394,dublin,19:10:00,En hora,197,Boeing 737 MAX 8,Y,INT,Domingo,Tarde,0,0
849,2025-11-23,Grupo Ryanair,FR3160,bristol,19:25:00,En hora,189,Boeing 737-800,Y,INT,Domingo,Tarde,0,0
850,2025-11-23,Volotea,V72165,nantes/atlantique,19:30:00,En hora,156,Airbus A319,S,EU,Domingo,Tarde,0,0
851,2025-11-23,Eurowings,EW9443,dusseldorf,19:35:00,En hora,150,Airbus A319,U,EU,Domingo,Tarde,0,0
852,2025-11-23,Grupo wizz,W64406,sofia,19:35:00,En hora,239,Airbus A321neo,U,EU,Domingo,Tarde,0,0
853,2025-11-23,Grupo Ryanair,FR2233,al aaroui,19:40:00,En hora,189,Boeing 737-800,W,INT,Domingo,Tarde,0,0
854,2025-11-23,Grupo easy,EC3750,milan,19:45:00,Retrasado,180,Airbus A320,R,EU,Domingo,Tarde,0,0
855,2025-11-23,Grupo Ryanair,FR5710,napoli,19:45:00,Retrasado,189,Boeing 737-800,R,EU,Domingo,Tarde,0,0
856,2025-11-23,Grupo Ryanair,FR9015,london,19:45:00,Retrasado,189,Boeing 737-800,W,INT,Domingo,Tarde,0,0
857,2025-11-23,Grupo easy,U28058,london,19:45:00,En hora,156,Airbus A319,M,INT,Domingo,Tarde,0,0
858,2025-11-23,Jet2,LS1338,birmingham,19:55:00,Retrasado,232,Airbus A321neo,W,INT,Domingo,Tarde,0,0
859,2025-11-23,Grupo wizz,W64666,larnaca,19:55:00,Retrasado,230,Airbus A321,W,INT,Domingo,Tarde,0,0
860,2025-11-23,Grupo Ryanair,FR8136,ibiza,20:10:00,Retrasado,189,Boeing 737-800,S,NAC,Domingo,Noche,0,0
861,2025-11-23,Grupo wizz,W62096,krakow,20:10:00,Retrasado,239,Airbus A321neo,S,EU,Domingo,Noche,0,0
862,2025-11-23,Grupo easy,EC4212,napoli,20:20:00,En hora,180,Airbus A320,R,EU,Domingo,Noche,0,0
863,2025-11-23,Transavia,HV6788,eindhoven,20:20:00,Retrasado,189,Boeing 737-800,S,EU,Domingo,Noche,0,0
864,2025-11-23,Grupo wizz,W67022,bratislava,20:20:00,En hora,239,Airbus A321neo,S,EU,Domingo,Noche,0,0
865,2025-11-23,Grupo Ryanair,FR6985,rome,20:30:00,En hora,197,Boeing 737 MAX 8,U,EU,Domingo,Noche,0,0
866,2025-11-23,Air Serbia,JU585,belgrade,20:35:00,En hora,144,Airbus A319,Y,INT,Domingo,Noche,0,0
867,2025-11-23,Norwegian Air Sweden AOC,D83659,copenhagen,20:40:00,En hora,189,Boeing 737 MAX 8,S,EU,Domingo,Noche,0,0
868,2025-11-23,Eurowings,EW2521,stuttgart,20:40:00,Retrasado,180,Airbus A320neo,U,EU,Domingo,Noche,0,0
869,2025-11-23,Grupo Ryanair,FR4587,porto,20:40:00,En hora,189,Boeing 737-800,R,EU,Domingo,Noche,0,0
870,2025-11-23,Luxair,LG3596,luxembourg,20:40:00,Retrasado,186,Boeing 737-800,R,EU,Domingo,Noche,0,0
871,2025-11-23,Transavia,TO4759,paris,20:45:00,En hora,186,Airbus A320neo,U,EU,Domingo,Noche,0,0
872,2025-11-23,Grupo wizz,W62378,budapest,20:45:00,Retrasado,239,Airbus A321neo,S,EU,Domingo,Noche,0,0
873,2025-11-23,Grupo Ryanair,FR6275,edinburgh,20:50:00,En hora,189,Boeing 737-800,W,INT,Domingo,Noche,0,0
874,2025-11-23,Transavia,HV5134,amsterdam,20:50:00,Retrasado,189,Boeing 737-800,U,EU,Domingo,Noche,0,0
875,2025-11-23,Grupo Ryanair,RR6944,warsaw,20:50:00,Retrasado,189,Boeing 737-800,S,EU,Domingo,Noche,0,0
876,2025-11-23,Grupo easy,U22326,london,20:55:00,En hora,186,Airbus A320neo,M,INT,Domingo,Noche,0,0
877,2025-11-23,Grupo wizz,W64738,skopje,20:55:00,En hora,239,Airbus A321neo,Y,INT,Domingo,Noche,0,0
878,2025-11-23,Grupo Ryanair,RR8615,budapest,21:00:00,Retrasado,189,Boeing 737-800,U,EU,Domingo,Noche,0,0
879,2025-11-23,Aer Lingus,EI565,dublin,21:05:00,Retrasado,174,Airbus A320,W,INT,Domingo,Noche,0,0
880,2025-11-23,Grupo Ryanair,FR2896,palma de mallorca,21:15:00,Retrasado,189,Boeing 737-800,R,NAC,Domingo,Noche,0,0
881,2025-11-23,Grupo Ryanair,FR3792,birmingham,21:20:00,Retrasado,189,Boeing 737-800,Y,INT,Domingo,Noche,0,0
882,2025-11-23,Grupo wizz,W43178,bucharest,21:20:00,En hora,230,Airbus A321,U,EU,Domingo,Noche,0,0
883,2025-11-23,Grupo wizz,W43406,cluj-napoca,21:25:00,En hora,180,Airbus A320,S,EU,Domingo,Noche,0,0
884,2025-11-23,Grupo easy,U28060,london,21:30:00,En hora,156,Airbus A319,M,INT,Domingo,Noche,0,0
885,2025-11-23,Grupo wizz,W46020,rome,21:35:00,Retrasado,239,Airbus A321neo,S,EU,Domingo,Noche,0,0
886,2025-11-23,Grupo Ryanair,FR5752,valletta,21:45:00,Retrasado,197,Boeing 737 MAX 8,S,EU,Domingo,Noche,0,0
887,2025-11-23,Grupo easy,U22706,bristol,21:50:00,En hora,186,Airbus A320neo,M,INT,Domingo,Noche,0,0
888,2025-11-23,Volotea,V71415,verona,21:55:00,Retrasado,180,Airbus A320,S,EU,Domingo,Noche,0,0
889,2025-11-23,Grupo wizz,W64116,belgrade,21:55:00,Retrasado,230,Airbus A321,W,INT,Domingo,Noche,0,0
890,2025-11-23,Grupo wizz,W45154,tirana,22:45:00,En hora,239,Airbus A321neo,W,INT,Domingo,Noche,0,0
891,2025-11-23,Grupo Ryanair,FR5220,bologna,22:50:00,En hora,189,Boeing 737-800,R,EU,Domingo,Noche,0,0
892,2025-11-23,Grupo wizz,W61706,gdansk,22:50:00,En hora,239,Airbus A321neo,U,EU,Domingo,Noche,0,0
893,2025-11-23,Grupo Ryanair,FR9406,fes,23:15:00,En hora,189,Boeing 737-800,W,INT,Domingo,Noche,0,0
894,2025-11-24,Grupo Ryanair,FR3180,rome,06:00:00,En hora,189,Boeing 737-800,U,EU,Lunes,Mañana,0,0
895,2025-11-24,Grupo Ryanair,FR846,milan,06:10:00,En hora,189,Boeing 737-800,S,EU,Lunes,Mañana,0,0
896,2025-11-24,Grupo easy,EC7105,geneva,06:15:00,En hora,156,Airbus A319,R,EU,Lunes,Mañana,0,0
897,2025-11-24,Grupo Ryanair,FR2233,al aaroui,06:20:00,En hora,189,Boeing 737-800,W,INT,Lunes,Mañana,0,0
898,2025-11-24,Grupo Ryanair,FR8384,budapest,06:25:00,En hora,197,Boeing 737 MAX 8,S,EU,Lunes,Mañana,0,0
899,2025-11-24,Grupo Ryanair,FR3078,lisbon,06:30:00,En hora,189,Boeing 737-800,U,EU,Lunes,Mañana,0,0
900,2025-11-24,Grupo easy,EC8062,london,06:45:00,En hora,156,Airbus A319,M,INT,Lunes,Mañana,0,0
901,2025-11-24,Grupo Ryanair,FR3035,krakow,06:45:00,Retrasado,189,Boeing 737-800,U,EU,Lunes,Mañana,0,0
902,2025-11-24,Grupo Ryanair,FR8215,london,06:45:00,En hora,197,Boeing 737 MAX 8,Y,INT,Lunes,Mañana,0,0
903,2025-11-24,Grupo easy,EC7141,strasbourg,07:20:00,En hora,156,Airbus A319,R,EU,Lunes,Mañana,0,0
904,2025-11-24,Grupo easy,EC7151,milan,07:20:00,En hora,156,Airbus A319,R,EU,Lunes,Mañana,0,0
905,2025-11-24,Grupo Ryanair,FR3028,ibiza,07:35:00,En hora,189,Boeing 737-800,U,NAC,Lunes,Mañana,0,0
906,2025-11-24,Grupo Ryanair,LW1342,palma de mallorca,07:40:00,En hora,180,Airbus A320,R,NAC,Lunes,Mañana,0,0
907,2025-11-24,Grupo Ryanair,FR1165,sevilla,07:55:00,En hora,189,Boeing 737-800,S,NAC,Lunes,Mañana,0,0
908,2025-11-24,Norwegian Air Sweden AOC,D85510,copenhagen,08:00:00,En hora,189,Boeing 737-800,U,EU,Lunes,Mañana,0,0
909,2025-11-24,Grupo Ryanair,FR58,napoli,08:35:00,Retrasado,197,Boeing 737 MAX 8,U,EU,Lunes,Mañana,0,0
910,2025-11-24,Grupo Ryanair,FR575,bologna,08:40:00,En hora,189,Boeing 737-800,U,EU,Lunes,Mañana,0,0
911,2025-11-24,Grupo easy,EC1376,geneva,08:45:00,Retrasado,156,Airbus A319,R,EU,Lunes,Mañana,0,0
912,2025-11-24,Grupo Ryanair,LW12,vienna,09:00:00,Retrasado,180,Airbus A320,S,EU,Lunes,Mañana,0,0
913,2025-11-24,Grupo Ryanair,FR6078,ouarzazate,09:05:00,En hora,189,Boeing 737-800,W,INT,Lunes,Mañana,0,0
914,2025-11-24,Grupo wizz,W62048,krakow,09:05:00,Retrasado,239,Airbus A321neo,S,EU,Lunes,Mañana,0,0
915,2025-11-24,Volotea,V72327,strasbourg,09:10:00,Retrasado,180,Airbus A320,S,EU,Lunes,Mañana,0,0
916,2025-11-24,Air Arabia Maroc,3O398,rabat,09:20:00,En hora,174,Airbus A320,Y,INT,Lunes,Mañana,0,0
917,2025-11-24,Eurowings,EW2521,stuttgart,09:20:00,Retrasado,150,Airbus A319,S,EU,Lunes,Mañana,0,0
918,2025-11-24,Grupo wizz,W43176,bucharest,09:25:00,En hora,230,Airbus A321,U,EU,Lunes,Mañana,0,0
919,2025-11-24,Grupo wizz,W45088,tirana,09:25:00,En hora,239,Airbus A321neo,W,INT,Lunes,Mañana,0,0
920,2025-11-24,Grupo wizz,W62376,budapest,09:25:00,Retrasado,239,Airbus A321neo,S,EU,Lunes,Mañana,0,0
921,2025-11-24,Volotea,V73573,asturias,09:30:00,En hora,156,Airbus A319,U,NAC,Lunes,Mañana,0,0
922,2025-11-24,Grupo easy,EC1030,"basel, switzerland/mulhouse",09:35:00,En hora,180,Airbus A320,R,EU,Lunes,Mañana,0,0
923,2025-11-24,Grupo Ryanair,FR2834,charleroi,09:40:00,En hora,189,Boeing 737-800,R,EU,Lunes,Mañana,0,0
924,2025-11-24,Transavia,HV6062,rotterdam,09:40:00,En hora,189,Boeing 737-800,U,EU,Lunes,Mañana,0,0
925,2025-11-24,Eurowings,EW9441,dusseldorf,09:45:00,Retrasado,180,Airbus A320,U,EU,Lunes,Mañana,0,0
926,2025-11-24,Grupo Ryanair,FR2495,palma de mallorca,09:45:00,En hora,189,Boeing 737-800,R,NAC,Lunes,Mañana,0,0
927,2025-11-24,Grupo Ryanair,FR4545,porto,09:50:00,En hora,189,Boeing 737-800,R,EU,Lunes,Mañana,0,0
928,2025-11-24,Air Serbia,JU581,belgrade,09:55:00,Retrasado,144,Airbus A319,Y,INT,Lunes,Mañana,0,0
929,2025-11-24,Grupo easy,EC7656,lisbon,10:00:00,Retrasado,230,Airbus A321,R,EU,Lunes,Mañana,0,0
930,2025-11-24,Transavia,HV5132,amsterdam,10:05:00,Retrasado,189,Boeing 737-800,U,EU,Lunes,Mañana,0,0
931,2025-11-24,Grupo wizz,W46018,rome,10:05:00,En hora,239,Airbus A321neo,U,EU,Lunes,Mañana,0,0
932,2025-11-24,Grupo Ryanair,FR6559,liverpool,10:15:00,En hora,189,Boeing 737-800,W,INT,Lunes,Mañana,0,0
933,2025-11-24,Grupo wizz,W61476,warsaw,10:15:00,Retrasado,239,Airbus A321neo,U,EU,Lunes,Mañana,0,0
934,2025-11-24,Grupo Ryanair,FR3143,milan,10:20:00,En hora,189,Boeing 737-800,S,EU,Lunes,Mañana,0,0
935,2025-11-24,Grupo easy,U22324,london,10:25:00,En hora,186,Airbus A320neo,M,INT,Lunes,Mañana,0,0
936,2025-11-24,Grupo Ryanair,FR7808,london,10:35:00,En hora,197,Boeing 737 MAX 8,W,INT,Lunes,Mañana,0,0
937,2025-11-24,Grupo easy,EC7131,nice/cote d'azur,10:40:00,En hora,156,Airbus A319,R,EU,Lunes,Mañana,0,0
938,2025-11-24,Grupo easy,U28056,london,10:40:00,En hora,180,Airbus A320,M,INT,Lunes,Mañana,0,0
939,2025-11-24,Grupo Ryanair,FR2239,marrakech,10:45:00,En hora,189,Boeing 737-800,W,INT,Lunes,Mañana,0,0
940,2025-11-24,Grupo Ryanair,FR3121,paris,10:45:00,Retrasado,189,Boeing 737-800,S,EU,Lunes,Mañana,0,0
941,2025-11-24,Grupo Ryanair,FR3976,dublin,10:45:00,En hora,189,Boeing 737-800,Y,INT,Lunes,Mañana,0,0
942,2025-11-24,Grupo Ryanair,FR3039,prague,10:55:00,En hora,189,Boeing 737-800,U,EU,Lunes,Mañana,0,0
943,2025-11-24,Grupo Ryanair,FR9045,london,11:00:00,En hora,189,Boeing 737-800,Y,INT,Lunes,Mañana,0,0
944,2025-11-24,Grupo easy,U22002,manchester,11:20:00,En hora,180,Airbus A320,M,INT,Lunes,Mañana,0,0
945,2025-11-24,Aer Lingus,EI563,dublin,11:30:00,En hora,174,Airbus A320,W,INT,Lunes,Mañana,0,0
946,2025-11-24,Grupo Ryanair,FR7539,milan,11:30:00,En hora,189,Boeing 737-800,U,EU,Lunes,Mañana,0,0
947,2025-11-24,Transavia,TO4755,paris,11:30:00,En hora,189,Boeing 737-800,S,EU,Lunes,Mañana,0,0
948,2025-11-24,Grupo Ryanair,FR1279,copenhagen,11:35:00,Retrasado,189,Boeing 737-800,S,EU,Lunes,Mañana,0,0
949,2025-11-24,Grupo easy,EC7197,birmingham,11:40:00,En hora,156,Airbus A319,M,INT,Lunes,Mañana,0,0
950,2025-11-24,Grupo Ryanair,FR777,venice,11:55:00,En hora,197,Boeing 737 MAX 8,U,EU,Lunes,Mañana,0,0
951,2025-11-24,Grupo Ryanair,FR8217,london,12:00:00,En hora,189,Boeing 737-800,Y,INT,Lunes,Tarde,0,0
952,2025-11-24,Jet2,LS232,leeds bradford,12:00:00,En hora,189,Boeing 737-800,W,INT,Lunes,Tarde,0,0
953,2025-11-24,Grupo Ryanair,FR3129,ibiza,12:35:00,En hora,189,Boeing 737-800,S,NAC,Lunes,Tarde,0,0
954,2025-11-24,Grupo Ryanair,FR6973,rome,12:35:00,Retrasado,197,Boeing 737 MAX 8,S,EU,Lunes,Tarde,0,0
955,2025-11-24,Grupo Ryanair,FR774,torino,12:40:00,En hora,189,Boeing 737-800,U,EU,Lunes,Tarde,0,0
956,2025-11-24,Pegasus Airlines,PC1092,istanbul,12:45:00,Retrasado,180,Airbus A320,W,INT,Lunes,Tarde,0,0
957,2025-11-24,Norwegian Air Sweden AOC,D83657,copenhagen,12:50:00,En hora,189,Boeing 737-800,S,EU,Lunes,Tarde,0,0
958,2025-11-24,Grupo easy,EC7137,lyon,12:55:00,En hora,156,Airbus A319,R,EU,Lunes,Tarde,0,0
959,2025-11-24,Grupo wizz,W67022,bratislava,12:55:00,En hora,239,Airbus A321neo,S,EU,Lunes,Tarde,0,0
960,2025-11-24,Grupo Ryanair,FR3108,luxembourg,13:00:00,Retrasado,197,Boeing 737 MAX 8,U,EU,Lunes,Tarde,0,0
961,2025-11-24,Grupo wizz,W46330,milan,13:10:00,Retrasado,239,Airbus A321neo,S,EU,Lunes,Tarde,0,0
962,2025-11-24,Grupo Ryanair,FR8631,tanger,13:20:00,Retrasado,189,Boeing 737-800,Y,INT,Lunes,Tarde,0,0
963,2025-11-24,HiSky,H4264,bucharest,13:20:00,En hora,186,Airbus A320,U,EU,Lunes,Tarde,0,0
964,2025-11-24,Norwegian Air Sweden AOC,D81741,oslo,13:25:00,En hora,189,Boeing 737-800,U,EU,Lunes,Tarde,0,0
965,2025-11-24,Eurowings,EW521,cologne-bonn,13:25:00,En hora,180,Airbus A320,S,EU,Lunes,Tarde,0,0
966,2025-11-24,Pegasus Airlines,PC1528,izmir,13:30:00,Retrasado,180,Airbus A320,W,INT,Lunes,Tarde,0,0
967,2025-11-24,Luxair,LG3592,luxembourg,13:35:00,Retrasado,76,de Havilland Dash 8-400,U,EU,Lunes,Tarde,0,0
968,2025-11-24,Grupo easy,EC7153,milan,13:40:00,Retrasado,156,Airbus A319,R,EU,Lunes,Tarde,0,0
969,2025-11-24,Grupo Ryanair,FR4585,porto,13:40:00,Retrasado,189,Boeing 737-800,U,EU,Lunes,Tarde,0,0
970,2025-11-24,Turkish Airlines,TK608,ankara,13:40:00,Retrasado,165,Boeing 737-800,Y,INT,Lunes,Tarde,0,0
971,2025-11-24,Grupo Ryanair,FR3189,fes,13:50:00,En hora,189,Boeing 737-800,W,INT,Lunes,Tarde,0,0
972,2025-11-24,Jet2,LS804,manchester,13:50:00,En hora,189,Boeing 737-800,W,INT,Lunes,Tarde,0,0
973,2025-11-24,Grupo Ryanair,FR3792,birmingham,13:55:00,En hora,189,Boeing 737-800,W,INT,Lunes,Tarde,0,0
974,2025-11-24,Air Baltic,BT684,riga,14:05:00,Retrasado,148,Airbus A220-300,S,EU,Lunes,Tarde,0,0
975,2025-11-24,Grupo Ryanair,FR2889,palma de mallorca,14:05:00,En hora,189,Boeing 737-800,S,NAC,Lunes,Tarde,0,0
976,2025-11-24,Norwegian Air Sweden AOC,D85502,stockholm,14:40:00,En hora,189,Boeing 737-800,U,EU,Lunes,Tarde,0,0
977,2025-11-24,Bluebird Airways,BZ251,tel aviv,14:45:00,En hora,189,Boeing 737-800,Y,INT,Lunes,Tarde,0,0
978,2025-11-24,Grupo easy,EC7107,geneva,14:45:00,Retrasado,156,Airbus A319,R,EU,Lunes,Tarde,0,0
979,2025-11-24,Volotea,V71443,ancona,14:45:00,En hora,180,Airbus A320,U,EU,Lunes,Tarde,0,0
980,2025-11-24,Grupo wizz,W64406,sofia,14:50:00,Retrasado,180,Airbus A320,U,EU,Lunes,Tarde,0,0
981,2025-11-24,Grupo easy,EC4212,napoli,14:55:00,Retrasado,180,Airbus A320,R,EU,Lunes,Tarde,0,0
982,2025-11-24,SmartWings,QS1059,prague,14:55:00,En hora,189,Boeing 737-800,U,EU,Lunes,Tarde,0,0
983,2025-11-24,Air Arabia Maroc,3O376,al aaroui,15:00:00,En hora,174,Airbus A320,Y,INT,Lunes,Tarde,0,0
984,2025-11-24,Grupo Ryanair,FR3146,oujda,15:10:00,En hora,189,Boeing 737-800,W,INT,Lunes,Tarde,0,0
985,2025-11-24,Grupo Ryanair,FR1681,frankfurt-hahn,15:35:00,En hora,189,Boeing 737-800,S,EU,Lunes,Tarde,0,0
986,2025-11-24,Grupo wizz,W46728,venice,15:40:00,Retrasado,239,Airbus A321neo,U,EU,Lunes,Tarde,0,0
987,2025-11-24,Pegasus Airlines,PC1094,istanbul,15:45:00,Retrasado,220,Airbus A321,W,INT,Lunes,Tarde,0,0
988,2025-11-24,Grupo Ryanair,FR867,venice,16:05:00,En hora,189,Boeing 737-800,U,EU,Lunes,Tarde,0,0
989,2025-11-24,Grupo Ryanair,FR9811,london,16:05:00,En hora,189,Boeing 737-800,W,INT,Lunes,Tarde,0,0
990,2025-11-24,Grupo wizz,W43564,timisoara,16:25:00,En hora,180,Airbus A320,U,EU,Lunes,Tarde,0,0
991,2025-11-24,Volotea,V73735,murcia,16:35:00,En hora,180,Airbus A320,S,NAC,Lunes,Tarde,0,0
992,2025-11-24,Grupo Ryanair,FR2507,cologne-bonn,16:45:00,Retrasado,197,Boeing 737 MAX 8,U,EU,Lunes,Tarde,0,0
993,2025-11-24,Grupo Ryanair,FR5718,bratislava,16:50:00,En hora,189,Boeing 737-800,S,EU,Lunes,Tarde,0,0
994,2025-11-24,Grupo Ryanair,FR6305,milan,16:50:00,Retrasado,189,Boeing 737-800,U,EU,Lunes,Tarde,0,0
995,2025-11-24,Grupo Ryanair,RR6874,dublin,16:55:00,En hora,189,Boeing 737-800,W,INT,Lunes,Tarde,0,0
996,2025-11-24,Grupo easy,U23372,liverpool,17:00:00,En hora,156,Airbus A319,M,INT,Lunes,Tarde,0,0
997,2025-11-24,Grupo Ryanair,FR5270,manchester,17:05:00,En hora,189,Boeing 737-800,Y,INT,Lunes,Tarde,0,0
998,2025-11-24,Grupo Ryanair,RR6300,sofia,17:05:00,Retrasado,189,Boeing 737-800,S,EU,Lunes,Tarde,0,0
999,2025-11-24,Grupo easy,EC7173,berlin,17:10:00,En hora,156,Airbus A319,R,EU,Lunes,Tarde,0,0
1000,2025-11-24,Volotea,V73700,vitoria,17:15:00,En hora,156,Airbus A319,S,NAC,Lunes,Tarde,0,0
1001,2025-11-24,Grupo wizz,W67920,kopitnari,17:15:00,En hora,239,Airbus A321neo,W,INT,Lunes,Tarde,0,0
1002,2025-11-24,Grupo Ryanair,FR1786,vilnius,17:30:00,En hora,197,Boeing 737 MAX 8,U,EU,Lunes,Tarde,0,0
1003,2025-11-24,Grupo Ryanair,FR2922,brussels,17:30:00,En hora,189,Boeing 737-800,U,EU,Lunes,Tarde,0,0
1004,2025-11-24,Grupo easy,EC3737,milan,17:35:00,En hora,180,Airbus A320,R,EU,Lunes,Tarde,0,0
1005,2025-11-24,Grupo easy,EC7199,edinburgh,17:35:00,En hora,156,Airbus A319,M,INT,Lunes,Tarde,0,0
1006,2025-11-24,Transavia,HV5134,amsterdam,17:50:00,En hora,232,Airbus A321neo,U,EU,Lunes,Tarde,0,0
1007,2025-11-24,Grupo Ryanair,RR333,gdansk,17:55:00,Retrasado,189,Boeing 737-800,S,EU,Lunes,Tarde,0,0
1008,2025-11-24,Grupo Ryanair,FR269,milan,18:00:00,En hora,189,Boeing 737-800,U,EU,Lunes,Tarde,0,0
1009,2025-11-24,Grupo easy,EC7205,southampton,18:05:00,En hora,156,Airbus A319,M,INT,Lunes,Tarde,0,0
1010,2025-11-24,Grupo Ryanair,FR3320,milan,18:30:00,En hora,197,Boeing 737 MAX 8,U,EU,Lunes,Tarde,0,0
1011,2025-11-24,Grupo wizz,W43686,iasi,18:30:00,En hora,180,Airbus A320,S,EU,Lunes,Tarde,0,0
1012,2025-11-24,Grupo Ryanair,FR3174,ibiza,18:45:00,En hora,189,Boeing 737-800,S,NAC,Lunes,Tarde,0,0
1013,2025-11-24,Grupo wizz,W61478,warsaw,19:00:00,Retrasado,239,Airbus A321neo,S,EU,Lunes,Tarde,0,0
1014,2025-11-24,Grupo Ryanair,FR3185,rabat,19:05:00,Retrasado,189,Boeing 737-800,Y,INT,Lunes,Tarde,0,0
1015,2025-11-24,Grupo Ryanair,FR9307,cork,19:15:00,En hora,189,Boeing 737-800,W,INT,Lunes,Tarde,0,0
1016,2025-11-24,Grupo Ryanair,FR8231,london,19:25:00,En hora,189,Boeing 737-800,Y,INT,Lunes,Tarde,0,0
1017,2025-11-24,Eurowings,EW7521,hamburg,19:40:00,En hora,226,Airbus A321,U,EU,Lunes,Tarde,0,0
1018,2025-11-24,Grupo Ryanair,LW2896,palma de mallorca,19:40:00,Retrasado,180,Airbus A320,R,NAC,Lunes,Tarde,0,0
1019,2025-11-24,Grupo wizz,W61706,gdansk,19:40:00,Retrasado,230,Airbus A321,U,EU,Lunes,Tarde,0,0
1020,2025-11-24,Grupo Ryanair,FR133,berlin,19:45:00,En hora,189,Boeing 737-800,R,EU,Lunes,Tarde,0,0
1021,2025-11-24,Grupo Ryanair,LW7351,vienna,19:45:00,Retrasado,180,Airbus A320,S,EU,Lunes,Tarde,0,0
1022,2025-11-24,Grupo easy,U28058,london,19:45:00,En hora,156,Airbus A319,M,INT,Lunes,Tarde,0,0
1023,2025-11-24,Volotea,V71415,verona,19:55:00,En hora,180,Airbus A320,U,EU,Lunes,Tarde,0,0
1024,2025-11-24,Grupo wizz,W64666,larnaca,19:55:00,En hora,230,Airbus A321,W,INT,Lunes,Tarde,0,0
1025,2025-11-24,Grupo Ryanair,FR3080,malaga,20:00:00,En hora,189,Boeing 737-800,S,NAC,Lunes,Noche,0,0
1026,2025-11-24,Air Arabia Maroc,3O378,tanger,20:05:00,En hora,174,Airbus A320,Y,INT,Lunes,Noche,0,0
1027,2025-11-24,Grupo Ryanair,FR3807,charleroi,20:05:00,Retrasado,197,Boeing 737 MAX 8,U,EU,Lunes,Noche,0,0
1028,2025-11-24,Grupo Ryanair,FR6341,rome,20:10:00,En hora,189,Boeing 737-800,U,EU,Lunes,Noche,0,0
1029,2025-11-24,Grupo Ryanair,FR6597,manchester,20:10:00,En hora,189,Boeing 737-800,Y,INT,Lunes,Noche,0,0
1030,2025-11-24,Grupo easy,EC1956,milan,20:15:00,Retrasado,180,Airbus A320,R,EU,Lunes,Noche,0,0
1031,2025-11-24,Grupo wizz,W42940,vienna,20:20:00,En hora,239,Airbus A321neo,S,EU,Lunes,Noche,0,0
1032,2025-11-24,Grupo easy,EC1010,"basel, switzerland/mulhouse",20:30:00,En hora,156,Airbus A319,R,EU,Lunes,Noche,0,0
1033,2025-11-24,T'Way Air,TW408,seoul/incheon,20:30:00,Retrasado,246,Airbus A330-200,W,INT,Lunes,Noche,0,0
1034,2025-11-24,Volotea,V72135,bordeaux,20:30:00,En hora,180,Airbus A320,U,EU,Lunes,Noche,0,0
1035,2025-11-24,Grupo Ryanair,FR5710,napoli,20:40:00,Retrasado,189,Boeing 737-800,U,EU,Lunes,Noche,0,0
1036,2025-11-24,Grupo Ryanair,RR8394,budapest,20:40:00,Retrasado,197,Boeing 737 MAX 8,U,EU,Lunes,Noche,0,0
1037,2025-11-24,Transavia,TO4759,paris,20:45:00,En hora,186,Airbus A320neo,S,EU,Lunes,Noche,0,0
1038,2025-11-24,Grupo wizz,W62378,budapest,20:45:00,Retrasado,239,Airbus A321neo,S,EU,Lunes,Noche,0,0
1039,2025-11-24,Grupo Ryanair,FR2098,bologna,20:50:00,Retrasado,189,Boeing 737-800,R,EU,Lunes,Noche,0,0
1040,2025-11-24,Grupo Ryanair,FR3928,trieste,20:50:00,En hora,189,Boeing 737-800,U,EU,Lunes,Noche,0,0
1041,2025-11-24,Volotea,V72165,nantes/atlantique,20:50:00,Retrasado,156,Airbus A319,S,EU,Lunes,Noche,0,0
1042,2025-11-24,Grupo Ryanair,FR878,venice,20:55:00,Retrasado,189,Boeing 737-800,U,EU,Lunes,Noche,0,0
1043,2025-11-24,Aer Lingus,EI565,dublin,21:05:00,En hora,174,Airbus A320,W,INT,Lunes,Noche,0,0
1044,2025-11-24,Grupo Ryanair,FR6275,edinburgh,21:05:00,Retrasado,197,Boeing 737 MAX 8,Y,INT,Lunes,Noche,0,0
1045,2025-11-24,Grupo Ryanair,FR6920,dublin,21:10:00,Retrasado,189,Boeing 737-800,W,INT,Lunes,Noche,0,0
1046,2025-11-24,Grupo easy,EC1380,geneva,21:20:00,Retrasado,180,Airbus A320,R,EU,Lunes,Noche,0,0
1047,2025-11-24,Grupo wizz,W43178,bucharest,21:20:00,Retrasado,239,Airbus A321neo,S,EU,Lunes,Noche,0,0
1048,2025-11-24,Grupo wizz,W43406,cluj-napoca,21:25:00,Retrasado,186,Airbus A320neo,S,EU,Lunes,Noche,0,0
1049,2025-11-24,Grupo Ryanair,FR2402,sevilla,21:30:00,Retrasado,189,Boeing 737-800,R,NAC,Lunes,Noche,0,0
1050,2025-11-24,Grupo Ryanair,RR4084,warsaw,21:30:00,Retrasado,189,Boeing 737-800,U,EU,Lunes,Noche,0,0
1051,2025-11-24,Grupo wizz,W46020,rome,21:35:00,Retrasado,239,Airbus A321neo,S,EU,Lunes,Noche,0,0
1052,2025-11-24,Grupo Ryanair,FR3168,newcastle,21:45:00,En hora,189,Boeing 737-800,Y,INT,Lunes,Noche,0,0
1053,2025-11-24,Grupo Ryanair,FR4587,porto,21:45:00,En hora,197,Boeing 737 MAX 8,U,EU,Lunes,Noche,0,0
1054,2025-11-24,Grupo Ryanair,FR1527,valletta,21:50:00,Retrasado,197,Boeing 737 MAX 8,S,EU,Lunes,Noche,0,0
1055,2025-11-24,Grupo Ryanair,FR2250,marrakech,21:50:00,Retrasado,189,Boeing 737-800,Y,INT,Lunes,Noche,0,0
1056,2025-11-24,Grupo easy,U22706,bristol,21:55:00,En hora,186,Airbus A320neo,M,INT,Lunes,Noche,0,0
1057,2025-11-24,Grupo wizz,W64116,belgrade,21:55:00,Retrasado,230,Airbus A321,W,INT,Lunes,Noche,0,0
1058,2025-11-24,Grupo Ryanair,FR8574,rome,22:20:00,En hora,189,Boeing 737-800,U,EU,Lunes,Noche,0,0
1059,2025-11-24,Grupo wizz,W45154,tirana,22:45:00,En hora,239,Airbus A321neo,W,INT,Lunes,Noche,0,0
1060,2025-11-25,Grupo easy,EC7105,geneva,06:00:00,En hora,156,Airbus A319,R,EU,Martes,Mañana,0,0
1061,2025-11-25,Grupo Ryanair,FR3189,fes,06:15:00,En hora,189,Boeing 737-800,W,INT,Martes,Mañana,0,0
1062,2025-11-25,Grupo Ryanair,FR2507,cologne-bonn,06:20:00,En hora,189,Boeing 737-800,S,EU,Martes,Mañana,0,0
1063,2025-11-25,Grupo Ryanair,FR4545,porto,06:35:00,En hora,189,Boeing 737-800,U,EU,Martes,Mañana,0,0
1064,2025-11-25,Grupo easy,EC7101,"basel, switzerland/mulhouse",07:25:00,En hora,156,Airbus A319,R,EU,Martes,Mañana,0,0
1065,2025-11-25,Grupo easy,EC8062,london,07:30:00,En hora,156,Airbus A319,M,INT,Martes,Mañana,0,0
1066,2025-11-25,Grupo Ryanair,FR3166,palermo,07:35:00,En hora,189,Boeing 737-800,S,EU,Martes,Mañana,0,0
1067,2025-11-25,Grupo Ryanair,FR5718,bratislava,07:35:00,En hora,189,Boeing 737-800,U,EU,Martes,Mañana,0,0
1068,2025-11-25,Grupo Ryanair,FR3193,riga,07:55:00,En hora,189,Boeing 737-800,U,EU,Martes,Mañana,0,0
1069,2025-11-25,Grupo easy,EC3737,milan,08:00:00,En hora,180,Airbus A320,R,EU,Martes,Mañana,0,0
1070,2025-11-25,Grupo Ryanair,FR133,berlin,08:50:00,Retrasado,189,Boeing 737-800,U,EU,Martes,Mañana,0,0
1071,2025-11-25,Grupo wizz,W43938,chisinau,09:00:00,Retrasado,180,Airbus A320,Y,INT,Martes,Mañana,0,0
1072,2025-11-25,Grupo wizz,W62048,krakow,09:05:00,En hora,230,Airbus A321,U,EU,Martes,Mañana,0,0
1073,2025-11-25,Grupo Ryanair,FR3035,krakow,09:10:00,En hora,189,Boeing 737-800,R,EU,Martes,Mañana,0,0
1074,2025-11-25,Grupo Ryanair,FR3807,charleroi,09:10:00,En hora,197,Boeing 737 MAX 8,U,EU,Martes,Mañana,0,0
1075,2025-11-25,Grupo wizz,W61914,vilnius,09:20:00,Retrasado,239,Airbus A321neo,U,EU,Martes,Mañana,0,0
1076,2025-11-25,Grupo wizz,W43176,bucharest,09:25:00,Retrasado,239,Airbus A321neo,U,EU,Martes,Mañana,0,0
1077,2025-11-25,Grupo wizz,W62376,budapest,09:25:00,Retrasado,239,Airbus A321neo,U,EU,Martes,Mañana,0,0
1078,2025-11-25,Grupo wizz,W42938,vienna,09:35:00,Retrasado,239,Airbus A321neo,S,EU,Martes,Mañana,0,0
1079,2025-11-25,Air Arabia Maroc,3O378,tanger,09:45:00,En hora,174,Airbus A320,Y,INT,Martes,Mañana,0,0
1080,2025-11-25,Air Serbia,JU581,belgrade,09:55:00,Retrasado,144,Airbus A319,W,INT,Martes,Mañana,0,0
1081,2025-11-25,Grupo Ryanair,LW12,vienna,10:15:00,Retrasado,180,Airbus A320,R,EU,Martes,Mañana,0,0
1082,2025-11-25,Grupo wizz,W61476,warsaw,10:15:00,En hora,239,Airbus A321neo,U,EU,Martes,Mañana,0,0
1083,2025-11-25,Grupo Ryanair,FR1279,copenhagen,10:25:00,En hora,197,Boeing 737 MAX 8,S,EU,Martes,Mañana,0,0
1084,2025-11-25,Grupo Ryanair,FR5270,manchester,10:30:00,Retrasado,197,Boeing 737 MAX 8,Y,INT,Martes,Mañana,0,0
1085,2025-11-25,Azerbaijan Airlines,J246,baku,10:45:00,En hora,186,Airbus A320neo,W,INT,Martes,Mañana,0,0
1086,2025-11-25,Aer Lingus,EI563,dublin,11:30:00,En hora,174,Airbus A320,Y,INT,Martes,Mañana,0,0
1087,2025-11-25,Grupo Ryanair,FR58,napoli,11:40:00,En hora,189,Boeing 737-800,S,EU,Martes,Mañana,0,0
1088,2025-11-25,Icelandair,FI597,keflavik,11:50:00,Retrasado,160,Boeing 737 MAX 8,U,EU,Martes,Mañana,0,0
1089,2025-11-25,Grupo Ryanair,FR3108,luxembourg,12:15:00,En hora,189,Boeing 737-800,U,EU,Martes,Tarde,0,0
1090,2025-11-25,Grupo easy,EC7151,milan,12:20:00,En hora,156,Airbus A319,R,EU,Martes,Tarde,0,0
1091,2025-11-25,Norwegian Air Sweden AOC,D83657,copenhagen,12:30:00,En hora,189,Boeing 737-800,S,EU,Martes,Tarde,0,0
1092,2025-11-25,Grupo Ryanair,FR8384,budapest,12:35:00,En hora,197,Boeing 737 MAX 8,S,EU,Martes,Tarde,0,0
1093,2025-11-25,Pegasus Airlines,PC1092,istanbul,12:45:00,En hora,220,Airbus A321,W,INT,Martes,Tarde,0,0
1094,2025-11-25,Grupo Ryanair,FR6267,edinburgh,12:55:00,En hora,189,Boeing 737-800,Y,INT,Martes,Tarde,0,0
1095,2025-11-25,Norwegian Air Sweden AOC,D81741,oslo,13:25:00,En hora,189,Boeing 737-800,S,EU,Martes,Tarde,0,0
1096,2025-11-25,FlyOne,5F5512,chisinau,13:30:00,En hora,180,Airbus A320,Y,INT,Martes,Tarde,0,0
1097,2025-11-25,Grupo Ryanair,FR2239,marrakech,14:00:00,En hora,189,Boeing 737-800,Y,INT,Martes,Tarde,0,0
1098,2025-11-25,Grupo Ryanair,FR3076,stockholm,14:05:00,En hora,189,Boeing 737-800,U,EU,Martes,Tarde,0,0
1099,2025-11-25,Kuwait Airways,KU136,kuwait city,14:25:00,En hora,278,Airbus A330-900,W,INT,Martes,Tarde,0,0
1100,2025-11-25,Bluebird Airways,BZ251,tel aviv,14:45:00,En hora,180,Airbus A320,Y,INT,Martes,Tarde,0,0
1101,2025-11-25,Grupo Ryanair,FR3792,birmingham,16:20:00,En hora,197,Boeing 737 MAX 8,Y,INT,Martes,Tarde,0,0
1102,2025-11-25,Grupo Ryanair,FR846,milan,16:55:00,En hora,189,Boeing 737-800,U,EU,Martes,Tarde,0,0
1103,2025-11-25,Grupo Ryanair,FR1165,sevilla,17:05:00,Retrasado,197,Boeing 737 MAX 8,S,NAC,Martes,Tarde,0,0
1104,2025-11-25,Grupo Ryanair,FR575,bologna,17:25:00,En hora,197,Boeing 737 MAX 8,U,EU,Martes,Tarde,0,0
1105,2025-11-25,Transavia,HV5134,amsterdam,17:45:00,En hora,232,Airbus A321neo,U,EU,Martes,Tarde,0,0
1106,2025-11-25,Grupo Ryanair,FR3180,rome,18:00:00,En hora,189,Boeing 737-800,U,EU,Martes,Tarde,0,0
1107,2025-11-25,Grupo easy,EC7103,"basel, switzerland/mulhouse",18:10:00,En hora,156,Airbus A319,R,EU,Martes,Tarde,0,0
1108,2025-11-25,Grupo Ryanair,RR6300,sofia,18:15:00,En hora,197,Boeing 737 MAX 8,U,EU,Martes,Tarde,0,0
1109,2025-11-25,Grupo Ryanair,FR777,venice,18:40:00,En hora,189,Boeing 737-800,U,EU,Martes,Tarde,0,0
1110,2025-11-25,Grupo Ryanair,FR2834,charleroi,18:45:00,En hora,197,Boeing 737 MAX 8,S,EU,Martes,Tarde,0,0
1111,2025-11-25,Grupo wizz,W61176,katowice,18:55:00,En hora,230,Airbus A321,S,EU,Martes,Tarde,0,0
1112,2025-11-25,Grupo wizz,W61478,warsaw,19:00:00,En hora,239,Airbus A321neo,U,EU,Martes,Tarde,0,0
1113,2025-11-25,Grupo Ryanair,FR9015,london,19:25:00,En hora,189,Boeing 737-800,Y,INT,Martes,Tarde,0,0
1114,2025-11-25,Eurowings,EW9443,dusseldorf,19:35:00,En hora,180,Airbus A320,U,EU,Martes,Tarde,0,0
1115,2025-11-25,Grupo wizz,W64406,sofia,19:35:00,En hora,239,Airbus A321neo,U,EU,Martes,Tarde,0,0
1116,2025-11-25,Grupo easy,U28058,london,19:45:00,Retrasado,156,Airbus A319,M,INT,Martes,Tarde,0,0
1117,2025-11-25,Transavia,HV6790,eindhoven,19:55:00,Retrasado,189,Boeing 737-800,S,EU,Martes,Tarde,0,0
1118,2025-11-25,Air Arabia Maroc,3O642,tanger,20:00:00,En hora,174,Airbus A320,Y,INT,Martes,Noche,0,0
1119,2025-11-25,Grupo easy,EC1956,milan,20:15:00,En hora,180,Airbus A320,R,EU,Martes,Noche,0,0
1120,2025-11-25,Grupo Ryanair,RR4084,warsaw,20:15:00,Retrasado,189,Boeing 737-800,S,EU,Martes,Noche,0,0
1121,2025-11-25,Transavia,TO4759,paris,20:45:00,En hora,186,Airbus A320neo,U,EU,Martes,Noche,0,0
1122,2025-11-25,Grupo easy,EC1380,geneva,21:15:00,Retrasado,180,Airbus A320,R,EU,Martes,Noche,0,0
1123,2025-11-25,Grupo Ryanair,FR6394,dublin,21:15:00,En hora,197,Boeing 737 MAX 8,W,INT,Martes,Noche,0,0
1124,2025-11-25,Grupo wizz,W46020,rome,21:35:00,En hora,239,Airbus A321neo,U,EU,Martes,Noche,0,0
1125,2025-11-25,Grupo Ryanair,FR4585,porto,22:00:00,En hora,197,Boeing 737 MAX 8,S,EU,Martes,Noche,0,0
1126,2025-11-26,Grupo Ryanair,FR2918,brussels,06:05:00,En hora,189,Boeing 737-800,S,EU,Miércoles,Mañana,0,0
1127,2025-11-26,Grupo Ryanair,FR3185,rabat,06:05:00,En hora,189,Boeing 737-800,W,INT,Miércoles,Mañana,0,0
1128,2025-11-26,Grupo Ryanair,FR9406,fes,06:05:00,En hora,189,Boeing 737-800,Y,INT,Miércoles,Mañana,0,0
1129,2025-11-26,Grupo easy,EC7105,geneva,06:10:00,Retrasado,156,Airbus A319,R,EU,Miércoles,Mañana,0,0
1130,2025-11-26,Grupo Ryanair,FR483,malaga,06:15:00,En hora,189,Boeing 737-800,U,NAC,Miércoles,Mañana,0,0
1131,2025-11-26,Grupo easy,EC7193,leeds bradford,06:30:00,En hora,156,Airbus A319,M,INT,Miércoles,Mañana,0,0
1132,2025-11-26,Grupo Ryanair,FR2239,marrakech,06:35:00,En hora,189,Boeing 737-800,W,INT,Miércoles,Mañana,0,0
1133,2025-11-26,Grupo Ryanair,FR3028,ibiza,06:45:00,En hora,189,Boeing 737-800,S,NAC,Miércoles,Mañana,0,0
1134,2025-11-26,Grupo Ryanair,FR3108,luxembourg,06:50:00,En hora,197,Boeing 737 MAX 8,S,EU,Miércoles,Mañana,0,0
1135,2025-11-26,Grupo easy,EC7101,"basel, switzerland/mulhouse",07:20:00,En hora,156,Airbus A319,R,EU,Miércoles,Mañana,0,0
1136,2025-11-26,Grupo easy,EC8062,london,07:20:00,En hora,156,Airbus A319,M,INT,Miércoles,Mañana,0,0
1137,2025-11-26,Grupo easy,EC3737,milan,08:25:00,En hora,180,Airbus A320,R,EU,Miércoles,Mañana,0,0
1138,2025-11-26,Grupo easy,EC7161,napoli,09:20:00,En hora,156,Airbus A319,R,EU,Miércoles,Mañana,0,0
1139,2025-11-26,Grupo wizz,W43176,bucharest,09:25:00,En hora,230,Airbus A321,U,EU,Miércoles,Mañana,0,0
1140,2025-11-26,Grupo wizz,W62376,budapest,09:25:00,En hora,239,Airbus A321neo,U,EU,Miércoles,Mañana,0,0
1141,2025-11-26,Grupo Ryanair,RR8384,budapest,09:30:00,Retrasado,189,Boeing 737-800,S,EU,Miércoles,Mañana,0,0
1142,2025-11-26,Air Arabia Maroc,3O376,al aaroui,09:35:00,Retrasado,174,Airbus A320,Y,INT,Miércoles,Mañana,0,0
1143,2025-11-26,Grupo wizz,W42940,vienna,09:35:00,En hora,239,Airbus A321neo,U,EU,Miércoles,Mañana,0,0
1144,2025-11-26,Grupo Ryanair,FR4545,porto,09:45:00,En hora,189,Boeing 737-800,S,EU,Miércoles,Mañana,0,0
1145,2025-11-26,Grupo Ryanair,RR3049,krakow,09:55:00,En hora,197,Boeing 737 MAX 8,S,EU,Miércoles,Mañana,0,0
1146,2025-11-26,Air Arabia Maroc,3O642,tanger,10:05:00,Retrasado,174,Airbus A320,Y,INT,Miércoles,Mañana,0,0
1147,2025-11-26,Transavia,HV5132,amsterdam,10:05:00,En hora,232,Airbus A321neo,U,EU,Miércoles,Mañana,0,0
1148,2025-11-26,Grupo Ryanair,FR3078,lisbon,10:15:00,En hora,189,Boeing 737-800,S,EU,Miércoles,Mañana,0,0
1149,2025-11-26,Grupo wizz,W61476,warsaw,10:15:00,En hora,239,Airbus A321neo,U,EU,Miércoles,Mañana,0,0
1150,2025-11-26,Grupo Ryanair,FR3039,prague,10:20:00,En hora,189,Boeing 737-800,S,EU,Miércoles,Mañana,0,0
1151,2025-11-26,Air Baltic,BT878,tallinn,10:35:00,En hora,148,Airbus A220-300,U,EU,Miércoles,Mañana,0,0
1152,2025-11-26,Grupo Ryanair,FR6267,edinburgh,10:45:00,En hora,197,Boeing 737 MAX 8,W,INT,Miércoles,Mañana,0,0
1153,2025-11-26,SkyUp MT,U5406,chisinau,10:50:00,En hora,149,Boeing 737-700,W,INT,Miércoles,Mañana,0,0
1154,2025-11-26,Grupo easy,U22704,bristol,10:55:00,En hora,186,Airbus A320neo,M,INT,Miércoles,Mañana,0,0
1155,2025-11-26,Grupo Ryanair,FR2507,cologne-bonn,11:00:00,En hora,197,Boeing 737 MAX 8,U,EU,Miércoles,Mañana,0,0
1156,2025-11-26,Aer Lingus,EI563,dublin,11:30:00,En hora,174,Airbus A320,Y,INT,Miércoles,Mañana,0,0
1157,2025-11-26,Grupo Ryanair,FR575,bologna,11:40:00,En hora,189,Boeing 737-800,U,EU,Miércoles,Mañana,0,0
1158,2025-11-26,Grupo Ryanair,FR9925,frankfurt-hahn,12:35:00,En hora,189,Boeing 737-800,U,EU,Miércoles,Tarde,0,0
1159,2025-11-26,Pegasus Airlines,PC1092,istanbul,12:45:00,Retrasado,239,Airbus A321neo,W,INT,Miércoles,Tarde,0,0
1160,2025-11-26,Grupo Ryanair,FR6597,manchester,13:00:00,En hora,197,Boeing 737 MAX 8,W,INT,Miércoles,Tarde,0,0
1161,2025-11-26,Grupo Ryanair,FR3792,birmingham,13:10:00,En hora,189,Boeing 737-800,Y,INT,Miércoles,Tarde,0,0
1162,2025-11-26,Norwegian Air Sweden AOC,D81741,oslo,13:25:00,En hora,189,Boeing 737-800,U,EU,Miércoles,Tarde,0,0
1163,2025-11-26,Eurowings,EW521,cologne-bonn,13:25:00,En hora,180,Airbus A320,S,EU,Miércoles,Tarde,0,0
1164,2025-11-26,Luxair,LG3592,luxembourg,13:40:00,En hora,76,de Havilland Dash 8-400,U,EU,Miércoles,Tarde,0,0
1165,2025-11-26,Turkish Airlines,TK608,ankara,13:40:00,En hora,165,Boeing 737-800,Y,INT,Miércoles,Tarde,0,0
1166,2025-11-26,Bluebird Airways,BZ251,tel aviv,14:45:00,Retrasado,189,Boeing 737-800,W,INT,Miércoles,Tarde,0,0
1167,2025-11-26,Norwegian Air Sweden AOC,D83659,copenhagen,14:45:00,En hora,189,Boeing 737 MAX 8,U,EU,Miércoles,Tarde,0,0
1168,2025-11-26,Eurowings,EW2521,stuttgart,15:10:00,En hora,150,Airbus A319,S,EU,Miércoles,Tarde,0,0
1169,2025-11-26,Grupo Ryanair,FR777,venice,15:10:00,Retrasado,197,Boeing 737 MAX 8,S,EU,Miércoles,Tarde,0,0
1170,2025-11-26,Grupo Ryanair,FR12,vienna,15:15:00,En hora,197,Boeing 737 MAX 8,S,EU,Miércoles,Tarde,0,0
1171,2025-11-26,Grupo wizz,W46728,venice,15:40:00,En hora,239,Airbus A321neo,U,EU,Miércoles,Tarde,0,0
1172,2025-11-26,Pegasus Airlines,PC1094,istanbul,15:45:00,Retrasado,220,Airbus A321,Y,INT,Miércoles,Tarde,0,0
1173,2025-11-26,Volotea,V71415,verona,15:45:00,En hora,180,Airbus A320,U,EU,Miércoles,Tarde,0,0
1174,2025-11-26,Grupo Ryanair,FR3035,krakow,16:15:00,En hora,197,Boeing 737 MAX 8,S,EU,Miércoles,Tarde,0,0
1175,2025-11-26,Transavia,TO4755,paris,16:45:00,Retrasado,186,Airbus A320neo,U,EU,Miércoles,Tarde,0,0
1176,2025-11-26,Grupo Ryanair,FR3928,trieste,16:50:00,En hora,189,Boeing 737-800,U,EU,Miércoles,Tarde,0,0
1177,2025-11-26,Grupo Ryanair,FR5718,bratislava,16:50:00,En hora,189,Boeing 737-800,U,EU,Miércoles,Tarde,0,0
1178,2025-11-26,Grupo wizz,W67920,kopitnari,17:15:00,En hora,239,Airbus A321neo,Y,INT,Miércoles,Tarde,0,0
1179,2025-11-26,Grupo Ryanair,FR4585,porto,17:30:00,En hora,189,Boeing 737-800,U,EU,Miércoles,Tarde,0,0
1180,2025-11-26,Iberojet,E9803,palmerola,17:40:00,En hora,432,Airbus A350-900,W,INT,Miércoles,Tarde,0,0
1181,2025-11-26,Grupo Ryanair,FR3180,rome,18:00:00,En hora,189,Boeing 737-800,U,EU,Miércoles,Tarde,0,0
1182,2025-11-26,Grupo wizz,W43686,iasi,18:30:00,En hora,180,Airbus A320,U,EU,Miércoles,Tarde,0,0
1183,2025-11-26,Grupo easy,EC7103,"basel, switzerland/mulhouse",18:35:00,En hora,156,Airbus A319,R,EU,Miércoles,Tarde,0,0
1184,2025-11-26,Grupo easy,EC7155,milan,19:00:00,En hora,156,Airbus A319,R,EU,Miércoles,Tarde,0,0
1185,2025-11-26,Grupo Ryanair,FR8231,london,19:00:00,En hora,189,Boeing 737-800,W,INT,Miércoles,Tarde,0,0
1186,2025-11-26,Grupo wizz,W61478,warsaw,19:00:00,En hora,239,Airbus A321neo,U,EU,Miércoles,Tarde,0,0
1187,2025-11-26,Grupo Ryanair,FR1165,sevilla,19:10:00,Retrasado,189,Boeing 737-800,S,NAC,Miércoles,Tarde,0,0
1188,2025-11-26,Grupo Ryanair,FR9334,marrakech,19:10:00,Retrasado,189,Boeing 737-800,Y,INT,Miércoles,Tarde,0,0
1189,2025-11-26,Grupo Ryanair,FR1342,palma de mallorca,19:15:00,En hora,189,Boeing 737-800,U,NAC,Miércoles,Tarde,0,0
1190,2025-11-26,Eurowings,EW9443,dusseldorf,19:35:00,En hora,180,Airbus A320,U,EU,Miércoles,Tarde,0,0
1191,2025-11-26,Grupo Ryanair,FR133,berlin,19:35:00,En hora,197,Boeing 737 MAX 8,S,EU,Miércoles,Tarde,0,0
1192,2025-11-26,Transavia,HV6064,rotterdam,19:40:00,En hora,189,Boeing 737-800,U,EU,Miércoles,Tarde,0,0
1193,2025-11-26,Grupo easy,U28058,london,19:45:00,Retrasado,156,Airbus A319,M,INT,Miércoles,Tarde,0,0
1194,2025-11-26,Grupo wizz,W61706,gdansk,19:50:00,En hora,239,Airbus A321neo,U,EU,Miércoles,Tarde,0,0
1195,2025-11-26,Grupo Ryanair,FR3143,milan,19:55:00,Retrasado,189,Boeing 737-800,U,EU,Miércoles,Tarde,0,0
1196,2025-11-26,Grupo Ryanair,FR58,napoli,20:10:00,En hora,189,Boeing 737-800,S,EU,Miércoles,Noche,0,0
1197,2025-11-26,Grupo Ryanair,RR5246,vilnius,20:10:00,Retrasado,197,Boeing 737 MAX 8,U,EU,Miércoles,Noche,0,0
1198,2025-11-26,Grupo easy,EC1956,milan,20:15:00,En hora,180,Airbus A320,R,EU,Miércoles,Noche,0,0
1199,2025-11-26,Air Arabia Maroc,3O378,tanger,20:20:00,Retrasado,174,Airbus A320,Y,INT,Miércoles,Noche,0,0
1200,2025-11-26,T'Way Air,TW408,seoul/incheon,20:30:00,Retrasado,294,BOEING 777-300ER,Y,INT,Miércoles,Noche,0,0
1201,2025-11-26,Air Serbia,JU585,belgrade,20:35:00,En hora,144,Airbus A319,Y,INT,Miércoles,Noche,0,0
1202,2025-11-26,Grupo wizz,W62378,budapest,20:45:00,En hora,239,Airbus A321neo,U,EU,Miércoles,Noche,0,0
1203,2025-11-26,Transavia,TO4759,paris,20:50:00,En hora,186,Airbus A320neo,U,EU,Miércoles,Noche,0,0
1204,2025-11-26,Grupo easy,U22326,london,20:55:00,En hora,186,Airbus A320neo,M,INT,Miércoles,Noche,0,0
1205,2025-11-26,Grupo easy,EC1380,geneva,21:15:00,Retrasado,180,Airbus A320,R,EU,Miércoles,Noche,0,0
1206,2025-11-26,Grupo wizz,W43406,cluj-napoca,21:25:00,En hora,180,Airbus A320,U,EU,Miércoles,Noche,0,0
1207,2025-11-26,Grupo wizz,W46020,rome,21:35:00,En hora,239,Airbus A321neo,U,EU,Miércoles,Noche,0,0
1208,2025-11-26,Grupo Ryanair,FR6394,dublin,22:05:00,En hora,189,Boeing 737-800,Y,INT,Miércoles,Noche,0,0
1209,2025-11-27,Grupo Ryanair,FR8215,london,06:00:00,En hora,189,Boeing 737-800,W,INT,Jueves,Mañana,0,0
1210,2025-11-27,Grupo Ryanair,FR2918,brussels,06:05:00,En hora,189,Boeing 737-800,U,EU,Jueves,Mañana,0,0
1211,2025-11-27,Grupo easy,EC7105,geneva,06:10:00,En hora,156,Airbus A319,R,EU,Jueves,Mañana,0,0
1212,2025-11-27,Grupo Ryanair,FR3976,dublin,06:15:00,En hora,197,Boeing 737 MAX 8,W,INT,Jueves,Mañana,0,0
1213,2025-11-27,Grupo easy,EC7191,glasgow,06:40:00,En hora,156,Airbus A319,M,INT,Jueves,Mañana,0,0
1214,2025-11-27,Grupo Ryanair,FR3049,krakow,06:40:00,En hora,197,Boeing 737 MAX 8,U,EU,Jueves,Mañana,0,0
1215,2025-11-27,Grupo Ryanair,FR3028,ibiza,06:45:00,En hora,189,Boeing 737-800,U,NAC,Jueves,Mañana,0,0
1216,2025-11-27,Grupo Ryanair,LW2495,palma de mallorca,07:20:00,En hora,180,Airbus A320,S,NAC,Jueves,Mañana,0,0
1217,2025-11-27,Grupo Ryanair,FR133,berlin,07:25:00,En hora,189,Boeing 737-800,U,EU,Jueves,Mañana,0,0
1218,2025-11-27,Grupo easy,EC7101,"basel, switzerland/mulhouse",07:30:00,En hora,156,Airbus A319,R,EU,Jueves,Mañana,0,0
1219,2025-11-27,Grupo easy,EC7151,milan,07:30:00,En hora,156,Airbus A319,R,EU,Jueves,Mañana,0,0
1220,2025-11-27,Grupo Ryanair,FR2507,cologne-bonn,07:45:00,En hora,197,Boeing 737 MAX 8,S,EU,Jueves,Mañana,0,0
1221,2025-11-27,Norwegian Air Sweden AOC,D85510,copenhagen,07:55:00,En hora,189,Boeing 737-800,U,EU,Jueves,Mañana,0,0
1222,2025-11-27,Grupo Ryanair,FR575,bologna,08:05:00,En hora,189,Boeing 737-800,U,EU,Jueves,Mañana,0,0
1223,2025-11-27,Grupo Ryanair,FR774,torino,08:05:00,En hora,189,Boeing 737-800,S,EU,Jueves,Mañana,0,0
1224,2025-11-27,Grupo Ryanair,FR3928,trieste,08:40:00,Retrasado,189,Boeing 737-800,U,EU,Jueves,Mañana,0,0
1225,2025-11-27,Grupo Ryanair,FR6973,rome,08:40:00,En hora,189,Boeing 737-800,S,EU,Jueves,Mañana,0,0
1226,2025-11-27,Grupo wizz,W43938,chisinau,09:00:00,En hora,180,Airbus A320,Y,INT,Jueves,Mañana,0,0
1227,2025-11-27,Grupo Ryanair,FR5710,napoli,09:05:00,Retrasado,189,Boeing 737-800,S,EU,Jueves,Mañana,0,0
1228,2025-11-27,Grupo wizz,W62048,krakow,09:05:00,En hora,239,Airbus A321neo,U,EU,Jueves,Mañana,0,0
1229,2025-11-27,Grupo Ryanair,LW12,vienna,09:10:00,En hora,180,Airbus A320,R,EU,Jueves,Mañana,0,0
1230,2025-11-27,Grupo wizz,W61914,vilnius,09:20:00,En hora,239,Airbus A321neo,U,EU,Jueves,Mañana,0,0
1231,2025-11-27,Grupo wizz,W43176,bucharest,09:25:00,En hora,239,Airbus A321neo,U,EU,Jueves,Mañana,0,0
1232,2025-11-27,Grupo wizz,W62376,budapest,09:25:00,En hora,239,Airbus A321neo,U,EU,Jueves,Mañana,0,0
1233,2025-11-27,Grupo Ryanair,FR3320,milan,09:30:00,En hora,189,Boeing 737-800,S,EU,Jueves,Mañana,0,0
1234,2025-11-27,Grupo wizz,W42938,vienna,09:35:00,En hora,230,Airbus A321,S,EU,Jueves,Mañana,0,0
1235,2025-11-27,Air Serbia,JU581,belgrade,09:55:00,En hora,144,Airbus A319,Y,INT,Jueves,Mañana,0,0
1236,2025-11-27,Grupo easy,EC7656,lisbon,10:00:00,En hora,230,Airbus A321,R,EU,Jueves,Mañana,0,0
1237,2025-11-27,Grupo Ryanair,FR1279,copenhagen,10:00:00,En hora,197,Boeing 737 MAX 8,S,EU,Jueves,Mañana,0,0
1238,2025-11-27,Transavia,HV5132,amsterdam,10:05:00,En hora,232,Airbus A321neo,U,EU,Jueves,Mañana,0,0
1239,2025-11-27,Grupo wizz,W61476,warsaw,10:15:00,En hora,239,Airbus A321neo,U,EU,Jueves,Mañana,0,0
1240,2025-11-27,Grupo Ryanair,FR1165,sevilla,10:20:00,En hora,189,Boeing 737-800,S,NAC,Jueves,Mañana,0,0
1241,2025-11-27,Grupo Ryanair,FR3121,paris,10:25:00,En hora,189,Boeing 737-800,S,EU,Jueves,Mañana,0,0
1242,2025-11-27,Grupo Ryanair,RR8384,budapest,10:25:00,Retrasado,189,Boeing 737-800,U,EU,Jueves,Mañana,0,0
1243,2025-11-27,Grupo easy,U28056,london,10:35:00,En hora,180,Airbus A320,M,INT,Jueves,Mañana,0,0
1244,2025-11-27,Grupo easy,U25716,southend,10:40:00,En hora,186,Airbus A320neo,M,INT,Jueves,Mañana,0,0
1245,2025-11-27,Azerbaijan Airlines,J246,baku,10:45:00,En hora,186,Airbus A320neo,W,INT,Jueves,Mañana,0,0
1246,2025-11-27,Grupo Ryanair,FR3792,birmingham,11:00:00,En hora,189,Boeing 737-800,W,INT,Jueves,Mañana,0,0
1247,2025-11-27,Grupo Ryanair,FR4545,porto,11:00:00,En hora,197,Boeing 737 MAX 8,U,EU,Jueves,Mañana,0,0
1248,2025-11-27,Grupo easy,U22704,bristol,11:05:00,En hora,180,Airbus A320,M,INT,Jueves,Mañana,0,0
1249,2025-11-27,Grupo Ryanair,FR3076,stockholm,11:10:00,Retrasado,189,Boeing 737-800,S,EU,Jueves,Mañana,0,0
1250,2025-11-27,Grupo Ryanair,FR483,malaga,11:10:00,Retrasado,189,Boeing 737-800,S,NAC,Jueves,Mañana,0,0
1251,2025-11-27,Grupo Ryanair,FR6597,manchester,11:20:00,En hora,189,Boeing 737-800,Y,INT,Jueves,Mañana,0,0
1252,2025-11-27,Aer Lingus,EI563,dublin,11:30:00,Retrasado,174,Airbus A320,W,INT,Jueves,Mañana,0,0
1253,2025-11-27,Grupo easy,EC7131,nice/cote d'azur,12:00:00,En hora,156,Airbus A319,R,EU,Jueves,Tarde,0,0
1254,2025-11-27,Grupo easy,EC8064,london,12:10:00,En hora,156,Airbus A319,M,INT,Jueves,Tarde,0,0
1255,2025-11-27,Grupo Ryanair,FR2239,marrakech,12:30:00,En hora,189,Boeing 737-800,W,INT,Jueves,Tarde,0,0
1256,2025-11-27,Grupo Ryanair,FR3160,bristol,12:45:00,En hora,189,Boeing 737-800,W,INT,Jueves,Tarde,0,0
1257,2025-11-27,Pegasus Airlines,PC1092,istanbul,12:45:00,Retrasado,239,Airbus A321neo,Y,INT,Jueves,Tarde,0,0
1258,2025-11-27,Grupo wizz,W67022,bratislava,12:55:00,En hora,239,Airbus A321neo,U,EU,Jueves,Tarde,0,0
1259,2025-11-27,Grupo Ryanair,FR1681,frankfurt-hahn,13:00:00,Retrasado,189,Boeing 737-800,S,EU,Jueves,Tarde,0,0
1260,2025-11-27,Volotea,V71445,olbia,13:05:00,En hora,180,Airbus A320,S,EU,Jueves,Tarde,0,0
1261,2025-11-27,Norwegian Air Shuttle,DY1741,oslo,13:25:00,En hora,189,Boeing 737-800,S,EU,Jueves,Tarde,0,0
1262,2025-11-27,Grupo Ryanair,FR3039,prague,13:30:00,En hora,197,Boeing 737 MAX 8,S,EU,Jueves,Tarde,0,0
1263,2025-11-27,Luxair,LG3592,luxembourg,13:35:00,Retrasado,76,de Havilland Dash 8-400,U,EU,Jueves,Tarde,0,0
1264,2025-11-27,Grupo Ryanair,FR269,milan,13:40:00,En hora,189,Boeing 737-800,U,EU,Jueves,Tarde,0,0
1265,2025-11-27,Grupo Ryanair,FR6267,edinburgh,13:45:00,En hora,197,Boeing 737 MAX 8,W,INT,Jueves,Tarde,0,0
1266,2025-11-27,Grupo Ryanair,FR846,milan,13:45:00,En hora,197,Boeing 737 MAX 8,R,EU,Jueves,Tarde,0,0
1267,2025-11-27,Transavia,TO4755,paris,13:45:00,En hora,189,Boeing 737-800,U,EU,Jueves,Tarde,0,0
1268,2025-11-27,Jet2,LS804,manchester,13:50:00,En hora,189,Boeing 737-800,Y,INT,Jueves,Tarde,0,0
1269,2025-11-27,Grupo Ryanair,FR2233,al aaroui,14:00:00,En hora,189,Boeing 737-800,Y,INT,Jueves,Tarde,0,0
1270,2025-11-27,Air Baltic,BT684,riga,14:05:00,En hora,148,Airbus A220-300,S,EU,Jueves,Tarde,0,0
1271,2025-11-27,Grupo easy,EC7153,milan,14:10:00,En hora,156,Airbus A319,R,EU,Jueves,Tarde,0,0
1272,2025-11-27,SunExpress,XQ895,izmir,14:15:00,En hora,189,Boeing 737-800,Y,INT,Jueves,Tarde,0,0
1273,2025-11-27,Kuwait Airways,KU136,kuwait city,14:25:00,En hora,278,Airbus A330-900,W,INT,Jueves,Tarde,0,0
1274,2025-11-27,Norwegian Air Sweden AOC,D85502,stockholm,14:40:00,En hora,189,Boeing 737-800,U,EU,Jueves,Tarde,0,0
1275,2025-11-27,Bluebird Airways,BZ251,tel aviv,14:45:00,En hora,189,Boeing 737-800,W,INT,Jueves,Tarde,0,0
1276,2025-11-27,SmartWings,QS1059,prague,14:55:00,En hora,149,Airbus A220-300,U,EU,Jueves,Tarde,0,0
1277,2025-11-27,Grupo Ryanair,FR3189,fes,15:00:00,Retrasado,189,Boeing 737-800,Y,INT,Jueves,Tarde,0,0
1278,2025-11-27,Grupo Ryanair,FR149,berlin,15:40:00,En hora,189,Boeing 737-800,S,EU,Jueves,Tarde,0,0
1279,2025-11-27,Grupo wizz,W46728,venice,15:40:00,En hora,239,Airbus A321neo,S,EU,Jueves,Tarde,0,0
1280,2025-11-27,Grupo Ryanair,FR2922,brussels,16:05:00,En hora,189,Boeing 737-800,U,EU,Jueves,Tarde,0,0
1281,2025-11-27,Volotea,V73573,asturias,16:05:00,En hora,156,Airbus A319,S,NAC,Jueves,Tarde,0,0
1282,2025-11-27,Volotea,V73700,vitoria,16:15:00,En hora,180,Airbus A320,S,NAC,Jueves,Tarde,0,0
1283,2025-11-27,Grupo Ryanair,FR9045,london,16:30:00,En hora,197,Boeing 737 MAX 8,Y,INT,Jueves,Tarde,0,0
1284,2025-11-27,Grupo Ryanair,FR9913,tallinn,16:30:00,En hora,197,Boeing 737 MAX 8,U,EU,Jueves,Tarde,0,0
1285,2025-11-27,Grupo Ryanair,FR4585,porto,16:35:00,En hora,197,Boeing 737 MAX 8,U,EU,Jueves,Tarde,0,0
1286,2025-11-27,Grupo easy,EC1378,geneva,16:50:00,Retrasado,180,Airbus A320,R,EU,Jueves,Tarde,0,0
1287,2025-11-27,Grupo Ryanair,FR2098,bologna,17:15:00,En hora,189,Boeing 737-800,U,EU,Jueves,Tarde,0,0
1288,2025-11-27,Grupo easy,EC7173,berlin,17:25:00,En hora,156,Airbus A319,R,EU,Jueves,Tarde,0,0
1289,2025-11-27,Grupo Ryanair,RR8394,budapest,17:30:00,Retrasado,189,Boeing 737-800,U,EU,Jueves,Tarde,0,0
1290,2025-11-27,Volotea,V72327,strasbourg,17:30:00,En hora,180,Airbus A320,S,EU,Jueves,Tarde,0,0
1291,2025-11-27,Transavia,HV5136,amsterdam,17:45:00,En hora,189,Boeing 737-800,U,EU,Jueves,Tarde,0,0
1292,2025-11-27,Grupo Ryanair,RR6300,sofia,17:45:00,En hora,189,Boeing 737-800,S,EU,Jueves,Tarde,0,0
1293,2025-11-27,Grupo Ryanair,FR5718,bratislava,18:00:00,Retrasado,189,Boeing 737-800,U,EU,Jueves,Tarde,0,0
1294,2025-11-27,Grupo Ryanair,FR6341,rome,18:00:00,En hora,189,Boeing 737-800,S,EU,Jueves,Tarde,0,0
1295,2025-11-27,Grupo easy,EC7139,rennes/saint-jacques,18:15:00,En hora,180,Airbus A320,R,EU,Jueves,Tarde,0,0
1296,2025-11-27,Grupo Ryanair,FR3078,lisbon,18:30:00,En hora,189,Boeing 737-800,U,EU,Jueves,Tarde,0,0
1297,2025-11-27,Grupo Ryanair,FR6394,dublin,18:30:00,En hora,197,Boeing 737 MAX 8,W,INT,Jueves,Tarde,0,0
1298,2025-11-27,Grupo easy,EC7103,"basel, switzerland/mulhouse",18:40:00,En hora,156,Airbus A319,R,EU,Jueves,Tarde,0,0
1299,2025-11-27,Grupo Ryanair,FR3800,birmingham,18:45:00,En hora,189,Boeing 737-800,Y,INT,Jueves,Tarde,0,0
1300,2025-11-27,Grupo wizz,W43180,bucharest,18:45:00,En hora,230,Airbus A321,S,EU,Jueves,Tarde,0,0
1301,2025-11-27,Grupo wizz,W61176,katowice,18:55:00,En hora,180,Airbus A320,U,EU,Jueves,Tarde,0,0
1302,2025-11-27,Grupo Ryanair,RR3193,riga,19:05:00,En hora,189,Boeing 737-800,U,EU,Jueves,Tarde,0,0
1303,2025-11-27,Grupo easy,EC7155,milan,19:15:00,En hora,156,Airbus A319,R,EU,Jueves,Tarde,0,0
1304,2025-11-27,Grupo Ryanair,FR1342,palma de mallorca,19:25:00,En hora,189,Boeing 737-800,R,NAC,Jueves,Tarde,0,0
1305,2025-11-27,Grupo Ryanair,FR8217,london,19:25:00,En hora,189,Boeing 737-800,W,INT,Jueves,Tarde,0,0
1306,2025-11-27,Grupo wizz,W64406,sofia,19:35:00,En hora,239,Airbus A321neo,U,EU,Jueves,Tarde,0,0
1307,2025-11-27,Air Arabia Maroc,3O378,tanger,19:40:00,Retrasado,174,Airbus A320,Y,INT,Jueves,Tarde,0,0
1308,2025-11-27,Eurowings,EW2521,stuttgart,19:40:00,Retrasado,232,Airbus A321neo,S,EU,Jueves,Tarde,0,0
1309,2025-11-27,Grupo wizz,W61478,warsaw,19:40:00,En hora,239,Airbus A321neo,U,EU,Jueves,Tarde,0,0
1310,2025-11-27,Grupo Ryanair,FR8598,reggio calabria,19:45:00,En hora,189,Boeing 737-800,U,EU,Jueves,Tarde,0,0
1311,2025-11-27,Grupo easy,U28058,london,19:45:00,En hora,156,Airbus A319,M,INT,Jueves,Tarde,0,0
1312,2025-11-27,Grupo Ryanair,FR8631,tanger,19:55:00,En hora,189,Boeing 737-800,Y,INT,Jueves,Tarde,0,0
1313,2025-11-27,Volotea,V72167,lille/lesquin,19:55:00,En hora,180,Airbus A320,S,EU,Jueves,Tarde,0,0
1314,2025-11-27,Transavia,HV6788,eindhoven,20:00:00,En hora,189,Boeing 737-800,U,EU,Jueves,Noche,0,0
1315,2025-11-27,Grupo easy,EC1956,milan,20:15:00,En hora,180,Airbus A320,R,EU,Jueves,Noche,0,0
1316,2025-11-27,Air Arabia Maroc,3O376,al aaroui,20:25:00,Retrasado,174,Airbus A320,Y,INT,Jueves,Noche,0,0
1317,2025-11-27,Grupo Ryanair,FR3143,milan,20:25:00,En hora,197,Boeing 737 MAX 8,R,EU,Jueves,Noche,0,0
1318,2025-11-27,Grupo Ryanair,FR4587,porto,20:45:00,En hora,197,Boeing 737 MAX 8,R,EU,Jueves,Noche,0,0
1319,2025-11-27,Grupo wizz,W62378,budapest,20:45:00,En hora,239,Airbus A321neo,S,EU,Jueves,Noche,0,0
1320,2025-11-27,Transavia,TO4759,paris,20:50:00,En hora,186,Airbus A320neo,U,EU,Jueves,Noche,0,0
1321,2025-11-27,Grupo easy,U22324,london,20:55:00,En hora,186,Airbus A320neo,M,INT,Jueves,Noche,0,0
1322,2025-11-27,Grupo wizz,W64738,skopje,20:55:00,En hora,239,Airbus A321neo,W,INT,Jueves,Noche,0,0
1323,2025-11-27,Grupo Ryanair,RR333,gdansk,21:00:00,En hora,189,Boeing 737-800,R,EU,Jueves,Noche,0,0
1324,2025-11-27,Aer Lingus,EI565,dublin,21:05:00,En hora,174,Airbus A320,Y,INT,Jueves,Noche,0,0
1325,2025-11-27,Grupo easy,EC1380,geneva,21:15:00,Retrasado,180,Airbus A320,R,EU,Jueves,Noche,0,0
1326,2025-11-27,Grupo Ryanair,FR1527,valletta,21:20:00,Retrasado,189,Boeing 737-800,U,EU,Jueves,Noche,0,0
1327,2025-11-27,Grupo wizz,W43178,bucharest,21:20:00,En hora,230,Airbus A321,S,EU,Jueves,Noche,0,0
1328,2025-11-27,Grupo wizz,W43406,cluj-napoca,21:25:00,En hora,180,Airbus A320,R,EU,Jueves,Noche,0,0
1329,2025-11-27,Grupo Ryanair,RR3035,krakow,21:30:00,En hora,197,Boeing 737 MAX 8,U,EU,Jueves,Noche,0,0
1330,2025-11-27,Grupo Ryanair,RR4084,warsaw,21:30:00,En hora,189,Boeing 737-800,S,EU,Jueves,Noche,0,0
1331,2025-11-27,Grupo wizz,W46020,rome,21:35:00,En hora,230,Airbus A321,S,EU,Jueves,Noche,0,0
1332,2025-11-27,Grupo wizz,W64116,belgrade,22:10:00,Retrasado,239,Airbus A321neo,W,INT,Jueves,Noche,0,0
1333,2025-11-27,Grupo wizz,W45154,tirana,22:45:00,En hora,230,Airbus A321,Y,INT,Jueves,Noche,0,0
1334,2025-11-28,Grupo easy,EC7105,geneva,06:10:00,En hora,156,Airbus A319,R,EU,Viernes,Mañana,0,0
1335,2025-11-28,Grupo Ryanair,FR8183,bologna,06:10:00,En hora,189,Boeing 737-800,U,EU,Viernes,Mañana,0,0
1336,2025-11-28,Grupo Ryanair,FR8231,london,06:10:00,En hora,189,Boeing 737-800,W,INT,Viernes,Mañana,0,0
1337,2025-11-28,Grupo Ryanair,FR777,venice,06:20:00,En hora,197,Boeing 737 MAX 8,U,EU,Viernes,Mañana,0,0
1338,2025-11-28,Grupo Ryanair,FR846,milan,06:25:00,Retrasado,189,Boeing 737-800,S,EU,Viernes,Mañana,0,0
1339,2025-11-28,Grupo Ryanair,FR133,berlin,06:35:00,Retrasado,189,Boeing 737-800,U,EU,Viernes,Mañana,0,0
1340,2025-11-28,Grupo Ryanair,FR4545,porto,06:45:00,En hora,189,Boeing 737-800,S,EU,Viernes,Mañana,0,0
1341,2025-11-28,Grupo easy,EC7101,"basel, switzerland/mulhouse",07:20:00,En hora,156,Airbus A319,R,EU,Viernes,Mañana,0,0
1342,2025-11-28,Grupo easy,EC7199,edinburgh,07:20:00,En hora,156,Airbus A319,M,INT,Viernes,Mañana,0,0
1343,2025-11-28,Grupo Ryanair,LW2889,palma de mallorca,07:40:00,En hora,180,Airbus A320,R,NAC,Viernes,Mañana,0,0
1344,2025-11-28,Norwegian Air Sweden AOC,D85502,stockholm,08:00:00,En hora,189,Boeing 737-800,U,EU,Viernes,Mañana,0,0
1345,2025-11-28,Grupo Ryanair,FR3976,dublin,08:00:00,En hora,197,Boeing 737 MAX 8,Y,INT,Viernes,Mañana,0,0
1346,2025-11-28,Grupo Ryanair,FR3185,rabat,08:10:00,En hora,189,Boeing 737-800,W,INT,Viernes,Mañana,0,0
1347,2025-11-28,Grupo Ryanair,FR6973,rome,08:15:00,En hora,197,Boeing 737 MAX 8,U,EU,Viernes,Mañana,0,0
1348,2025-11-28,Grupo easy,EC1376,geneva,08:40:00,En hora,156,Airbus A319,R,EU,Viernes,Mañana,0,0
1349,2025-11-28,Grupo Ryanair,FR5752,valletta,08:40:00,Retrasado,197,Boeing 737 MAX 8,U,EU,Viernes,Mañana,0,0
1350,2025-11-28,Grupo Ryanair,FR1165,sevilla,09:00:00,En hora,189,Boeing 737-800,S,NAC,Viernes,Mañana,0,0
1351,2025-11-28,Grupo wizz,W62048,krakow,09:05:00,Retrasado,239,Airbus A321neo,S,EU,Viernes,Mañana,0,0
1352,2025-11-28,Grupo easy,EC3737,milan,09:10:00,Retrasado,180,Airbus A320,R,EU,Viernes,Mañana,0,0
1353,2025-11-28,Grupo Ryanair,FR2834,charleroi,09:15:00,En hora,189,Boeing 737-800,U,EU,Viernes,Mañana,0,0
1354,2025-11-28,Air Arabia Maroc,3O374,casablanca,09:25:00,En hora,174,Airbus A320,W,INT,Viernes,Mañana,0,0
1355,2025-11-28,Grupo Ryanair,LW12,vienna,09:25:00,Retrasado,180,Airbus A320,R,EU,Viernes,Mañana,0,0
1356,2025-11-28,Grupo wizz,W43176,bucharest,09:25:00,En hora,230,Airbus A321,S,EU,Viernes,Mañana,0,0
1357,2025-11-28,Grupo wizz,W45088,tirana,09:25:00,En hora,230,Airbus A321,Y,INT,Viernes,Mañana,0,0
1358,2025-11-28,Grupo wizz,W62376,budapest,09:25:00,En hora,239,Airbus A321neo,U,EU,Viernes,Mañana,0,0
1359,2025-11-28,Grupo Ryanair,FR3028,ibiza,09:40:00,En hora,197,Boeing 737 MAX 8,S,NAC,Viernes,Mañana,0,0
1360,2025-11-28,Grupo Ryanair,FR3320,milan,09:45:00,Retrasado,189,Boeing 737-800,R,EU,Viernes,Mañana,0,0
1361,2025-11-28,Transavia,HV6788,eindhoven,09:45:00,En hora,189,Boeing 737-800,R,EU,Viernes,Mañana,0,0
1362,2025-11-28,Grupo easy,U26654,birmingham,09:45:00,Retrasado,180,Airbus A320,M,INT,Viernes,Mañana,0,0
1363,2025-11-28,Air Arabia Maroc,3O378,tanger,09:50:00,En hora,174,Airbus A320,W,INT,Viernes,Mañana,0,0
1364,2025-11-28,Grupo easy,EC7656,lisbon,09:55:00,Retrasado,230,Airbus A321,R,EU,Viernes,Mañana,0,0
1365,2025-11-28,Air Serbia,JU581,belgrade,09:55:00,En hora,144,Airbus A319,Y,INT,Viernes,Mañana,0,0
1366,2025-11-28,Grupo Ryanair,FR9015,london,10:00:00,En hora,189,Boeing 737-800,W,INT,Viernes,Mañana,0,0
1367,2025-11-28,Grupo wizz,W46018,rome,10:00:00,Retrasado,239,Airbus A321neo,S,EU,Viernes,Mañana,0,0
1368,2025-11-28,Grupo Ryanair,FR6920,dublin,10:05:00,En hora,189,Boeing 737-800,Y,INT,Viernes,Mañana,0,0
1369,2025-11-28,Transavia,HV5132,amsterdam,10:05:00,Retrasado,232,Airbus A321neo,U,EU,Viernes,Mañana,0,0
1370,2025-11-28,Eurowings,EW7521,hamburg,10:10:00,En hora,180,Airbus A320,S,EU,Viernes,Mañana,0,0
1371,2025-11-28,Grupo wizz,W61476,warsaw,10:15:00,En hora,239,Airbus A321neo,S,EU,Viernes,Mañana,0,0
1372,2025-11-28,Grupo Ryanair,FR2239,marrakech,10:20:00,En hora,189,Boeing 737-800,Y,INT,Viernes,Mañana,0,0
1373,2025-11-28,Grupo easy,U22002,manchester,10:25:00,En hora,186,Airbus A320neo,M,INT,Viernes,Mañana,0,0
1374,2025-11-28,Grupo easy,EC7131,nice/cote d'azur,10:30:00,Retrasado,156,Airbus A319,R,EU,Viernes,Mañana,0,0
1375,2025-11-28,Grupo Ryanair,FR6267,edinburgh,10:30:00,En hora,189,Boeing 737-800,W,INT,Viernes,Mañana,0,0
1376,2025-11-28,Grupo easy,EC4212,napoli,10:35:00,En hora,180,Airbus A320,R,EU,Viernes,Mañana,0,0
1377,2025-11-28,Transavia,HV6064,rotterdam,10:40:00,En hora,189,Boeing 737-800,U,EU,Viernes,Mañana,0,0
1378,2025-11-28,Grupo easy,U22704,bristol,10:50:00,Retrasado,186,Airbus A320neo,M,INT,Viernes,Mañana,0,0
1379,2025-11-28,Grupo Ryanair,FR5270,manchester,10:55:00,En hora,197,Boeing 737 MAX 8,Y,INT,Viernes,Mañana,0,0
1380,2025-11-28,Grupo Ryanair,RR8384,budapest,11:00:00,En hora,189,Boeing 737-800,S,EU,Viernes,Mañana,0,0
1381,2025-11-28,Grupo Ryanair,FR3166,palermo,11:10:00,En hora,189,Boeing 737-800,S,EU,Viernes,Mañana,0,0
1382,2025-11-28,FLYONE Armenia,3F232,yerevan,11:30:00,En hora,180,Airbus A320,W,INT,Viernes,Mañana,0,0
1383,2025-11-28,Aer Lingus,EI563,dublin,11:35:00,En hora,174,Airbus A320,Y,INT,Viernes,Mañana,0,0
1384,2025-11-28,Grupo Ryanair,FR3121,paris,11:35:00,En hora,197,Boeing 737 MAX 8,R,EU,Viernes,Mañana,0,0
1385,2025-11-28,Grupo Ryanair,LW2896,palma de mallorca,11:35:00,En hora,180,Airbus A320,S,NAC,Viernes,Mañana,0,0
1386,2025-11-28,Grupo easy,EC7141,strasbourg,11:45:00,En hora,156,Airbus A319,R,EU,Viernes,Mañana,0,0
1387,2025-11-28,Grupo Ryanair,RR3049,krakow,11:45:00,En hora,189,Boeing 737-800,U,EU,Viernes,Mañana,0,0
1388,2025-11-28,Grupo easy,U28056,london,11:45:00,En hora,156,Airbus A319,M,INT,Viernes,Mañana,0,0
1389,2025-11-28,Icelandair,FI597,keflavik,11:50:00,Retrasado,184,Boeing 757-200,S,EU,Viernes,Mañana,0,0
1390,2025-11-28,Grupo Ryanair,FR774,torino,11:55:00,En hora,189,Boeing 737-800,U,EU,Viernes,Mañana,0,0
1391,2025-11-28,Grupo easy,EC8064,london,12:15:00,Retrasado,156,Airbus A319,M,INT,Viernes,Tarde,0,0
1392,2025-11-28,Grupo Ryanair,FR4585,porto,12:15:00,En hora,197,Boeing 737 MAX 8,U,EU,Viernes,Tarde,0,0
1393,2025-11-28,Norwegian Air Sweden AOC,D83657,copenhagen,12:30:00,Retrasado,189,Boeing 737 MAX 8,U,EU,Viernes,Tarde,0,0
1394,2025-11-28,Grupo Ryanair,FR575,bologna,12:45:00,En hora,197,Boeing 737 MAX 8,R,EU,Viernes,Tarde,0,0
1395,2025-11-28,Grupo Ryanair,FR58,napoli,12:45:00,Retrasado,189,Boeing 737-800,U,EU,Viernes,Tarde,0,0
1396,2025-11-28,Pegasus Airlines,PC1092,istanbul,12:45:00,En hora,239,Airbus A321neo,Y,INT,Viernes,Tarde,0,0
1397,2025-11-28,Grupo Ryanair,FR6874,dublin,12:55:00,Retrasado,189,Boeing 737-800,W,INT,Viernes,Tarde,0,0
1398,2025-11-28,Grupo wizz,W67022,bratislava,12:55:00,Retrasado,230,Airbus A321,S,EU,Viernes,Tarde,0,0
1399,2025-11-28,Grupo wizz,W46330,milan,13:10:00,Retrasado,239,Airbus A321neo,S,EU,Viernes,Tarde,0,0
1400,2025-11-28,HiSky,H4264,bucharest,13:20:00,En hora,186,Airbus A320,R,EU,Viernes,Tarde,0,0
1401,2025-11-28,Norwegian Air Shuttle,DY1741,oslo,13:25:00,En hora,189,Boeing 737-800,S,EU,Viernes,Tarde,0,0
1402,2025-11-28,Pegasus Airlines,PC1528,izmir,13:30:00,En hora,180,Airbus A320,Y,INT,Viernes,Tarde,0,0
1403,2025-11-28,Turkish Airlines,TK608,ankara,13:40:00,En hora,165,Boeing 737-800,W,INT,Viernes,Tarde,0,0
1404,2025-11-28,Grupo Ryanair,FR6078,ouarzazate,13:50:00,Retrasado,189,Boeing 737-800,W,INT,Viernes,Tarde,0,0
1405,2025-11-28,Jet2,LS804,manchester,13:50:00,Retrasado,189,Boeing 737-800,W,INT,Viernes,Tarde,0,0
1406,2025-11-28,Grupo Ryanair,FR3180,rome,13:55:00,En hora,189,Boeing 737-800,S,EU,Viernes,Tarde,0,0
1407,2025-11-28,Air Baltic,BT684,riga,14:05:00,En hora,148,Airbus A220-300,U,EU,Viernes,Tarde,0,0
1408,2025-11-28,Grupo easy,EC7153,milan,14:20:00,En hora,156,Airbus A319,R,EU,Viernes,Tarde,0,0
1409,2025-11-28,Grupo Ryanair,LW7351,vienna,14:20:00,En hora,180,Airbus A320,R,EU,Viernes,Tarde,0,0
1410,2025-11-28,Transavia,TO4755,paris,14:20:00,Retrasado,186,Airbus A320neo,U,EU,Viernes,Tarde,0,0
1411,2025-11-28,Grupo Ryanair,FR8215,london,14:35:00,En hora,189,Boeing 737-800,Y,INT,Viernes,Tarde,0,0
1412,2025-11-28,Grupo easy,EC7107,geneva,14:40:00,En hora,156,Airbus A319,R,EU,Viernes,Tarde,0,0
1413,2025-11-28,Volotea,V71443,ancona,14:45:00,En hora,180,Airbus A320,S,EU,Viernes,Tarde,0,0
1414,2025-11-28,Grupo wizz,W64406,sofia,14:50:00,Retrasado,239,Airbus A321neo,R,EU,Viernes,Tarde,0,0
1415,2025-11-28,Grupo Ryanair,FR2507,cologne-bonn,14:55:00,En hora,189,Boeing 737-800,S,EU,Viernes,Tarde,0,0
1416,2025-11-28,Grupo Ryanair,FR867,venice,14:55:00,En hora,189,Boeing 737-800,U,EU,Viernes,Tarde,0,0
1417,2025-11-28,SmartWings,QS1059,prague,14:55:00,En hora,149,Airbus A220-300,U,EU,Viernes,Tarde,0,0
1418,2025-11-28,Grupo Ryanair,FR1342,palma de mallorca,15:00:00,En hora,189,Boeing 737-800,U,NAC,Viernes,Tarde,0,0
1419,2025-11-28,Grupo Ryanair,FR5718,bratislava,15:10:00,En hora,189,Boeing 737-800,S,EU,Viernes,Tarde,0,0
1420,2025-11-28,Volotea,V73735,corvera,15:15:00,En hora,156,Airbus A319,S,EU,Viernes,Tarde,0,0
1421,2025-11-28,Grupo Ryanair,FR483,malaga,15:25:00,Retrasado,197,Boeing 737 MAX 8,R,NAC,Viernes,Tarde,0,0
1422,2025-11-28,Grupo wizz,W46728,venice,15:40:00,En hora,239,Airbus A321neo,S,EU,Viernes,Tarde,0,0
1423,2025-11-28,Pegasus Airlines,PC1094,istanbul,15:45:00,Retrasado,239,Airbus A321neo,Y,INT,Viernes,Tarde,0,0
1424,2025-11-28,Grupo Ryanair,FR9045,london,16:05:00,Retrasado,189,Boeing 737-800,Y,INT,Viernes,Tarde,0,0
1425,2025-11-28,Norwegian Air Sweden AOC,D85510,copenhagen,16:15:00,En hora,189,Boeing 737-800,U,EU,Viernes,Tarde,0,0
1426,2025-11-28,Grupo Ryanair,FR2925,brussels,16:15:00,En hora,189,Boeing 737-800,U,EU,Viernes,Tarde,0,0
1427,2025-11-28,Grupo Ryanair,FR6985,rome,16:15:00,En hora,189,Boeing 737-800,U,EU,Viernes,Tarde,0,0
1428,2025-11-28,Grupo wizz,W43564,timisoara,16:25:00,En hora,180,Airbus A320,S,EU,Viernes,Tarde,0,0
1429,2025-11-28,Grupo Ryanair,FR3129,ibiza,16:45:00,En hora,189,Boeing 737-800,R,NAC,Viernes,Tarde,0,0
1430,2025-11-28,Grupo easy,EC7173,berlin,16:50:00,Retrasado,156,Airbus A319,R,EU,Viernes,Tarde,0,0
1431,2025-11-28,Volotea,V73700,vitoria,16:50:00,En hora,180,Airbus A320,S,NAC,Viernes,Tarde,0,0
1432,2025-11-28,Grupo Ryanair,FR878,venice,16:55:00,En hora,189,Boeing 737-800,U,EU,Viernes,Tarde,0,0
1433,2025-11-28,Grupo Ryanair,FR4587,porto,17:05:00,En hora,197,Boeing 737 MAX 8,S,EU,Viernes,Tarde,0,0
1434,2025-11-28,Grupo wizz,W67920,kopitnari,17:15:00,En hora,239,Airbus A321neo,Y,INT,Viernes,Tarde,0,0
1435,2025-11-28,Grupo Ryanair,FR3076,stockholm,17:30:00,En hora,197,Boeing 737 MAX 8,U,EU,Viernes,Tarde,0,0
1436,2025-11-28,Volotea,V73573,asturias,17:40:00,En hora,156,Airbus A319,S,NAC,Viernes,Tarde,0,0
1437,2025-11-28,Transavia,HV5134,amsterdam,17:45:00,Retrasado,189,Boeing 737-800,U,EU,Viernes,Tarde,0,0
1438,2025-11-28,Grupo Ryanair,FR6341,rome,18:00:00,En hora,189,Boeing 737-800,U,EU,Viernes,Tarde,0,0
1439,2025-11-28,Grupo Ryanair,FR6353,milan,18:00:00,En hora,197,Boeing 737 MAX 8,S,EU,Viernes,Tarde,0,0
1440,2025-11-28,Grupo easy,EC7205,southampton,18:10:00,En hora,156,Airbus A319,M,INT,Viernes,Tarde,0,0
1441,2025-11-28,Air Arabia Maroc,3O398,rabat,18:30:00,Retrasado,174,Airbus A320,W,INT,Viernes,Tarde,0,0
1442,2025-11-28,FlyOne,5F5512,chisinau,18:30:00,En hora,180,Airbus A320,Y,INT,Viernes,Tarde,0,0
1443,2025-11-28,Grupo wizz,W43686,iasi,18:30:00,En hora,180,Airbus A320,S,EU,Viernes,Tarde,0,0
1444,2025-11-28,Grupo Ryanair,FR2098,bologna,18:35:00,En hora,189,Boeing 737-800,U,EU,Viernes,Tarde,0,0
1445,2025-11-28,Grupo easy,EC7103,"basel, switzerland/mulhouse",18:45:00,En hora,156,Airbus A319,R,EU,Viernes,Tarde,0,0
1446,2025-11-28,Grupo Ryanair,FR3189,fes,18:50:00,Retrasado,189,Boeing 737-800,Y,INT,Viernes,Tarde,0,0
1447,2025-11-28,Grupo wizz,W61478,warsaw,19:00:00,En hora,230,Airbus A321,S,EU,Viernes,Tarde,0,0
1448,2025-11-28,Grupo easy,EC7155,milan,19:10:00,En hora,156,Airbus A319,R,EU,Viernes,Tarde,0,0
1449,2025-11-28,Grupo Ryanair,FR149,berlin,19:15:00,En hora,197,Boeing 737 MAX 8,U,EU,Viernes,Tarde,0,0
1450,2025-11-28,Grupo Ryanair,FR3078,lisbon,19:20:00,En hora,189,Boeing 737-800,S,EU,Viernes,Tarde,0,0
1451,2025-11-28,Grupo Ryanair,RR6330,sofia,19:20:00,En hora,189,Boeing 737-800,S,EU,Viernes,Tarde,0,0
1452,2025-11-28,Volotea,V72165,nantes/atlantique,19:30:00,En hora,156,Airbus A319,S,EU,Viernes,Tarde,0,0
1453,2025-11-28,Eurowings,EW9443,dusseldorf,19:35:00,Retrasado,232,Airbus A321neo,U,EU,Viernes,Tarde,0,0
1454,2025-11-28,Grupo Ryanair,FR2330,al aaroui,19:35:00,En hora,189,Boeing 737-800,W,INT,Viernes,Tarde,0,0
1455,2025-11-28,Grupo Ryanair,LW7362,vienna,19:40:00,Retrasado,180,Airbus A320,R,EU,Viernes,Tarde,0,0
1456,2025-11-28,Grupo easy,U28058,london,19:40:00,En hora,156,Airbus A319,M,INT,Viernes,Tarde,0,0
1457,2025-11-28,Grupo Ryanair,FR6374,paris,19:45:00,Retrasado,189,Boeing 737-800,U,EU,Viernes,Tarde,0,0
1458,2025-11-28,Eurowings,EW2521,stuttgart,19:55:00,Retrasado,232,Airbus A321neo,U,EU,Viernes,Tarde,0,0
1459,2025-11-28,Volotea,V71415,verona,19:55:00,En hora,180,Airbus A320,S,EU,Viernes,Tarde,0,0
1460,2025-11-28,Grupo wizz,W64666,larnaca,19:55:00,En hora,230,Airbus A321,Y,INT,Viernes,Tarde,0,0
1461,2025-11-28,Grupo Ryanair,FR1527,valletta,20:05:00,En hora,189,Boeing 737-800,R,EU,Viernes,Noche,0,0
1462,2025-11-28,Grupo Ryanair,FR2402,sevilla,20:10:00,Retrasado,197,Boeing 737 MAX 8,R,NAC,Viernes,Noche,0,0
1463,2025-11-28,Grupo Ryanair,FR6275,edinburgh,20:10:00,Retrasado,189,Boeing 737-800,Y,INT,Viernes,Noche,0,0
1464,2025-11-28,Grupo Ryanair,FR6305,milan,20:10:00,En hora,189,Boeing 737-800,U,EU,Viernes,Noche,0,0
1465,2025-11-28,Grupo wizz,W62096,krakow,20:10:00,En hora,239,Airbus A321neo,S,EU,Viernes,Noche,0,0
1466,2025-11-28,Grupo easy,EC1956,milan,20:15:00,En hora,180,Airbus A320,R,EU,Viernes,Noche,0,0
1467,2025-11-28,Grupo wizz,W42940,vienna,20:20:00,En hora,239,Airbus A321neo,S,EU,Viernes,Noche,0,0
1468,2025-11-28,Grupo Ryanair,FR3792,birmingham,20:25:00,En hora,189,Boeing 737-800,W,INT,Viernes,Noche,0,0
1469,2025-11-28,T'Way Air,TW408,seoul/incheon,20:30:00,En hora,246,Airbus A330-200,W,INT,Viernes,Noche,0,0
1470,2025-11-28,Volotea,V72135,bordeaux,20:30:00,Retrasado,180,Airbus A320,S,EU,Viernes,Noche,0,0
1471,2025-11-28,Grupo Ryanair,FR7539,milan,20:35:00,En hora,189,Boeing 737-800,S,EU,Viernes,Noche,0,0
1472,2025-11-28,Grupo Ryanair,FR8631,tanger,20:35:00,Retrasado,189,Boeing 737-800,Y,INT,Viernes,Noche,0,0
1473,2025-11-28,Air Serbia,JU585,belgrade,20:35:00,En hora,144,Airbus A319,Y,INT,Viernes,Noche,0,0
1474,2025-11-28,Grupo Ryanair,RR1786,vilnius,20:35:00,Retrasado,197,Boeing 737 MAX 8,U,EU,Viernes,Noche,0,0
1475,2025-11-28,Luxair,LG3592,luxembourg,20:40:00,Retrasado,141,Boeing 737-700,R,EU,Viernes,Noche,0,0
1476,2025-11-28,Grupo wizz,W62378,budapest,20:45:00,Retrasado,239,Airbus A321neo,S,EU,Viernes,Noche,0,0
1477,2025-11-28,Grupo Ryanair,FR5710,napoli,20:50:00,Retrasado,197,Boeing 737 MAX 8,U,EU,Viernes,Noche,0,0
1478,2025-11-28,Transavia,TO4759,paris,20:50:00,Retrasado,186,Airbus A320neo,U,EU,Viernes,Noche,0,0
1479,2025-11-28,Grupo easy,U22326,london,20:55:00,En hora,186,Airbus A320neo,M,INT,Viernes,Noche,0,0
1480,2025-11-28,Grupo Ryanair,RR8394,budapest,21:00:00,En hora,189,Boeing 737-800,R,EU,Viernes,Noche,0,0
1481,2025-11-28,Aer Lingus,EI565,dublin,21:05:00,Retrasado,174,Airbus A320,Y,INT,Viernes,Noche,0,0
1482,2025-11-28,Grupo easy,U23374,liverpool,21:05:00,Retrasado,180,Airbus A320,M,INT,Viernes,Noche,0,0
1483,2025-11-28,Grupo Ryanair,FR3174,ibiza,21:10:00,Retrasado,189,Boeing 737-800,R,NAC,Viernes,Noche,0,0
1484,2025-11-28,Grupo easy,EC1380,geneva,21:15:00,En hora,180,Airbus A320,R,EU,Viernes,Noche,0,0
1485,2025-11-28,Grupo wizz,W43178,bucharest,21:20:00,En hora,230,Airbus A321,S,EU,Viernes,Noche,0,0
1486,2025-11-28,Grupo wizz,W43406,cluj-napoca,21:25:00,En hora,180,Airbus A320,S,EU,Viernes,Noche,0,0
1487,2025-11-28,Grupo Ryanair,RR6944,warsaw,21:30:00,En hora,189,Boeing 737-800,R,EU,Viernes,Noche,0,0
1488,2025-11-28,Grupo Ryanair,FR7808,london,21:35:00,En hora,189,Boeing 737-800,Y,INT,Viernes,Noche,0,0
1489,2025-11-28,Grupo wizz,W46020,rome,21:35:00,En hora,239,Airbus A321neo,S,EU,Viernes,Noche,0,0
1490,2025-11-28,Grupo Ryanair,FR8669,dublin,21:40:00,Retrasado,189,Boeing 737-800,W,INT,Viernes,Noche,0,0
1491,2025-11-28,Grupo Ryanair,FR9811,london,21:40:00,En hora,189,Boeing 737-800,W,INT,Viernes,Noche,0,0
1492,2025-11-28,Grupo easy,EC7682,lisbon,21:45:00,En hora,230,Airbus A321,R,EU,Viernes,Noche,0,0
1493,2025-11-28,Grupo Ryanair,FR2495,palma de mallorca,21:45:00,En hora,189,Boeing 737-800,S,NAC,Viernes,Noche,0,0
1494,2025-11-28,Grupo Ryanair,FR6597,manchester,21:45:00,En hora,189,Boeing 737-800,W,INT,Viernes,Noche,0,0
1495,2025-11-28,Grupo Ryanair,FR2250,marrakech,21:55:00,En hora,189,Boeing 737-800,Y,INT,Viernes,Noche,0,0
1496,2025-11-28,Grupo wizz,W64116,belgrade,21:55:00,En hora,230,Airbus A321,W,INT,Viernes,Noche,0,0
1497,2025-11-28,Grupo Ryanair,FR3080,malaga,22:30:00,En hora,197,Boeing 737 MAX 8,R,NAC,Viernes,Noche,0,0
1498,2025-11-28,Grupo wizz,W45154,tirana,22:45:00,En hora,239,Airbus A321neo,Y,INT,Viernes,Noche,0,0
1499,2025-11-28,Grupo wizz,W61706,gdansk,22:50:00,En hora,239,Airbus A321neo,S,EU,Viernes,Noche,0,0
1500,2025-11-28,Grupo Ryanair,FR9814,london,23:10:00,En hora,189,Boeing 737-800,Y,INT,Viernes,Noche,0,0
1501,2025-11-29,Grupo Ryanair,FR846,milan,06:00:00,En hora,189,Boeing 737-800,U,EU,Sábado,Mañana,0,0
1502,2025-11-29,Grupo easy,EC7105,geneva,06:10:00,En hora,156,Airbus A319,R,EU,Sábado,Mañana,0,0
1503,2025-11-29,Grupo Ryanair,FR5718,bratislava,06:10:00,En hora,189,Boeing 737-800,S,EU,Sábado,Mañana,0,0
1504,2025-11-29,Grupo Ryanair,FR4545,porto,06:15:00,En hora,197,Boeing 737 MAX 8,U,EU,Sábado,Mañana,0,0
1505,2025-11-29,Grupo Ryanair,FR1342,palma de mallorca,06:20:00,En hora,189,Boeing 737-800,S,NAC,Sábado,Mañana,0,0
1506,2025-11-29,Grupo Ryanair,FR777,venice,06:30:00,En hora,189,Boeing 737-800,U,EU,Sábado,Mañana,0,0
1507,2025-11-29,Grupo easy,EC7151,milan,07:30:00,En hora,156,Airbus A319,R,EU,Sábado,Mañana,0,0
1508,2025-11-29,Grupo Ryanair,FR2918,brussels,08:05:00,En hora,189,Boeing 737-800,U,EU,Sábado,Mañana,0,0
1509,2025-11-29,Grupo Ryanair,FR3180,rome,08:15:00,En hora,189,Boeing 737-800,R,EU,Sábado,Mañana,0,0
1510,2025-11-29,Air Arabia Maroc,3O376,al aaroui,08:35:00,En hora,174,Airbus A320,W,INT,Sábado,Mañana,0,0
1511,2025-11-29,Grupo Ryanair,FR1165,sevilla,08:50:00,En hora,197,Boeing 737 MAX 8,U,NAC,Sábado,Mañana,0,0
1512,2025-11-29,Grupo Ryanair,FR575,bologna,08:50:00,En hora,189,Boeing 737-800,U,EU,Sábado,Mañana,0,0
1513,2025-11-29,Grupo Ryanair,FR3166,palermo,09:00:00,En hora,189,Boeing 737-800,S,EU,Sábado,Mañana,0,0
1514,2025-11-29,Grupo wizz,W43938,chisinau,09:00:00,Retrasado,180,Airbus A320,W,INT,Sábado,Mañana,0,0
1515,2025-11-29,Grupo wizz,W62048,krakow,09:05:00,En hora,239,Airbus A321neo,S,EU,Sábado,Mañana,0,0
1516,2025-11-29,Grupo Ryanair,FR2834,charleroi,09:15:00,En hora,189,Boeing 737-800,R,EU,Sábado,Mañana,0,0
1517,2025-11-29,Grupo Ryanair,FR133,berlin,09:20:00,En hora,189,Boeing 737-800,S,EU,Sábado,Mañana,0,0
1518,2025-11-29,Grupo Ryanair,FR2239,marrakech,09:20:00,En hora,189,Boeing 737-800,Y,INT,Sábado,Mañana,0,0
1519,2025-11-29,Grupo Ryanair,FR3028,ibiza,09:20:00,En hora,189,Boeing 737-800,R,NAC,Sábado,Mañana,0,0
1520,2025-11-29,Grupo wizz,W61914,vilnius,09:20:00,Retrasado,239,Airbus A321neo,S,EU,Sábado,Mañana,0,0
1521,2025-11-29,Grupo wizz,W43176,bucharest,09:25:00,Retrasado,239,Airbus A321neo,U,EU,Sábado,Mañana,0,0
1522,2025-11-29,Grupo wizz,W62376,budapest,09:25:00,Retrasado,239,Airbus A321neo,S,EU,Sábado,Mañana,0,0
1523,2025-11-29,Grupo Ryanair,RR3049,krakow,09:30:00,En hora,189,Boeing 737-800,R,EU,Sábado,Mañana,0,0
1524,2025-11-29,Grupo wizz,W42938,vienna,09:35:00,En hora,239,Airbus A321neo,U,EU,Sábado,Mañana,0,0
1525,2025-11-29,Air Serbia,JU581,belgrade,09:55:00,Retrasado,144,Airbus A319,W,INT,Sábado,Mañana,0,0
1526,2025-11-29,Grupo Ryanair,FR6559,liverpool,10:00:00,En hora,189,Boeing 737-800,Y,INT,Sábado,Mañana,0,0
1527,2025-11-29,Grupo wizz,W46018,rome,10:00:00,En hora,239,Airbus A321neo,U,EU,Sábado,Mañana,0,0
1528,2025-11-29,Transavia,HV5132,amsterdam,10:05:00,En hora,232,Airbus A321neo,U,EU,Sábado,Mañana,0,0
1529,2025-11-29,Grupo wizz,W61476,warsaw,10:15:00,En hora,239,Airbus A321neo,U,EU,Sábado,Mañana,0,0
1530,2025-11-29,Grupo Ryanair,FR9171,stockholm,10:20:00,En hora,197,Boeing 737 MAX 8,S,EU,Sábado,Mañana,0,0
1531,2025-11-29,Grupo easy,U22326,london,10:20:00,En hora,156,Airbus A319,M,INT,Sábado,Mañana,0,0
1532,2025-11-29,Grupo Ryanair,FR3168,newcastle,10:25:00,En hora,189,Boeing 737-800,Y,INT,Sábado,Mañana,0,0
1533,2025-11-29,Grupo Ryanair,FR9307,cork,10:30:00,Retrasado,197,Boeing 737 MAX 8,W,INT,Sábado,Mañana,0,0
1534,2025-11-29,Grupo Ryanair,LW12,vienna,10:30:00,En hora,180,Airbus A320,R,EU,Sábado,Mañana,0,0
1535,2025-11-29,Grupo easy,U28056,london,10:35:00,En hora,156,Airbus A319,M,INT,Sábado,Mañana,0,0
1536,2025-11-29,Azerbaijan Airlines,J246,baku,10:45:00,Retrasado,122,Airbus A319,W,INT,Sábado,Mañana,0,0
1537,2025-11-29,SkyUp MT,U5406,chisinau,10:50:00,En hora,149,Boeing 737-700,W,INT,Sábado,Mañana,0,0
1538,2025-11-29,Grupo easy,U22704,bristol,10:55:00,En hora,186,Airbus A320neo,M,INT,Sábado,Mañana,0,0
1539,2025-11-29,Grupo Ryanair,FR6394,dublin,11:00:00,En hora,197,Boeing 737 MAX 8,Y,INT,Sábado,Mañana,0,0
1540,2025-11-29,Grupo Ryanair,FR4597,porto,11:20:00,En hora,197,Boeing 737 MAX 8,U,EU,Sábado,Mañana,0,0
1541,2025-11-29,Grupo easy,EC7193,leeds bradford,11:30:00,En hora,156,Airbus A319,M,INT,Sábado,Mañana,0,0
1542,2025-11-29,Aer Lingus,EI563,dublin,11:30:00,Retrasado,174,Airbus A320,Y,INT,Sábado,Mañana,0,0
1543,2025-11-29,Grupo Ryanair,FR2507,cologne-bonn,11:55:00,En hora,189,Boeing 737-800,S,EU,Sábado,Mañana,0,0
1544,2025-11-29,Grupo Ryanair,FR3108,luxembourg,12:05:00,Retrasado,189,Boeing 737-800,U,EU,Sábado,Tarde,0,0
1545,2025-11-29,Grupo easy,EC8064,london,12:10:00,En hora,156,Airbus A319,M,INT,Sábado,Tarde,0,0
1546,2025-11-29,Grupo Ryanair,FR8231,london,12:25:00,Retrasado,189,Boeing 737-800,Y,INT,Sábado,Tarde,0,0
1547,2025-11-29,Pegasus Airlines,PC1092,istanbul,12:45:00,Retrasado,220,Airbus A321,W,INT,Sábado,Tarde,0,0
1548,2025-11-29,Grupo wizz,W67022,bratislava,12:55:00,En hora,239,Airbus A321neo,U,EU,Sábado,Tarde,0,0
1549,2025-11-29,Grupo Ryanair,FR483,malaga,13:05:00,Retrasado,189,Boeing 737-800,S,NAC,Sábado,Tarde,0,0
1550,2025-11-29,Boliviana de Aviacion,OB775,santa cruz,13:10:00,Retrasado,246,Airbus A330-200,Y,INT,Sábado,Tarde,0,0
1551,2025-11-29,Grupo wizz,W46330,milan,13:10:00,En hora,239,Airbus A321neo,S,EU,Sábado,Tarde,0,0
1552,2025-11-29,Grupo easy,EC7101,"basel, switzerland/mulhouse",13:20:00,En hora,156,Airbus A319,R,EU,Sábado,Tarde,0,0
1553,2025-11-29,Grupo Ryanair,FR7808,london,13:20:00,Retrasado,197,Boeing 737 MAX 8,Y,INT,Sábado,Tarde,0,0
1554,2025-11-29,Grupo Ryanair,RK6597,manchester,13:25:00,En hora,189,Boeing 737-800,Y,INT,Sábado,Tarde,0,0
1555,2025-11-29,Grupo Ryanair,FR2098,bologna,13:30:00,En hora,189,Boeing 737-800,S,EU,Sábado,Tarde,0,0
1556,2025-11-29,Air Arabia Maroc,3O378,tanger,13:35:00,Retrasado,174,Airbus A320,W,INT,Sábado,Tarde,0,0
1557,2025-11-29,Grupo easy,EC7153,milan,13:35:00,En hora,156,Airbus A319,R,EU,Sábado,Tarde,0,0
1558,2025-11-29,AJet 608,VF608,ankara,13:40:00,En hora,186,Airbus A320,W,INT,Sábado,Tarde,0,0
1559,2025-11-29,Grupo Ryanair,FR1681,frankfurt-hahn,14:00:00,En hora,189,Boeing 737-800,S,EU,Sábado,Tarde,0,0
1560,2025-11-29,Air Baltic,BT684,riga,14:05:00,Retrasado,148,Airbus A220-300,U,EU,Sábado,Tarde,0,0
1561,2025-11-29,Grupo Ryanair,RR6920,dublin,14:05:00,En hora,189,Boeing 737-800,W,INT,Sábado,Tarde,0,0
1562,2025-11-29,Grupo Ryanair,FR58,napoli,14:15:00,En hora,189,Boeing 737-800,U,EU,Sábado,Tarde,0,0
1563,2025-11-29,Kuwait Airways,KU136,kuwait city,14:25:00,En hora,235,Airbus A330-800,W,INT,Sábado,Tarde,0,0
1564,2025-11-29,Grupo Ryanair,FR3070,palma de mallorca,14:40:00,En hora,189,Boeing 737-800,U,NAC,Sábado,Tarde,0,0
1565,2025-11-29,Grupo Ryanair,FR774,torino,14:45:00,En hora,189,Boeing 737-800,S,EU,Sábado,Tarde,0,0
1566,2025-11-29,Grupo Ryanair,FR3121,paris,14:50:00,En hora,189,Boeing 737-800,U,EU,Sábado,Tarde,0,0
1567,2025-11-29,Grupo Ryanair,FR6300,sofia,14:55:00,En hora,189,Boeing 737-800,U,EU,Sábado,Tarde,0,0
1568,2025-11-29,Grupo Ryanair,FR3189,fes,15:30:00,En hora,189,Boeing 737-800,Y,INT,Sábado,Tarde,0,0
1569,2025-11-29,Grupo wizz,W46728,venice,15:40:00,En hora,239,Airbus A321neo,U,EU,Sábado,Tarde,0,0
1570,2025-11-29,Grupo Ryanair,FR3807,charleroi,16:05:00,En hora,197,Boeing 737 MAX 8,U,EU,Sábado,Tarde,0,0
1571,2025-11-29,Grupo Ryanair,RR8384,budapest,16:10:00,En hora,189,Boeing 737-800,U,EU,Sábado,Tarde,0,0
1572,2025-11-29,Grupo Ryanair,FR7543,manchester,16:20:00,Retrasado,189,Boeing 737-800,Y,INT,Sábado,Tarde,0,0
1573,2025-11-29,Grupo Ryanair,FR3146,oujda,16:45:00,En hora,189,Boeing 737-800,Y,INT,Sábado,Tarde,0,0
1574,2025-11-29,Grupo Ryanair,FR269,milan,16:50:00,En hora,189,Boeing 737-800,U,EU,Sábado,Tarde,0,0
1575,2025-11-29,Grupo Ryanair,FR9015,london,17:00:00,En hora,197,Boeing 737 MAX 8,W,INT,Sábado,Tarde,0,0
1576,2025-11-29,Grupo Ryanair,FR5752,valletta,17:10:00,Retrasado,197,Boeing 737 MAX 8,S,EU,Sábado,Tarde,0,0
1577,2025-11-29,Grupo Ryanair,FR6874,dublin,17:40:00,En hora,189,Boeing 737-800,Y,INT,Sábado,Tarde,0,0
1578,2025-11-29,Grupo Ryanair,FR2233,al aaroui,17:50:00,En hora,189,Boeing 737-800,W,INT,Sábado,Tarde,0,0
1579,2025-11-29,Grupo Ryanair,FR2925,brussels,17:50:00,En hora,197,Boeing 737 MAX 8,S,EU,Sábado,Tarde,0,0
1580,2025-11-29,Grupo Ryanair,FR6353,milan,17:55:00,En hora,189,Boeing 737-800,U,EU,Sábado,Tarde,0,0
1581,2025-11-29,Bluebird Airways,BZ251,tel aviv,18:00:00,Retrasado,180,Airbus A320,Y,INT,Sábado,Tarde,0,0
1582,2025-11-29,Grupo easy,EC7103,"basel, switzerland/mulhouse",18:00:00,En hora,156,Airbus A319,R,EU,Sábado,Tarde,0,0
1583,2025-11-29,Norwegian Air Shuttle,DY1741,oslo,18:15:00,Retrasado,189,Boeing 737-800,U,EU,Sábado,Tarde,0,0
1584,2025-11-29,Grupo Ryanair,FR878,venice,18:15:00,Retrasado,197,Boeing 737 MAX 8,U,EU,Sábado,Tarde,0,0
1585,2025-11-29,Transavia,HV5134,amsterdam,18:15:00,Retrasado,232,Airbus A321neo,U,EU,Sábado,Tarde,0,0
1586,2025-11-29,Grupo Ryanair,FR3035,krakow,18:20:00,En hora,197,Boeing 737 MAX 8,S,EU,Sábado,Tarde,0,0
1587,2025-11-29,Grupo Ryanair,FR3792,birmingham,18:55:00,En hora,197,Boeing 737 MAX 8,Y,INT,Sábado,Tarde,0,0
1588,2025-11-29,Grupo wizz,W61176,katowice,18:55:00,En hora,239,Airbus A321neo,S,EU,Sábado,Tarde,0,0
1589,2025-11-29,Grupo wizz,W61478,warsaw,19:00:00,En hora,239,Airbus A321neo,S,EU,Sábado,Tarde,0,0
1590,2025-11-29,Grupo Ryanair,FR9045,london,19:05:00,En hora,189,Boeing 737-800,W,INT,Sábado,Tarde,0,0
1591,2025-11-29,Grupo Ryanair,FR5270,manchester,19:20:00,En hora,189,Boeing 737-800,W,INT,Sábado,Tarde,0,0
1592,2025-11-29,Volotea,V72327,strasbourg,19:20:00,Retrasado,180,Airbus A320,S,EU,Sábado,Tarde,0,0
1593,2025-11-29,Transavia,TO4757,paris,19:25:00,En hora,186,Airbus A320neo,U,EU,Sábado,Tarde,0,0
1594,2025-11-29,Grupo Ryanair,FR149,berlin,19:35:00,Retrasado,189,Boeing 737-800,U,EU,Sábado,Tarde,0,0
1595,2025-11-29,Grupo wizz,W64406,sofia,19:35:00,Retrasado,230,Airbus A321,S,EU,Sábado,Tarde,0,0
1596,2025-11-29,Air Baltic,BT878,tallinn,19:40:00,Retrasado,148,Airbus A220-300,S,EU,Sábado,Tarde,0,0
1597,2025-11-29,Grupo Ryanair,FR3078,lisbon,19:55:00,En hora,189,Boeing 737-800,S,EU,Sábado,Tarde,0,0
1598,2025-11-29,Grupo Ryanair,LW7351,vienna,20:05:00,En hora,180,Airbus A320,R,EU,Sábado,Noche,0,0
1599,2025-11-29,Grupo easy,EC1380,geneva,20:10:00,En hora,180,Airbus A320,R,EU,Sábado,Noche,0,0
1600,2025-11-29,Grupo Ryanair,FR867,venice,20:20:00,Retrasado,189,Boeing 737-800,U,EU,Sábado,Noche,0,0
1601,2025-11-29,Grupo Ryanair,FR9581,sevilla,20:25:00,En hora,189,Boeing 737-800,S,NAC,Sábado,Noche,0,0
1602,2025-11-29,T'Way Air,TW408,seoul/incheon,20:30:00,Retrasado,294,BOEING 777-300ER,W,INT,Sábado,Noche,0,0
1603,2025-11-29,Grupo Ryanair,FR3182,malaga,20:45:00,En hora,189,Boeing 737-800,S,NAC,Sábado,Noche,0,0
1604,2025-11-29,Grupo Ryanair,FR3928,trieste,20:45:00,En hora,189,Boeing 737-800,U,EU,Sábado,Noche,0,0
1605,2025-11-29,Transavia,TO4759,paris,20:45:00,En hora,186,Airbus A320neo,S,EU,Sábado,Noche,0,0
1606,2025-11-29,Grupo wizz,W62378,budapest,20:45:00,En hora,239,Airbus A321neo,U,EU,Sábado,Noche,0,0
1607,2025-11-29,Grupo Ryanair,FR4585,porto,20:50:00,En hora,189,Boeing 737-800,U,EU,Sábado,Noche,0,0
1608,2025-11-29,Grupo Ryanair,FR6267,edinburgh,20:55:00,En hora,189,Boeing 737-800,W,INT,Sábado,Noche,0,0
1609,2025-11-29,Grupo Ryanair,FR3174,ibiza,21:20:00,En hora,189,Boeing 737-800,S,NAC,Sábado,Noche,0,0
1610,2025-11-29,Grupo wizz,W43178,bucharest,21:20:00,En hora,230,Airbus A321,U,EU,Sábado,Noche,0,0
1611,2025-11-29,Grupo wizz,W43406,cluj-napoca,21:25:00,En hora,180,Airbus A320,S,EU,Sábado,Noche,0,0
1612,2025-11-29,Grupo Ryanair,FR5220,bologna,21:30:00,En hora,189,Boeing 737-800,S,EU,Sábado,Noche,0,0
1613,2025-11-29,Grupo Ryanair,RR3039,prague,21:35:00,En hora,197,Boeing 737 MAX 8,R,EU,Sábado,Noche,0,0
1614,2025-11-29,Grupo wizz,W46020,rome,21:35:00,En hora,239,Airbus A321neo,S,EU,Sábado,Noche,0,0
1615,2025-11-29,Grupo Ryanair,FR3800,birmingham,21:55:00,Retrasado,189,Boeing 737-800,Y,INT,Sábado,Noche,0,0
1616,2025-11-29,Grupo Ryanair,FR8574,rome,22:10:00,En hora,189,Boeing 737-800,U,EU,Sábado,Noche,0,0
1617,2025-11-29,Grupo wizz,W64116,belgrade,22:10:00,Retrasado,239,Airbus A321neo,W,INT,Sábado,Noche,0,0
1618,2025-11-29,Air Arabia Maroc,3O642,tanger,22:15:00,En hora,174,Airbus A320,Y,INT,Sábado,Noche,0,0
1619,2025-11-30,Grupo Ryanair,FR3180,rome,06:00:00,En hora,189,Boeing 737-800,S,EU,Domingo,Mañana,0,0
1620,2025-11-30,Grupo Ryanair,FR2834,charleroi,06:10:00,En hora,197,Boeing 737 MAX 8,U,EU,Domingo,Mañana,0,0
1621,2025-11-30,Grupo Ryanair,FR2918,brussels,06:25:00,En hora,189,Boeing 737-800,S,EU,Domingo,Mañana,0,0
1622,2025-11-30,Grupo Ryanair,FR4084,warsaw,06:25:00,En hora,189,Boeing 737-800,U,EU,Domingo,Mañana,0,0
1623,2025-11-30,Grupo Ryanair,FR2239,marrakech,06:30:00,En hora,189,Boeing 737-800,W,INT,Domingo,Mañana,0,0
1624,2025-11-30,Grupo Ryanair,FR2507,cologne-bonn,06:40:00,En hora,189,Boeing 737-800,U,EU,Domingo,Mañana,0,0
1625,2025-11-30,Grupo easy,EC7101,"basel, switzerland/mulhouse",06:50:00,En hora,156,Airbus A319,R,EU,Domingo,Mañana,0,0
1626,2025-11-30,Grupo easy,EC7191,glasgow,07:20:00,En hora,156,Airbus A319,M,INT,Domingo,Mañana,0,0
1627,2025-11-30,Grupo Ryanair,FR6597,manchester,07:30:00,En hora,189,Boeing 737-800,W,INT,Domingo,Mañana,0,0
1628,2025-11-30,Grupo Ryanair,FR3108,luxembourg,07:35:00,En hora,189,Boeing 737-800,S,EU,Domingo,Mañana,0,0
1629,2025-11-30,Grupo Ryanair,FR1165,sevilla,07:50:00,En hora,189,Boeing 737-800,S,NAC,Domingo,Mañana,0,0
1630,2025-11-30,Norwegian Air Sweden AOC,D85510,copenhagen,08:00:00,En hora,189,Boeing 737-800,U,EU,Domingo,Mañana,0,0
1631,2025-11-30,Grupo easy,EC7131,nice/cote d'azur,08:00:00,En hora,156,Airbus A319,R,EU,Domingo,Mañana,0,0
1632,2025-11-30,Grupo easy,EC3754,milan,08:25:00,En hora,180,Airbus A320,R,EU,Domingo,Mañana,0,0
1633,2025-11-30,Grupo Ryanair,FR878,venice,08:30:00,En hora,189,Boeing 737-800,U,EU,Domingo,Mañana,0,0
1634,2025-11-30,Grupo easy,EC1376,geneva,08:35:00,En hora,156,Airbus A319,R,EU,Domingo,Mañana,0,0
1635,2025-11-30,Volotea,V73735,murcia,08:40:00,En hora,180,Airbus A320,S,NAC,Domingo,Mañana,0,0
1636,2025-11-30,Grupo Ryanair,RR1786,vilnius,09:00:00,En hora,197,Boeing 737 MAX 8,U,EU,Domingo,Mañana,0,0
1637,2025-11-30,Grupo Ryanair,FR3028,ibiza,09:05:00,En hora,197,Boeing 737 MAX 8,S,NAC,Domingo,Mañana,0,0
1638,2025-11-30,Grupo wizz,W62048,krakow,09:05:00,Retrasado,239,Airbus A321neo,S,EU,Domingo,Mañana,0,0
1639,2025-11-30,Grupo Ryanair,RR3193,riga,09:10:00,En hora,189,Boeing 737-800,U,EU,Domingo,Mañana,0,0
1640,2025-11-30,Eurowings,EW7521,hamburg,09:25:00,Retrasado,150,Airbus A319,U,EU,Domingo,Mañana,0,0
1641,2025-11-30,Grupo wizz,W43176,bucharest,09:25:00,En hora,230,Airbus A321,S,EU,Domingo,Mañana,0,0
1642,2025-11-30,Grupo wizz,W45088,tirana,09:25:00,En hora,230,Airbus A321,W,INT,Domingo,Mañana,0,0
1643,2025-11-30,Grupo wizz,W62376,budapest,09:25:00,Retrasado,239,Airbus A321neo,S,EU,Domingo,Mañana,0,0
1644,2025-11-30,Grupo Ryanair,FR4545,porto,09:35:00,En hora,189,Boeing 737-800,R,EU,Domingo,Mañana,0,0
1645,2025-11-30,Grupo wizz,W42938,vienna,09:35:00,En hora,239,Airbus A321neo,S,EU,Domingo,Mañana,0,0
1646,2025-11-30,Grupo easy,EC7656,lisbon,09:45:00,En hora,230,Airbus A321,R,EU,Domingo,Mañana,0,0
1647,2025-11-30,Grupo Ryanair,RR333,gdansk,09:45:00,Retrasado,189,Boeing 737-800,U,EU,Domingo,Mañana,0,0
1648,2025-11-30,Grupo Ryanair,RR8384,budapest,09:45:00,Retrasado,197,Boeing 737 MAX 8,S,EU,Domingo,Mañana,0,0
1649,2025-11-30,Grupo Ryanair,FR2495,palma de mallorca,09:50:00,En hora,189,Boeing 737-800,R,NAC,Domingo,Mañana,0,0
1650,2025-11-30,Grupo Ryanair,FR6341,rome,09:55:00,En hora,189,Boeing 737-800,U,EU,Domingo,Mañana,0,0
1651,2025-11-30,Grupo Ryanair,RR3049,krakow,09:55:00,Retrasado,197,Boeing 737 MAX 8,R,EU,Domingo,Mañana,0,0
1652,2025-11-30,Grupo Ryanair,FR8231,london,10:00:00,En hora,189,Boeing 737-800,W,INT,Domingo,Mañana,0,0
1653,2025-11-30,Grupo wizz,W46018,rome,10:00:00,En hora,239,Airbus A321neo,U,EU,Domingo,Mañana,0,0
1654,2025-11-30,Grupo Ryanair,FR6874,dublin,10:05:00,En hora,197,Boeing 737 MAX 8,Y,INT,Domingo,Mañana,0,0
1655,2025-11-30,Grupo Ryanair,LW7351,vienna,10:10:00,En hora,180,Airbus A320,S,EU,Domingo,Mañana,0,0
1656,2025-11-30,Grupo wizz,W61476,warsaw,10:15:00,En hora,239,Airbus A321neo,U,EU,Domingo,Mañana,0,0
1657,2025-11-30,Grupo Ryanair,FR575,bologna,10:20:00,En hora,189,Boeing 737-800,U,EU,Domingo,Mañana,0,0
1658,2025-11-30,Grupo Ryanair,FR6267,edinburgh,10:30:00,En hora,189,Boeing 737-800,Y,INT,Domingo,Mañana,0,0
1659,2025-11-30,Grupo Ryanair,FR7543,manchester,10:40:00,En hora,197,Boeing 737 MAX 8,W,INT,Domingo,Mañana,0,0
1660,2025-11-30,Grupo Ryanair,FR1279,copenhagen,10:45:00,En hora,189,Boeing 737-800,S,EU,Domingo,Mañana,0,0
1661,2025-11-30,Grupo Ryanair,FR3143,milan,10:45:00,En hora,197,Boeing 737 MAX 8,U,EU,Domingo,Mañana,0,0
1662,2025-11-30,Azerbaijan Airlines,J246,baku,10:45:00,Retrasado,174,Airbus A320,Y,INT,Domingo,Mañana,0,0
1663,2025-11-30,Grupo Ryanair,FR3166,palermo,11:00:00,Retrasado,189,Boeing 737-800,S,EU,Domingo,Mañana,0,0
1664,2025-11-30,Norwegian Air Shuttle,DY1741,oslo,11:15:00,En hora,189,Boeing 737 MAX 8,S,EU,Domingo,Mañana,0,0
1665,2025-11-30,Aer Lingus,EI563,dublin,11:30:00,En hora,186,Airbus A320neo,W,INT,Domingo,Mañana,0,0
1666,2025-11-30,Grupo easy,EC7139,rennes/saint-jacques,11:45:00,En hora,180,Airbus A320,R,EU,Domingo,Mañana,0,0
1667,2025-11-30,Icelandair,FI597,keflavik,11:50:00,En hora,160,Boeing 737 MAX 8,R,EU,Domingo,Mañana,0,0
1668,2025-11-30,Grupo Ryanair,LW2889,palma de mallorca,11:55:00,En hora,180,Airbus A320,R,NAC,Domingo,Mañana,0,0
1669,2025-11-30,Volotea,V72327,strasbourg,11:55:00,En hora,156,Airbus A319,S,EU,Domingo,Mañana,0,0
1670,2025-11-30,Grupo Ryanair,FR3129,ibiza,12:05:00,En hora,189,Boeing 737-800,S,NAC,Domingo,Tarde,0,0
1671,2025-11-30,Grupo Ryanair,FR3976,dublin,12:25:00,En hora,197,Boeing 737 MAX 8,W,INT,Domingo,Tarde,0,0
1672,2025-11-30,Grupo Ryanair,FR1527,valletta,12:30:00,En hora,189,Boeing 737-800,U,EU,Domingo,Tarde,0,0
1673,2025-11-30,Grupo Ryanair,FR2402,sevilla,12:30:00,En hora,189,Boeing 737-800,S,NAC,Domingo,Tarde,0,0
1674,2025-11-30,Volotea,V72167,lille/lesquin,12:35:00,En hora,180,Airbus A320,S,EU,Domingo,Tarde,0,0
1675,2025-11-30,Grupo Ryanair,FR6300,sofia,12:45:00,En hora,189,Boeing 737-800,S,EU,Domingo,Tarde,0,0
1676,2025-11-30,Pegasus Airlines,PC1092,istanbul,12:45:00,En hora,220,Airbus A321,Y,INT,Domingo,Tarde,0,0
1677,2025-11-30,Grupo Ryanair,FR2511,cologne-bonn,12:55:00,En hora,189,Boeing 737-800,U,EU,Domingo,Tarde,0,0
1678,2025-11-30,Grupo Ryanair,FR8598,reggio calabria,13:05:00,En hora,189,Boeing 737-800,U,EU,Domingo,Tarde,0,0
1679,2025-11-30,Volotea,V71445,olbia,13:05:00,En hora,180,Airbus A320,S,EU,Domingo,Tarde,0,0
1680,2025-11-30,Grupo wizz,W46330,milan,13:10:00,Retrasado,230,Airbus A321,S,EU,Domingo,Tarde,0,0
1681,2025-11-30,Grupo Ryanair,FR3121,paris,13:20:00,En hora,189,Boeing 737-800,U,EU,Domingo,Tarde,0,0
1682,2025-11-30,Grupo easy,U28056,london,13:25:00,En hora,156,Airbus A319,M,INT,Domingo,Tarde,0,0
1683,2025-11-30,Grupo easy,EC1380,geneva,13:40:00,En hora,180,Airbus A320,R,EU,Domingo,Tarde,0,0
1684,2025-11-30,Grupo Ryanair,FR9811,london,13:40:00,En hora,189,Boeing 737-800,W,INT,Domingo,Tarde,0,0
1685,2025-11-30,Grupo Ryanair,FR483,malaga,13:50:00,En hora,189,Boeing 737-800,S,NAC,Domingo,Tarde,0,0
1686,2025-11-30,Air Baltic,BT684,riga,14:05:00,En hora,148,Airbus A220-300,S,EU,Domingo,Tarde,0,0
1687,2025-11-30,Grupo easy,EC7153,milan,14:05:00,En hora,156,Airbus A319,R,EU,Domingo,Tarde,0,0
1688,2025-11-30,Grupo Ryanair,FR1342,palma de mallorca,14:05:00,En hora,189,Boeing 737-800,U,NAC,Domingo,Tarde,0,0
1689,2025-11-30,Grupo Ryanair,FR6920,dublin,14:05:00,En hora,197,Boeing 737 MAX 8,W,INT,Domingo,Tarde,0,0
1690,2025-11-30,Grupo Ryanair,FR4585,porto,14:10:00,En hora,189,Boeing 737-800,S,EU,Domingo,Tarde,0,0
1691,2025-11-30,SunExpress,XQ895,izmir,14:15:00,En hora,189,Boeing 737-800,Y,INT,Domingo,Tarde,0,0
1692,2025-11-30,Transavia,HV5132,amsterdam,14:20:00,En hora,189,Boeing 737-800,U,EU,Domingo,Tarde,0,0
1693,2025-11-30,Grupo easy,EC7107,geneva,14:25:00,En hora,156,Airbus A319,R,EU,Domingo,Tarde,0,0
1694,2025-11-30,Norwegian Air Sweden AOC,D85502,stockholm,14:40:00,En hora,189,Boeing 737-800,U,EU,Domingo,Tarde,0,0
1695,2025-11-30,Bluebird Airways,BZ251,tel aviv,14:45:00,En hora,189,Boeing 737-800,Y,INT,Domingo,Tarde,0,0
1696,2025-11-30,Grupo Ryanair,FR269,milan,14:55:00,En hora,189,Boeing 737-800,S,EU,Domingo,Tarde,0,0
1697,2025-11-30,SmartWings,QS1059,prague,14:55:00,En hora,189,Boeing 737-800,U,EU,Domingo,Tarde,0,0
1698,2025-11-30,Grupo Ryanair,FR3320,milan,15:00:00,En hora,189,Boeing 737-800,S,EU,Domingo,Tarde,0,0
1699,2025-11-30,Grupo Ryanair,FR774,torino,15:15:00,En hora,189,Boeing 737-800,S,EU,Domingo,Tarde,0,0
1700,2025-11-30,Grupo Ryanair,RR3072,prague,15:15:00,En hora,189,Boeing 737-800,U,EU,Domingo,Tarde,0,0
1701,2025-11-30,Transavia,TO4755,paris,15:15:00,Retrasado,186,Airbus A320neo,U,EU,Domingo,Tarde,0,0
1702,2025-11-30,Grupo easy,EC7694,lisbon,15:20:00,Retrasado,180,Airbus A320,R,EU,Domingo,Tarde,0,0
1703,2025-11-30,Grupo Ryanair,FR6973,rome,15:30:00,Retrasado,197,Boeing 737 MAX 8,S,EU,Domingo,Tarde,0,0
1704,2025-11-30,Air Arabia Maroc,3O378,tanger,15:35:00,Retrasado,174,Airbus A320,Y,INT,Domingo,Tarde,0,0
1705,2025-11-30,Grupo wizz,W46728,venice,15:40:00,En hora,239,Airbus A321neo,U,EU,Domingo,Tarde,0,0
1706,2025-11-30,Grupo Ryanair,FR133,berlin,16:15:00,En hora,189,Boeing 737-800,S,EU,Domingo,Tarde,0,0
1707,2025-11-30,Grupo Ryanair,FR2922,brussels,16:15:00,En hora,189,Boeing 737-800,S,EU,Domingo,Tarde,0,0
1708,2025-11-30,Grupo easy,EC7173,berlin,16:30:00,En hora,180,Airbus A320,R,EU,Domingo,Tarde,0,0
1709,2025-11-30,Grupo Ryanair,FR9814,london,16:40:00,En hora,189,Boeing 737-800,W,INT,Domingo,Tarde,0,0
1710,2025-11-30,Grupo Ryanair,FR8669,dublin,16:55:00,En hora,189,Boeing 737-800,W,INT,Domingo,Tarde,0,0
1711,2025-11-30,Air Arabia Maroc,3O374,casablanca,17:00:00,En hora,174,Airbus A320,Y,INT,Domingo,Tarde,0,0
1712,2025-11-30,Grupo Ryanair,FR2250,marrakech,17:00:00,Retrasado,189,Boeing 737-800,Y,INT,Domingo,Tarde,0,0
1713,2025-11-30,Grupo Ryanair,RR8394,budapest,17:15:00,Retrasado,197,Boeing 737 MAX 8,U,EU,Domingo,Tarde,0,0
1714,2025-11-30,Grupo Ryanair,FR5718,bratislava,17:20:00,Retrasado,189,Boeing 737-800,S,EU,Domingo,Tarde,0,0
1715,2025-11-30,Grupo Ryanair,FR12,vienna,17:40:00,En hora,189,Boeing 737-800,S,EU,Domingo,Tarde,0,0
1716,2025-11-30,Volotea,V73573,asturias,17:40:00,Retrasado,156,Airbus A319,U,NAC,Domingo,Tarde,0,0
1717,2025-11-30,Grupo Ryanair,RR5252,krakow,17:50:00,En hora,189,Boeing 737-800,U,EU,Domingo,Tarde,0,0
1718,2025-11-30,Grupo Ryanair,FR1681,frankfurt-hahn,18:00:00,En hora,189,Boeing 737-800,U,EU,Domingo,Tarde,0,0
1719,2025-11-30,Grupo Ryanair,FR777,venice,18:00:00,En hora,197,Boeing 737 MAX 8,U,EU,Domingo,Tarde,0,0
1720,2025-11-30,Grupo Ryanair,FR6305,milan,18:05:00,En hora,189,Boeing 737-800,S,EU,Domingo,Tarde,0,0
1721,2025-11-30,Grupo easy,EC7109,geneva,18:15:00,En hora,156,Airbus A319,R,EU,Domingo,Tarde,0,0
1722,2025-11-30,Volotea,V73700,vitoria,18:20:00,En hora,180,Airbus A320,U,NAC,Domingo,Tarde,0,0
1723,2025-11-30,Grupo Ryanair,FR2406,sevilla,18:30:00,En hora,189,Boeing 737-800,U,NAC,Domingo,Tarde,0,0
1724,2025-11-30,Grupo wizz,W43686,iasi,18:30:00,En hora,180,Airbus A320,S,EU,Domingo,Tarde,0,0
1725,2025-11-30,Jet2,LS804,manchester,18:35:00,En hora,189,Boeing 737-800,W,INT,Domingo,Tarde,0,0
1726,2025-11-30,Grupo easy,EC7103,"basel, switzerland/mulhouse",18:45:00,Retrasado,156,Airbus A319,R,EU,Domingo,Tarde,0,0
1727,2025-11-30,Grupo Ryanair,FR8631,tanger,18:45:00,En hora,189,Boeing 737-800,W,INT,Domingo,Tarde,0,0
1728,2025-11-30,Transavia,HV6066,rotterdam,18:50:00,En hora,189,Boeing 737-800,S,EU,Domingo,Tarde,0,0
1729,2025-11-30,Grupo easy,U25716,southend,18:55:00,En hora,186,Airbus A320neo,M,INT,Domingo,Tarde,0,0
1730,2025-11-30,Grupo wizz,W61176,katowice,18:55:00,En hora,180,Airbus A320,S,EU,Domingo,Tarde,0,0
1731,2025-11-30,Grupo wizz,W61478,warsaw,19:00:00,En hora,239,Airbus A321neo,S,EU,Domingo,Tarde,0,0
1732,2025-11-30,Grupo easy,EC7159,milan,19:05:00,Retrasado,156,Airbus A319,R,EU,Domingo,Tarde,0,0
1733,2025-11-30,Grupo wizz,W43180,bucharest,19:05:00,En hora,230,Airbus A321,S,EU,Domingo,Tarde,0,0
1734,2025-11-30,Grupo Ryanair,FR6394,dublin,19:10:00,En hora,197,Boeing 737 MAX 8,Y,INT,Domingo,Tarde,0,0
1735,2025-11-30,Grupo Ryanair,FR3160,bristol,19:25:00,Retrasado,189,Boeing 737-800,Y,INT,Domingo,Tarde,0,0
1736,2025-11-30,Volotea,V72165,nantes/atlantique,19:30:00,En hora,156,Airbus A319,S,EU,Domingo,Tarde,0,0
1737,2025-11-30,Grupo wizz,W64406,sofia,19:35:00,En hora,239,Airbus A321neo,U,EU,Domingo,Tarde,0,0
1738,2025-11-30,Grupo Ryanair,FR2233,al aaroui,19:40:00,En hora,189,Boeing 737-800,W,INT,Domingo,Tarde,0,0
1739,2025-11-30,Grupo easy,EC3750,milan,19:45:00,Retrasado,180,Airbus A320,R,EU,Domingo,Tarde,0,0
1740,2025-11-30,Grupo Ryanair,FR5710,napoli,19:45:00,En hora,189,Boeing 737-800,U,EU,Domingo,Tarde,0,0
1741,2025-11-30,Grupo Ryanair,FR9015,london,19:45:00,En hora,189,Boeing 737-800,Y,INT,Domingo,Tarde,0,0
1742,2025-11-30,Grupo easy,U28058,london,19:45:00,En hora,180,Airbus A320,M,INT,Domingo,Tarde,0,0
1743,2025-11-30,Grupo wizz,W64666,larnaca,19:55:00,Retrasado,230,Airbus A321,W,INT,Domingo,Tarde,0,0
1744,2025-11-30,Grupo Ryanair,FR8136,ibiza,20:10:00,En hora,189,Boeing 737-800,R,NAC,Domingo,Noche,0,0
1745,2025-11-30,Grupo wizz,W62096,krakow,20:10:00,Retrasado,239,Airbus A321neo,S,EU,Domingo,Noche,0,0
1746,2025-11-30,Grupo easy,EC4212,napoli,20:20:00,En hora,180,Airbus A320,R,EU,Domingo,Noche,0,0
1747,2025-11-30,Transavia,HV6788,eindhoven,20:20:00,En hora,189,Boeing 737-800,S,EU,Domingo,Noche,0,0
1748,2025-11-30,Grupo wizz,W67022,bratislava,20:20:00,Retrasado,239,Airbus A321neo,S,EU,Domingo,Noche,0,0
1749,2025-11-30,Grupo Ryanair,FR6985,rome,20:30:00,Retrasado,197,Boeing 737 MAX 8,R,EU,Domingo,Noche,0,0
1750,2025-11-30,Eurowings,EW521,cologne-bonn,20:35:00,Retrasado,180,Airbus A320,U,EU,Domingo,Noche,0,0
1751,2025-11-30,Air Serbia,JU585,belgrade,20:35:00,Retrasado,144,Airbus A319,Y,INT,Domingo,Noche,0,0
1752,2025-11-30,Norwegian Air Sweden AOC,D83659,copenhagen,20:40:00,En hora,189,Boeing 737 MAX 8,S,EU,Domingo,Noche,0,0
1753,2025-11-30,Eurowings,EW2521,stuttgart,20:40:00,En hora,180,Airbus A320,U,EU,Domingo,Noche,0,0
1754,2025-11-30,Grupo Ryanair,FR4587,porto,20:40:00,En hora,189,Boeing 737-800,R,EU,Domingo,Noche,0,0
1755,2025-11-30,Luxair,LG3596,luxembourg,20:40:00,Retrasado,141,Boeing 737-700,U,EU,Domingo,Noche,0,0
1756,2025-11-30,Transavia,TO4759,paris,20:45:00,En hora,189,Boeing 737-800,U,EU,Domingo,Noche,0,0
1757,2025-11-30,Grupo wizz,W62378,budapest,20:45:00,Retrasado,239,Airbus A321neo,S,EU,Domingo,Noche,0,0
1758,2025-11-30,Grupo Ryanair,FR6275,edinburgh,20:50:00,En hora,197,Boeing 737 MAX 8,W,INT,Domingo,Noche,0,0
1759,2025-11-30,Grupo Ryanair,RR6944,warsaw,20:50:00,En hora,189,Boeing 737-800,R,EU,Domingo,Noche,0,0
1760,2025-11-30,Grupo easy,U22326,london,20:55:00,En hora,186,Airbus A320neo,M,INT,Domingo,Noche,0,0
1761,2025-11-30,Grupo wizz,W64738,skopje,20:55:00,Retrasado,239,Airbus A321neo,W,INT,Domingo,Noche,0,0
1762,2025-11-30,Grupo Ryanair,RR8615,budapest,21:00:00,En hora,189,Boeing 737-800,R,EU,Domingo,Noche,0,0
1763,2025-11-30,Aer Lingus,EI565,dublin,21:05:00,En hora,174,Airbus A320,W,INT,Domingo,Noche,0,0
1764,2025-11-30,Grupo Ryanair,FR2896,palma de mallorca,21:15:00,En hora,189,Boeing 737-800,R,NAC,Domingo,Noche,0,0
1765,2025-11-30,Transavia,HV5134,amsterdam,21:15:00,Retrasado,189,Boeing 737-800,S,EU,Domingo,Noche,0,0
1766,2025-11-30,Grupo Ryanair,FR3792,birmingham,21:20:00,En hora,189,Boeing 737-800,Y,INT,Domingo,Noche,0,0
1767,2025-11-30,Grupo wizz,W43178,bucharest,21:20:00,En hora,230,Airbus A321,U,EU,Domingo,Noche,0,0
1768,2025-11-30,Grupo wizz,W43406,cluj-napoca,21:25:00,Retrasado,180,Airbus A320,U,EU,Domingo,Noche,0,0
1769,2025-11-30,Grupo easy,U28060,london,21:30:00,En hora,156,Airbus A319,M,INT,Domingo,Noche,0,0
1770,2025-11-30,Grupo wizz,W46020,rome,21:35:00,Retrasado,239,Airbus A321neo,S,EU,Domingo,Noche,0,0
1771,2025-11-30,Grupo Ryanair,FR5752,valletta,21:45:00,En hora,197,Boeing 737 MAX 8,S,EU,Domingo,Noche,0,0
1772,2025-11-30,Grupo easy,U22706,bristol,21:50:00,En hora,186,Airbus A320neo,M,INT,Domingo,Noche,0,0
1773,2025-11-30,Volotea,V71415,verona,21:55:00,En hora,180,Airbus A320,U,EU,Domingo,Noche,0,0
1774,2025-11-30,Grupo wizz,W64116,belgrade,21:55:00,En hora,239,Airbus A321neo,W,INT,Domingo,Noche,0,0
1775,2025-11-30,Grupo wizz,W45154,tirana,22:45:00,Retrasado,230,Airbus A321,W,INT,Domingo,Noche,0,0
1776,2025-11-30,Grupo Ryanair,FR5220,bologna,22:50:00,En hora,197,Boeing 737 MAX 8,S,EU,Domingo,Noche,0,0
1777,2025-11-30,Grupo wizz,W61706,gdansk,22:50:00,En hora,230,Airbus A321,U,EU,Domingo,Noche,0,0
1778,2025-11-30,Grupo Ryanair,FR9406,fes,23:15:00,En hora,189,Boeing 737-800,Y,INT,Domingo,Noche,0,0
1779,2025-12-01,Grupo Ryanair,FR3180,rome,06:00:00,En hora,189,Boeing 737-800,S,EU,Lunes,Mañana,0,0
1780,2025-12-01,Grupo Ryanair,FR846,milan,06:10:00,En hora,189,Boeing 737-800,S,EU,Lunes,Mañana,0,0
1781,2025-12-01,Grupo easy,EC7105,geneva,06:15:00,En hora,156,Airbus A319,R,EU,Lunes,Mañana,0,0
1782,2025-12-01,Grupo Ryanair,FR2233,al aaroui,06:20:00,En hora,189,Boeing 737-800,W,INT,Lunes,Mañana,0,0
1783,2025-12-01,Grupo Ryanair,FR8384,budapest,06:25:00,En hora,197,Boeing 737 MAX 8,U,EU,Lunes,Mañana,0,0
1784,2025-12-01,Grupo Ryanair,FR3078,lisbon,06:30:00,En hora,189,Boeing 737-800,S,EU,Lunes,Mañana,0,0
1785,2025-12-01,Grupo easy,EC8062,london,06:45:00,Retrasado,156,Airbus A319,M,INT,Lunes,Mañana,0,0
1786,2025-12-01,Grupo Ryanair,FR3035,krakow,06:45:00,En hora,189,Boeing 737-800,U,EU,Lunes,Mañana,0,0
1787,2025-12-01,Grupo Ryanair,FR8215,london,06:45:00,En hora,197,Boeing 737 MAX 8,Y,INT,Lunes,Mañana,0,0
1788,2025-12-01,Grupo easy,EC7141,strasbourg,07:20:00,En hora,156,Airbus A319,R,EU,Lunes,Mañana,0,0
1789,2025-12-01,Grupo easy,EC7151,milan,07:20:00,En hora,156,Airbus A319,R,EU,Lunes,Mañana,0,0
1790,2025-12-01,Grupo Ryanair,FR3028,ibiza,07:35:00,En hora,189,Boeing 737-800,S,NAC,Lunes,Mañana,0,0
1791,2025-12-01,Grupo Ryanair,LW1342,palma de mallorca,07:40:00,En hora,180,Airbus A320,R,NAC,Lunes,Mañana,0,0
1792,2025-12-01,Grupo Ryanair,FR1165,sevilla,07:55:00,En hora,189,Boeing 737-800,U,NAC,Lunes,Mañana,0,0
1793,2025-12-01,Norwegian Air Sweden AOC,D85510,copenhagen,08:00:00,En hora,189,Boeing 737-800,R,EU,Lunes,Mañana,0,0
1794,2025-12-01,Grupo Ryanair,FR58,napoli,08:35:00,Retrasado,197,Boeing 737 MAX 8,U,EU,Lunes,Mañana,0,0
1795,2025-12-01,Grupo Ryanair,FR575,bologna,08:40:00,En hora,189,Boeing 737-800,S,EU,Lunes,Mañana,0,0
1796,2025-12-01,Grupo easy,EC1376,geneva,08:45:00,En hora,156,Airbus A319,R,EU,Lunes,Mañana,0,0
1797,2025-12-01,Grupo Ryanair,LW12,vienna,09:00:00,En hora,180,Airbus A320,S,EU,Lunes,Mañana,0,0
1798,2025-12-01,Grupo Ryanair,FR6078,ouarzazate,09:05:00,En hora,189,Boeing 737-800,Y,INT,Lunes,Mañana,0,0
1799,2025-12-01,Grupo wizz,W62048,krakow,09:05:00,En hora,239,Airbus A321neo,U,EU,Lunes,Mañana,0,0
1800,2025-12-01,Volotea,V72327,strasbourg,09:10:00,Retrasado,156,Airbus A319,R,EU,Lunes,Mañana,0,0
1801,2025-12-01,Air Arabia Maroc,3O398,rabat,09:20:00,En hora,174,Airbus A320,Y,INT,Lunes,Mañana,0,0
1802,2025-12-01,Eurowings,EW2521,stuttgart,09:20:00,Retrasado,150,Airbus A319,S,EU,Lunes,Mañana,0,0
1803,2025-12-01,Grupo wizz,W43176,bucharest,09:25:00,En hora,230,Airbus A321,U,EU,Lunes,Mañana,0,0
1804,2025-12-01,Grupo wizz,W45088,tirana,09:25:00,En hora,230,Airbus A321,W,INT,Lunes,Mañana,0,0
1805,2025-12-01,Grupo wizz,W62376,budapest,09:25:00,Retrasado,239,Airbus A321neo,U,EU,Lunes,Mañana,0,0
1806,2025-12-01,Volotea,V73573,asturias,09:30:00,En hora,156,Airbus A319,S,NAC,Lunes,Mañana,0,0
1807,2025-12-01,Grupo easy,EC1030,"basel, switzerland/mulhouse",09:35:00,En hora,180,Airbus A320,R,EU,Lunes,Mañana,0,0
1808,2025-12-01,Grupo Ryanair,FR2834,charleroi,09:40:00,En hora,189,Boeing 737-800,U,EU,Lunes,Mañana,0,0
1809,2025-12-01,Transavia,HV6062,rotterdam,09:40:00,En hora,189,Boeing 737-800,S,EU,Lunes,Mañana,0,0
1810,2025-12-01,Eurowings,EW9441,dusseldorf,09:45:00,En hora,226,Airbus A321,R,EU,Lunes,Mañana,0,0
1811,2025-12-01,Grupo Ryanair,FR2495,palma de mallorca,09:45:00,En hora,189,Boeing 737-800,R,NAC,Lunes,Mañana,0,0
1812,2025-12-01,Grupo Ryanair,FR4545,porto,09:50:00,En hora,189,Boeing 737-800,S,EU,Lunes,Mañana,0,0
1813,2025-12-01,Air Serbia,JU581,belgrade,09:55:00,Retrasado,144,Airbus A319,W,INT,Lunes,Mañana,0,0
1814,2025-12-01,Grupo easy,EC7656,lisbon,10:00:00,En hora,230,Airbus A321,R,EU,Lunes,Mañana,0,0
1815,2025-12-01,Transavia,HV5132,amsterdam,10:05:00,Retrasado,189,Boeing 737-800,S,EU,Lunes,Mañana,0,0
1816,2025-12-01,Grupo wizz,W46018,rome,10:05:00,Retrasado,239,Airbus A321neo,U,EU,Lunes,Mañana,0,0
1817,2025-12-01,Grupo Ryanair,FR9175,bristol,10:10:00,En hora,189,Boeing 737-800,Y,INT,Lunes,Mañana,0,0
1818,2025-12-01,Grupo Ryanair,FR6559,liverpool,10:15:00,En hora,189,Boeing 737-800,Y,INT,Lunes,Mañana,0,0
1819,2025-12-01,Grupo wizz,W61476,warsaw,10:15:00,En hora,230,Airbus A321,U,EU,Lunes,Mañana,0,0
1820,2025-12-01,Grupo Ryanair,FR3143,milan,10:20:00,En hora,189,Boeing 737-800,U,EU,Lunes,Mañana,0,0
1821,2025-12-01,Grupo easy,U22324,london,10:25:00,En hora,186,Airbus A320neo,M,INT,Lunes,Mañana,0,0
1822,2025-12-01,Grupo Ryanair,FR7808,london,10:35:00,En hora,197,Boeing 737 MAX 8,W,INT,Lunes,Mañana,0,0
1823,2025-12-01,Grupo easy,EC7131,nice/cote d'azur,10:40:00,En hora,156,Airbus A319,R,EU,Lunes,Mañana,0,0
1824,2025-12-01,Grupo easy,U28056,london,10:40:00,En hora,156,Airbus A319,M,INT,Lunes,Mañana,0,0
1825,2025-12-01,Grupo Ryanair,FR2239,marrakech,10:45:00,Retrasado,189,Boeing 737-800,Y,INT,Lunes,Mañana,0,0
1826,2025-12-01,Grupo Ryanair,FR3121,paris,10:45:00,En hora,189,Boeing 737-800,U,EU,Lunes,Mañana,0,0
1827,2025-12-01,Grupo Ryanair,FR3976,dublin,10:45:00,En hora,189,Boeing 737-800,Y,INT,Lunes,Mañana,0,0
1828,2025-12-01,Grupo Ryanair,FR3039,prague,10:55:00,En hora,189,Boeing 737-800,R,EU,Lunes,Mañana,0,0
1829,2025-12-01,Grupo Ryanair,FR9045,london,11:00:00,En hora,189,Boeing 737-800,W,INT,Lunes,Mañana,0,0
1830,2025-12-01,Grupo easy,U22002,manchester,11:20:00,En hora,180,Airbus A320,M,INT,Lunes,Mañana,0,0
1831,2025-12-01,Aer Lingus,EI563,dublin,11:30:00,En hora,174,Airbus A320,Y,INT,Lunes,Mañana,0,0
1832,2025-12-01,Grupo Ryanair,FR7539,milan,11:30:00,En hora,189,Boeing 737-800,U,EU,Lunes,Mañana,0,0
1833,2025-12-01,Transavia,TO4755,paris,11:30:00,Retrasado,189,Boeing 737-800,R,EU,Lunes,Mañana,0,0
1834,2025-12-01,Grupo Ryanair,FR1279,copenhagen,11:35:00,En hora,189,Boeing 737-800,S,EU,Lunes,Mañana,0,0
1835,2025-12-01,Grupo easy,EC7197,birmingham,11:40:00,En hora,156,Airbus A319,M,INT,Lunes,Mañana,0,0
1836,2025-12-01,Grupo Ryanair,FR777,venice,11:55:00,En hora,197,Boeing 737 MAX 8,S,EU,Lunes,Mañana,0,0
1837,2025-12-01,Grupo Ryanair,FR8217,london,12:00:00,En hora,189,Boeing 737-800,W,INT,Lunes,Tarde,0,0
1838,2025-12-01,Grupo Ryanair,FR6973,rome,12:35:00,Retrasado,197,Boeing 737 MAX 8,S,EU,Lunes,Tarde,0,0
1839,2025-12-01,Grupo Ryanair,FR774,torino,12:40:00,En hora,189,Boeing 737-800,U,EU,Lunes,Tarde,0,0
1840,2025-12-01,Grupo Ryanair,FR483,malaga,12:45:00,Retrasado,189,Boeing 737-800,S,NAC,Lunes,Tarde,0,0
1841,2025-12-01,Pegasus Airlines,PC1092,istanbul,12:45:00,Retrasado,220,Airbus A321,W,INT,Lunes,Tarde,0,0
1842,2025-12-01,Norwegian Air Sweden AOC,D83657,copenhagen,12:50:00,En hora,189,Boeing 737-800,S,EU,Lunes,Tarde,0,0
1843,2025-12-01,Grupo easy,EC7137,lyon,12:55:00,En hora,156,Airbus A319,R,EU,Lunes,Tarde,0,0
1844,2025-12-01,Grupo wizz,W67022,bratislava,12:55:00,En hora,239,Airbus A321neo,S,EU,Lunes,Tarde,0,0
1845,2025-12-01,Grupo Ryanair,FR3108,luxembourg,13:00:00,En hora,197,Boeing 737 MAX 8,U,EU,Lunes,Tarde,0,0
1846,2025-12-01,Grupo wizz,W46330,milan,13:10:00,Retrasado,239,Airbus A321neo,U,EU,Lunes,Tarde,0,0
1847,2025-12-01,Grupo Ryanair,FR8631,tanger,13:20:00,En hora,189,Boeing 737-800,W,INT,Lunes,Tarde,0,0
1848,2025-12-01,HiSky,H4264,bucharest,13:20:00,En hora,186,Airbus A320,R,EU,Lunes,Tarde,0,0
1849,2025-12-01,Norwegian Air Sweden AOC,D81741,oslo,13:25:00,En hora,189,Boeing 737-800,U,EU,Lunes,Tarde,0,0
1850,2025-12-01,Eurowings,EW521,cologne-bonn,13:25:00,Retrasado,180,Airbus A320,S,EU,Lunes,Tarde,0,0
1851,2025-12-01,Pegasus Airlines,PC1528,izmir,13:30:00,En hora,180,Airbus A320,W,INT,Lunes,Tarde,0,0
1852,2025-12-01,Luxair,LG3592,luxembourg,13:35:00,Retrasado,76,de Havilland Dash 8-400,U,EU,Lunes,Tarde,0,0
1853,2025-12-01,Grupo easy,EC7153,milan,13:40:00,En hora,156,Airbus A319,R,EU,Lunes,Tarde,0,0
1854,2025-12-01,Grupo Ryanair,FR4585,porto,13:40:00,En hora,189,Boeing 737-800,U,EU,Lunes,Tarde,0,0
1855,2025-12-01,Grupo Ryanair,FR3189,fes,13:50:00,En hora,189,Boeing 737-800,Y,INT,Lunes,Tarde,0,0
1856,2025-12-01,Jet2,LS804,manchester,13:50:00,En hora,189,Boeing 737-800,W,INT,Lunes,Tarde,0,0
1857,2025-12-01,Grupo Ryanair,FR3792,birmingham,13:55:00,En hora,189,Boeing 737-800,Y,INT,Lunes,Tarde,0,0
1858,2025-12-01,Air Baltic,BT684,riga,14:05:00,En hora,148,Airbus A220-300,S,EU,Lunes,Tarde,0,0
1859,2025-12-01,Grupo Ryanair,FR2889,palma de mallorca,14:05:00,En hora,189,Boeing 737-800,S,NAC,Lunes,Tarde,0,0
1860,2025-12-01,Norwegian Air Sweden AOC,D85502,stockholm,14:40:00,En hora,189,Boeing 737-800,U,EU,Lunes,Tarde,0,0
1861,2025-12-01,Bluebird Airways,BZ251,tel aviv,14:45:00,Retrasado,189,Boeing 737-800,Y,INT,Lunes,Tarde,0,0
1862,2025-12-01,Grupo easy,EC7107,geneva,14:45:00,En hora,156,Airbus A319,R,EU,Lunes,Tarde,0,0
1863,2025-12-01,Turkish Airlines,TK608,ankara,14:45:00,En hora,165,Boeing 737-800,W,INT,Lunes,Tarde,0,0
1864,2025-12-01,Volotea,V71443,ancona,14:45:00,En hora,180,Airbus A320,R,EU,Lunes,Tarde,0,0
1865,2025-12-01,Grupo wizz,W64406,sofia,14:50:00,En hora,239,Airbus A321neo,U,EU,Lunes,Tarde,0,0
1866,2025-12-01,Grupo easy,EC4212,napoli,14:55:00,Retrasado,180,Airbus A320,R,EU,Lunes,Tarde,0,0
1867,2025-12-01,SmartWings,QS1059,prague,14:55:00,En hora,149,Airbus A220-300,S,EU,Lunes,Tarde,0,0
1868,2025-12-01,Air Arabia Maroc,3O376,al aaroui,15:00:00,En hora,174,Airbus A320,Y,INT,Lunes,Tarde,0,0
1869,2025-12-01,Grupo Ryanair,FR3146,oujda,15:10:00,Retrasado,189,Boeing 737-800,W,INT,Lunes,Tarde,0,0
1870,2025-12-01,Grupo Ryanair,FR2330,al aaroui,15:15:00,En hora,189,Boeing 737-800,Y,INT,Lunes,Tarde,0,0
1871,2025-12-01,Grupo Ryanair,FR1681,frankfurt-hahn,15:35:00,En hora,189,Boeing 737-800,U,EU,Lunes,Tarde,0,0
1872,2025-12-01,Grupo wizz,W61412,warsaw,15:40:00,En hora,239,Airbus A321neo,U,EU,Lunes,Tarde,0,0
1873,2025-12-01,Pegasus Airlines,PC1094,istanbul,15:45:00,Retrasado,220,Airbus A321,W,INT,Lunes,Tarde,0,0
1874,2025-12-01,Grupo Ryanair,FR867,venice,16:05:00,Retrasado,189,Boeing 737-800,U,EU,Lunes,Tarde,0,0
1875,2025-12-01,Grupo Ryanair,FR9811,london,16:05:00,En hora,189,Boeing 737-800,Y,INT,Lunes,Tarde,0,0
1876,2025-12-01,Grupo wizz,W43564,timisoara,16:25:00,Retrasado,180,Airbus A320,R,EU,Lunes,Tarde,0,0
1877,2025-12-01,Volotea,V73735,murcia,16:35:00,En hora,180,Airbus A320,R,NAC,Lunes,Tarde,0,0
1878,2025-12-01,Grupo Ryanair,FR2507,cologne-bonn,16:45:00,En hora,197,Boeing 737 MAX 8,S,EU,Lunes,Tarde,0,0
1879,2025-12-01,Grupo Ryanair,FR5718,bratislava,16:50:00,Retrasado,197,Boeing 737 MAX 8,S,EU,Lunes,Tarde,0,0
1880,2025-12-01,Grupo Ryanair,FR6305,milan,16:50:00,Retrasado,189,Boeing 737-800,U,EU,Lunes,Tarde,0,0
1881,2025-12-01,Grupo Ryanair,FR6874,dublin,16:55:00,En hora,189,Boeing 737-800,W,INT,Lunes,Tarde,0,0
1882,2025-12-01,Grupo easy,U23372,liverpool,17:00:00,En hora,156,Airbus A319,M,INT,Lunes,Tarde,0,0
1883,2025-12-01,Grupo Ryanair,FR5270,manchester,17:05:00,En hora,189,Boeing 737-800,W,INT,Lunes,Tarde,0,0
1884,2025-12-01,Grupo Ryanair,RR6300,sofia,17:05:00,En hora,189,Boeing 737-800,S,EU,Lunes,Tarde,0,0
1885,2025-12-01,Grupo easy,EC7173,berlin,17:10:00,En hora,156,Airbus A319,R,EU,Lunes,Tarde,0,0
1886,2025-12-01,Volotea,V73700,vitoria,17:15:00,En hora,156,Airbus A319,S,NAC,Lunes,Tarde,0,0
1887,2025-12-01,Grupo wizz,W67920,kopitnari,17:15:00,En hora,239,Airbus A321neo,W,INT,Lunes,Tarde,0,0
1888,2025-12-01,Grupo Ryanair,FR1786,vilnius,17:30:00,En hora,189,Boeing 737-800,U,EU,Lunes,Tarde,0,0
1889,2025-12-01,Grupo Ryanair,FR2922,brussels,17:30:00,Retrasado,189,Boeing 737-800,U,EU,Lunes,Tarde,0,0
1890,2025-12-01,Grupo easy,EC3737,milan,17:35:00,En hora,156,Airbus A319,R,EU,Lunes,Tarde,0,0
1891,2025-12-01,Grupo easy,EC7199,edinburgh,17:35:00,En hora,156,Airbus A319,M,INT,Lunes,Tarde,0,0
1892,2025-12-01,Transavia,HV5134,amsterdam,17:50:00,Retrasado,232,Airbus A321neo,S,EU,Lunes,Tarde,0,0
1893,2025-12-01,Grupo Ryanair,FR269,milan,18:00:00,En hora,189,Boeing 737-800,U,EU,Lunes,Tarde,0,0
1894,2025-12-01,Grupo easy,EC7205,southampton,18:05:00,En hora,156,Airbus A319,M,INT,Lunes,Tarde,0,0
1895,2025-12-01,Grupo Ryanair,FR3320,milan,18:30:00,Retrasado,189,Boeing 737-800,S,EU,Lunes,Tarde,0,0
1896,2025-12-01,Grupo wizz,W43686,iasi,18:30:00,En hora,180,Airbus A320,R,EU,Lunes,Tarde,0,0
1897,2025-12-01,Grupo Ryanair,FR3174,ibiza,18:45:00,Retrasado,189,Boeing 737-800,U,NAC,Lunes,Tarde,0,0
1898,2025-12-01,Grupo wizz,W61478,warsaw,19:00:00,En hora,230,Airbus A321,U,EU,Lunes,Tarde,0,0
1899,2025-12-01,Grupo Ryanair,FR3185,rabat,19:05:00,Retrasado,189,Boeing 737-800,W,INT,Lunes,Tarde,0,0
1900,2025-12-01,Grupo Ryanair,FR9307,cork,19:15:00,En hora,189,Boeing 737-800,Y,INT,Lunes,Tarde,0,0
1901,2025-12-01,Grupo Ryanair,FR8231,london,19:25:00,Retrasado,197,Boeing 737 MAX 8,W,INT,Lunes,Tarde,0,0
1902,2025-12-01,Eurowings,EW7521,hamburg,19:40:00,Retrasado,180,Airbus A320,U,EU,Lunes,Tarde,0,0
1903,2025-12-01,Grupo Ryanair,LW2896,palma de mallorca,19:40:00,Retrasado,180,Airbus A320,S,NAC,Lunes,Tarde,0,0
1904,2025-12-01,Grupo wizz,W61706,gdansk,19:40:00,En hora,230,Airbus A321,R,EU,Lunes,Tarde,0,0
1905,2025-12-01,Grupo Ryanair,FR133,berlin,19:45:00,En hora,197,Boeing 737 MAX 8,U,EU,Lunes,Tarde,0,0
1906,2025-12-01,Grupo Ryanair,LW7351,vienna,19:45:00,Retrasado,180,Airbus A320,S,EU,Lunes,Tarde,0,0
1907,2025-12-01,Grupo easy,U28058,london,19:45:00,En hora,156,Airbus A319,M,INT,Lunes,Tarde,0,0
1908,2025-12-01,Volotea,V71415,verona,19:55:00,En hora,180,Airbus A320,R,EU,Lunes,Tarde,0,0
1909,2025-12-01,Grupo wizz,W64666,larnaca,19:55:00,En hora,230,Airbus A321,W,INT,Lunes,Tarde,0,0
1910,2025-12-01,Grupo Ryanair,FR3080,malaga,20:00:00,Retrasado,189,Boeing 737-800,S,NAC,Lunes,Noche,0,0
1911,2025-12-01,Air Arabia Maroc,3O378,tanger,20:05:00,En hora,174,Airbus A320,Y,INT,Lunes,Noche,0,0
1912,2025-12-01,Grupo Ryanair,FR3807,charleroi,20:05:00,En hora,189,Boeing 737-800,U,EU,Lunes,Noche,0,0
1913,2025-12-01,Grupo Ryanair,FR6341,rome,20:10:00,En hora,189,Boeing 737-800,S,EU,Lunes,Noche,0,0
1914,2025-12-01,Grupo Ryanair,FR6597,manchester,20:10:00,Retrasado,189,Boeing 737-800,Y,INT,Lunes,Noche,0,0
1915,2025-12-01,Grupo easy,EC1956,milan,20:15:00,Retrasado,180,Airbus A320,R,EU,Lunes,Noche,0,0
1916,2025-12-01,Grupo wizz,W42940,vienna,20:20:00,En hora,239,Airbus A321neo,U,EU,Lunes,Noche,0,0
1917,2025-12-01,Grupo easy,EC1010,"basel, switzerland/mulhouse",20:30:00,En hora,156,Airbus A319,R,EU,Lunes,Noche,0,0
1918,2025-12-01,T'Way Air,TW408,seoul/incheon,20:30:00,Retrasado,246,Airbus A330-200,W,INT,Lunes,Noche,0,0
1919,2025-12-01,Volotea,V72135,bordeaux,20:30:00,En hora,180,Airbus A320,S,EU,Lunes,Noche,0,0
1920,2025-12-01,Grupo Ryanair,FR5710,napoli,20:40:00,En hora,189,Boeing 737-800,U,EU,Lunes,Noche,0,0
1921,2025-12-01,Grupo Ryanair,RR8394,budapest,20:40:00,Retrasado,197,Boeing 737 MAX 8,U,EU,Lunes,Noche,0,0
1922,2025-12-01,Transavia,TO4759,paris,20:45:00,En hora,186,Airbus A320neo,S,EU,Lunes,Noche,0,0
1923,2025-12-01,Grupo wizz,W62378,budapest,20:45:00,En hora,239,Airbus A321neo,R,EU,Lunes,Noche,0,0
1924,2025-12-01,Grupo Ryanair,FR2098,bologna,20:50:00,En hora,189,Boeing 737-800,S,EU,Lunes,Noche,0,0
1925,2025-12-01,Grupo Ryanair,FR3928,trieste,20:50:00,En hora,189,Boeing 737-800,S,EU,Lunes,Noche,0,0
1926,2025-12-01,Volotea,V72165,nantes/atlantique,20:50:00,En hora,156,Airbus A319,R,EU,Lunes,Noche,0,0
1927,2025-12-01,Grupo Ryanair,FR878,venice,20:55:00,En hora,189,Boeing 737-800,U,EU,Lunes,Noche,0,0
1928,2025-12-01,Aer Lingus,EI565,dublin,21:05:00,Retrasado,174,Airbus A320,Y,INT,Lunes,Noche,0,0
1929,2025-12-01,Grupo Ryanair,FR6275,edinburgh,21:05:00,Retrasado,197,Boeing 737 MAX 8,Y,INT,Lunes,Noche,0,0
1930,2025-12-01,Grupo Ryanair,FR6920,dublin,21:10:00,Retrasado,189,Boeing 737-800,W,INT,Lunes,Noche,0,0
1931,2025-12-01,Grupo easy,EC1380,geneva,21:20:00,En hora,180,Airbus A320,R,EU,Lunes,Noche,0,0
1932,2025-12-01,Grupo wizz,W43178,bucharest,21:20:00,En hora,230,Airbus A321,U,EU,Lunes,Noche,0,0
1933,2025-12-01,Grupo wizz,W43406,cluj-napoca,21:25:00,En hora,180,Airbus A320,R,EU,Lunes,Noche,0,0
1934,2025-12-01,Grupo Ryanair,FR2402,sevilla,21:30:00,En hora,189,Boeing 737-800,S,NAC,Lunes,Noche,0,0
1935,2025-12-01,Grupo Ryanair,RR4084,warsaw,21:30:00,En hora,189,Boeing 737-800,U,EU,Lunes,Noche,0,0
1936,2025-12-01,Grupo wizz,W46020,rome,21:35:00,En hora,239,Airbus A321neo,S,EU,Lunes,Noche,0,0
1937,2025-12-01,Grupo Ryanair,FR3168,newcastle,21:45:00,En hora,189,Boeing 737-800,W,INT,Lunes,Noche,0,0
1938,2025-12-01,Grupo Ryanair,FR4587,porto,21:45:00,Retrasado,197,Boeing 737 MAX 8,U,EU,Lunes,Noche,0,0
1939,2025-12-01,Grupo Ryanair,FR1527,valletta,21:50:00,En hora,189,Boeing 737-800,S,EU,Lunes,Noche,0,0
1940,2025-12-01,Grupo Ryanair,FR2250,marrakech,21:50:00,Retrasado,189,Boeing 737-800,Y,INT,Lunes,Noche,0,0
1941,2025-12-01,Grupo easy,U22706,bristol,21:55:00,Retrasado,180,Airbus A320,M,INT,Lunes,Noche,0,0
1942,2025-12-01,Grupo wizz,W64116,belgrade,21:55:00,En hora,230,Airbus A321,W,INT,Lunes,Noche,0,0
1943,2025-12-01,Grupo wizz,W46728,venice,22:00:00,En hora,239,Airbus A321neo,S,EU,Lunes,Noche,0,0
1944,2025-12-01,Grupo Ryanair,FR8574,rome,22:20:00,En hora,189,Boeing 737-800,U,EU,Lunes,Noche,0,0
1945,2025-12-01,Grupo easy,EC7682,lisbon,22:35:00,En hora,230,Airbus A321,R,EU,Lunes,Noche,0,0
1946,2025-12-01,Grupo wizz,W45154,tirana,22:45:00,En hora,230,Airbus A321,W,INT,Lunes,Noche,0,0
1947,2025-12-01,Grupo Ryanair,FR3800,birmingham,23:00:00,En hora,197,Boeing 737 MAX 8,Y,INT,Lunes,Noche,0,0
1948,2025-12-02,Grupo easy,EC7105,geneva,06:00:00,En hora,156,Airbus A319,R,EU,Martes,Mañana,0,0
1949,2025-12-02,Grupo Ryanair,FR2918,brussels,06:05:00,En hora,189,Boeing 737-800,S,EU,Martes,Mañana,0,0
1950,2025-12-02,Grupo Ryanair,FR3189,fes,06:15:00,En hora,189,Boeing 737-800,Y,INT,Martes,Mañana,0,0
1951,2025-12-02,Grupo Ryanair,FR2507,cologne-bonn,06:20:00,En hora,189,Boeing 737-800,S,EU,Martes,Mañana,0,0
1952,2025-12-02,Grupo Ryanair,FR4545,porto,06:35:00,En hora,197,Boeing 737 MAX 8,U,EU,Martes,Mañana,0,0
1953,2025-12-02,Grupo easy,EC7101,"basel, switzerland/mulhouse",07:25:00,En hora,156,Airbus A319,R,EU,Martes,Mañana,0,0
1954,2025-12-02,Grupo easy,EC8062,london,07:30:00,En hora,156,Airbus A319,M,INT,Martes,Mañana,0,0
1955,2025-12-02,Grupo Ryanair,FR3166,palermo,07:35:00,En hora,189,Boeing 737-800,S,EU,Martes,Mañana,0,0
1956,2025-12-02,Grupo Ryanair,FR5718,bratislava,07:35:00,En hora,189,Boeing 737-800,S,EU,Martes,Mañana,0,0
1957,2025-12-02,Grupo Ryanair,FR3193,riga,07:55:00,En hora,189,Boeing 737-800,R,EU,Martes,Mañana,0,0
1958,2025-12-02,Grupo easy,EC3737,milan,08:00:00,En hora,156,Airbus A319,R,EU,Martes,Mañana,0,0
1959,2025-12-02,Grupo Ryanair,FR6973,rome,08:20:00,En hora,189,Boeing 737-800,U,EU,Martes,Mañana,0,0
1960,2025-12-02,Grupo Ryanair,FR133,berlin,08:50:00,En hora,189,Boeing 737-800,U,EU,Martes,Mañana,0,0
1961,2025-12-02,Grupo wizz,W43938,chisinau,09:00:00,En hora,180,Airbus A320,Y,INT,Martes,Mañana,0,0
1962,2025-12-02,Grupo wizz,W62048,krakow,09:05:00,Retrasado,239,Airbus A321neo,U,EU,Martes,Mañana,0,0
1963,2025-12-02,Grupo Ryanair,FR3035,krakow,09:10:00,Retrasado,189,Boeing 737-800,S,EU,Martes,Mañana,0,0
1964,2025-12-02,Grupo Ryanair,FR3807,charleroi,09:10:00,En hora,197,Boeing 737 MAX 8,U,EU,Martes,Mañana,0,0
1965,2025-12-02,Grupo wizz,W61914,vilnius,09:20:00,En hora,239,Airbus A321neo,U,EU,Martes,Mañana,0,0
1966,2025-12-02,Grupo wizz,W43176,bucharest,09:25:00,En hora,230,Airbus A321,S,EU,Martes,Mañana,0,0
1967,2025-12-02,Grupo wizz,W62376,budapest,09:25:00,En hora,230,Airbus A321,U,EU,Martes,Mañana,0,0
1968,2025-12-02,Grupo wizz,W42938,vienna,09:35:00,En hora,239,Airbus A321neo,S,EU,Martes,Mañana,0,0
1969,2025-12-02,Air Arabia Maroc,3O378,tanger,09:45:00,En hora,174,Airbus A320,Y,INT,Martes,Mañana,0,0
1970,2025-12-02,Air Serbia,JU581,belgrade,09:55:00,En hora,144,Airbus A319,W,INT,Martes,Mañana,0,0
1971,2025-12-02,Grupo easy,EC7656,lisbon,10:05:00,En hora,180,Airbus A320,R,EU,Martes,Mañana,0,0
1972,2025-12-02,Grupo Ryanair,LW12,vienna,10:15:00,En hora,180,Airbus A320,R,EU,Martes,Mañana,0,0
1973,2025-12-02,Grupo wizz,W61476,warsaw,10:15:00,En hora,239,Airbus A321neo,U,EU,Martes,Mañana,0,0
1974,2025-12-02,Grupo Ryanair,FR1279,copenhagen,10:25:00,En hora,197,Boeing 737 MAX 8,U,EU,Martes,Mañana,0,0
1975,2025-12-02,Grupo Ryanair,FR5270,manchester,10:30:00,En hora,197,Boeing 737 MAX 8,Y,INT,Martes,Mañana,0,0
1976,2025-12-02,Grupo easy,U22324,london,10:35:00,En hora,186,Airbus A320neo,M,INT,Martes,Mañana,0,0
1977,2025-12-02,Azerbaijan Airlines,J246,baku,10:45:00,Retrasado,186,Airbus A320neo,W,INT,Martes,Mañana,0,0
1978,2025-12-02,Aer Lingus,EI563,dublin,11:30:00,En hora,174,Airbus A320,Y,INT,Martes,Mañana,0,0
1979,2025-12-02,Grupo Ryanair,FR58,napoli,11:40:00,Retrasado,189,Boeing 737-800,S,EU,Martes,Mañana,0,0
1980,2025-12-02,Icelandair,FI597,keflavik,11:50:00,Retrasado,160,Boeing 737 MAX 8,U,EU,Martes,Mañana,0,0
1981,2025-12-02,Grupo Ryanair,FR3108,luxembourg,12:15:00,En hora,189,Boeing 737-800,U,EU,Martes,Tarde,0,0
1982,2025-12-02,Grupo easy,EC7151,milan,12:20:00,En hora,156,Airbus A319,R,EU,Martes,Tarde,0,0
1983,2025-12-02,Grupo easy,EC8064,london,12:25:00,En hora,156,Airbus A319,M,INT,Martes,Tarde,0,0
1984,2025-12-02,Norwegian Air Sweden AOC,D83657,copenhagen,12:30:00,En hora,189,Boeing 737-800,U,EU,Martes,Tarde,0,0
1985,2025-12-02,Grupo Ryanair,FR8384,budapest,12:35:00,En hora,197,Boeing 737 MAX 8,U,EU,Martes,Tarde,0,0
1986,2025-12-02,Pegasus Airlines,PC1092,istanbul,12:45:00,Retrasado,220,Airbus A321,Y,INT,Martes,Tarde,0,0
1987,2025-12-02,Grupo Ryanair,FR6267,edinburgh,12:55:00,Retrasado,197,Boeing 737 MAX 8,Y,INT,Martes,Tarde,0,0
1988,2025-12-02,FlyOne,5F5512,chisinau,13:30:00,En hora,194,Airbus A321,W,INT,Martes,Tarde,0,0
1989,2025-12-02,Grupo Ryanair,FR2239,marrakech,14:00:00,En hora,189,Boeing 737-800,W,INT,Martes,Tarde,0,0
1990,2025-12-02,Grupo Ryanair,FR3076,stockholm,14:05:00,En hora,189,Boeing 737-800,U,EU,Martes,Tarde,0,0
1991,2025-12-02,Kuwait Airways,KU136,kuwait city,14:25:00,En hora,278,Airbus A330-900,W,INT,Martes,Tarde,0,0
1992,2025-12-02,Bluebird Airways,BZ251,tel aviv,14:45:00,En hora,189,Boeing 737-800,Y,INT,Martes,Tarde,0,0
1993,2025-12-02,Grupo easy,EC7682,lisbon,15:00:00,En hora,180,Airbus A320,R,EU,Martes,Tarde,0,0
1994,2025-12-02,Grupo Ryanair,FR8217,london,15:25:00,En hora,189,Boeing 737-800,Y,INT,Martes,Tarde,0,0
1995,2025-12-02,Grupo Ryanair,FR846,milan,16:55:00,En hora,189,Boeing 737-800,U,EU,Martes,Tarde,0,0
1996,2025-12-02,Grupo Ryanair,FR1165,sevilla,17:05:00,En hora,189,Boeing 737-800,U,NAC,Martes,Tarde,0,0
1997,2025-12-02,Grupo Ryanair,FR575,bologna,17:25:00,En hora,197,Boeing 737 MAX 8,U,EU,Martes,Tarde,0,0
1998,2025-12-02,Volotea,V72327,strasbourg,17:30:00,Retrasado,180,Airbus A320,R,EU,Martes,Tarde,0,0
1999,2025-12-02,Transavia,HV5134,amsterdam,17:45:00,En hora,232,Airbus A321neo,S,EU,Martes,Tarde,0,0
2000,2025-12-02,Grupo easy,EC7103,"basel, switzerland/mulhouse",18:10:00,En hora,156,Airbus A319,R,EU,Martes,Tarde,0,0
2001,2025-12-02,Grupo Ryanair,RR6300,sofia,18:15:00,Retrasado,197,Boeing 737 MAX 8,S,EU,Martes,Tarde,0,0
2002,2025-12-02,Grupo Ryanair,FR777,venice,18:40:00,En hora,189,Boeing 737-800,U,EU,Martes,Tarde,0,0
2003,2025-12-02,Grupo wizz,W61176,katowice,18:55:00,En hora,239,Airbus A321neo,R,EU,Martes,Tarde,0,0
2004,2025-12-02,Grupo wizz,W61478,warsaw,19:00:00,En hora,239,Airbus A321neo,U,EU,Martes,Tarde,0,0
2005,2025-12-02,Grupo wizz,W43180,bucharest,19:20:00,En hora,230,Airbus A321,R,EU,Martes,Tarde,0,0
2006,2025-12-02,Grupo Ryanair,FR9015,london,19:25:00,En hora,197,Boeing 737 MAX 8,W,INT,Martes,Tarde,0,0
2007,2025-12-02,Grupo Ryanair,FR2495,palma de mallorca,19:30:00,En hora,197,Boeing 737 MAX 8,S,NAC,Martes,Tarde,0,0
2008,2025-12-02,Grupo wizz,W64406,sofia,19:35:00,En hora,239,Airbus A321neo,S,EU,Martes,Tarde,0,0
2009,2025-12-02,Grupo easy,U28058,london,19:45:00,En hora,156,Airbus A319,M,INT,Martes,Tarde,0,0
2010,2025-12-02,Transavia,HV6790,eindhoven,19:55:00,Retrasado,189,Boeing 737-800,U,EU,Martes,Tarde,0,0
2011,2025-12-02,Air Arabia Maroc,3O642,tanger,20:00:00,Retrasado,174,Airbus A320,Y,INT,Martes,Noche,0,0
2012,2025-12-02,Grupo easy,EC1956,milan,20:15:00,En hora,180,Airbus A320,R,EU,Martes,Noche,0,0
2013,2025-12-02,Grupo Ryanair,RR4084,warsaw,20:15:00,En hora,189,Boeing 737-800,U,EU,Martes,Noche,0,0
2014,2025-12-02,Transavia,TO4759,paris,20:45:00,En hora,186,Airbus A320neo,S,EU,Martes,Noche,0,0
2015,2025-12-02,Grupo easy,EC1380,geneva,21:15:00,Retrasado,180,Airbus A320,R,EU,Martes,Noche,0,0
2016,2025-12-02,Grupo Ryanair,FR6394,dublin,21:15:00,En hora,197,Boeing 737 MAX 8,Y,INT,Martes,Noche,0,0
2017,2025-12-02,Grupo wizz,W46020,rome,21:35:00,En hora,239,Airbus A321neo,S,EU,Martes,Noche,0,0
2018,2025-12-02,Grupo Ryanair,FR4585,porto,22:00:00,En hora,197,Boeing 737 MAX 8,S,EU,Martes,Noche,0,0
2019,2025-12-03,Grupo Ryanair,FR2918,brussels,06:05:00,En hora,189,Boeing 737-800,S,EU,Miércoles,Mañana,0,0
2020,2025-12-03,Grupo Ryanair,FR3185,rabat,06:05:00,En hora,189,Boeing 737-800,W,INT,Miércoles,Mañana,0,0
2021,2025-12-03,Grupo Ryanair,FR9406,fes,06:05:00,En hora,189,Boeing 737-800,W,INT,Miércoles,Mañana,0,0
2022,2025-12-03,Grupo easy,EC7105,geneva,06:10:00,En hora,156,Airbus A319,R,EU,Miércoles,Mañana,0,0
2023,2025-12-03,Grupo Ryanair,FR483,malaga,06:15:00,En hora,189,Boeing 737-800,U,NAC,Miércoles,Mañana,0,0
2024,2025-12-03,Grupo easy,EC7193,leeds bradford,06:30:00,En hora,156,Airbus A319,M,INT,Miércoles,Mañana,0,0
2025,2025-12-03,Grupo Ryanair,FR2239,marrakech,06:35:00,En hora,189,Boeing 737-800,Y,INT,Miércoles,Mañana,0,0
2026,2025-12-03,Grupo Ryanair,FR3028,ibiza,06:45:00,En hora,189,Boeing 737-800,U,NAC,Miércoles,Mañana,0,0
2027,2025-12-03,Grupo Ryanair,FR3108,luxembourg,06:50:00,En hora,197,Boeing 737 MAX 8,S,EU,Miércoles,Mañana,0,0
2028,2025-12-03,Grupo easy,EC7101,"basel, switzerland/mulhouse",07:20:00,En hora,156,Airbus A319,R,EU,Miércoles,Mañana,0,0
2029,2025-12-03,Grupo easy,EC8062,london,07:20:00,En hora,156,Airbus A319,M,INT,Miércoles,Mañana,0,0
2030,2025-12-03,Grupo Ryanair,LW2495,palma de mallorca,07:20:00,En hora,180,Airbus A320,R,NAC,Miércoles,Mañana,0,0
2031,2025-12-03,Grupo Ryanair,FR846,milan,08:05:00,En hora,189,Boeing 737-800,U,EU,Miércoles,Mañana,0,0
2032,2025-12-03,Grupo easy,EC3737,milan,08:25:00,En hora,156,Airbus A319,R,EU,Miércoles,Mañana,0,0
2033,2025-12-03,Grupo easy,EC7161,napoli,09:20:00,En hora,186,Airbus A320neo,R,EU,Miércoles,Mañana,0,0
2034,2025-12-03,Grupo wizz,W43176,bucharest,09:25:00,En hora,239,Airbus A321neo,S,EU,Miércoles,Mañana,0,0
2035,2025-12-03,Grupo wizz,W62376,budapest,09:25:00,En hora,239,Airbus A321neo,U,EU,Miércoles,Mañana,0,0
2036,2025-12-03,Grupo Ryanair,RR8384,budapest,09:30:00,En hora,189,Boeing 737-800,R,EU,Miércoles,Mañana,0,0
2037,2025-12-03,Air Arabia Maroc,3O376,al aaroui,09:35:00,Retrasado,174,Airbus A320,Y,INT,Miércoles,Mañana,0,0
2038,2025-12-03,Grupo wizz,W42940,vienna,09:35:00,En hora,239,Airbus A321neo,S,EU,Miércoles,Mañana,0,0
2039,2025-12-03,Grupo Ryanair,FR2834,charleroi,09:45:00,En hora,189,Boeing 737-800,S,EU,Miércoles,Mañana,0,0
2040,2025-12-03,Grupo Ryanair,FR4545,porto,09:45:00,En hora,197,Boeing 737 MAX 8,R,EU,Miércoles,Mañana,0,0
2041,2025-12-03,Grupo Ryanair,RR3049,krakow,09:55:00,Retrasado,197,Boeing 737 MAX 8,U,EU,Miércoles,Mañana,0,0
2042,2025-12-03,Air Arabia Maroc,3O642,tanger,10:05:00,En hora,174,Airbus A320,Y,INT,Miércoles,Mañana,0,0
2043,2025-12-03,Transavia,HV5132,amsterdam,10:05:00,Retrasado,232,Airbus A321neo,U,EU,Miércoles,Mañana,0,0
2044,2025-12-03,Grupo Ryanair,FR3078,lisbon,10:15:00,En hora,189,Boeing 737-800,S,EU,Miércoles,Mañana,0,0
2045,2025-12-03,Grupo wizz,W61476,warsaw,10:15:00,En hora,239,Airbus A321neo,U,EU,Miércoles,Mañana,0,0
2046,2025-12-03,Grupo Ryanair,FR3039,prague,10:20:00,En hora,189,Boeing 737-800,U,EU,Miércoles,Mañana,0,0
2047,2025-12-03,Grupo easy,U22002,manchester,10:30:00,En hora,180,Airbus A320,M,INT,Miércoles,Mañana,0,0
2048,2025-12-03,Air Baltic,BT878,tallinn,10:35:00,Retrasado,148,Airbus A220-300,U,EU,Miércoles,Mañana,0,0
2049,2025-12-03,Norwegian Air Sweden AOC,D85544,rovaniemi,10:40:00,En hora,189,Boeing 737-800,S,EU,Miércoles,Mañana,0,0
2050,2025-12-03,Grupo Ryanair,FR6267,edinburgh,10:45:00,Retrasado,197,Boeing 737 MAX 8,Y,INT,Miércoles,Mañana,0,0
2051,2025-12-03,SkyUp MT,U5406,chisinau,10:50:00,Retrasado,149,Boeing 737-700,Y,INT,Miércoles,Mañana,0,0
2052,2025-12-03,Grupo easy,U22704,bristol,10:55:00,Retrasado,180,Airbus A320,M,INT,Miércoles,Mañana,0,0
2053,2025-12-03,Grupo Ryanair,FR2507,cologne-bonn,11:00:00,En hora,197,Boeing 737 MAX 8,U,EU,Miércoles,Mañana,0,0
2054,2025-12-03,Aer Lingus,EI563,dublin,11:30:00,Retrasado,174,Airbus A320,W,INT,Miércoles,Mañana,0,0
2055,2025-12-03,Grupo Ryanair,FR575,bologna,11:40:00,En hora,189,Boeing 737-800,S,EU,Miércoles,Mañana,0,0
2056,2025-12-03,Grupo Ryanair,FR9925,frankfurt-hahn,12:35:00,En hora,189,Boeing 737-800,S,EU,Miércoles,Tarde,0,0
2057,2025-12-03,Pegasus Airlines,PC1092,istanbul,12:45:00,En hora,220,Airbus A321,Y,INT,Miércoles,Tarde,0,0
2058,2025-12-03,Grupo Ryanair,FR6597,manchester,13:00:00,En hora,197,Boeing 737 MAX 8,W,INT,Miércoles,Tarde,0,0
2059,2025-12-03,HiSky,H4264,bucharest,13:20:00,En hora,186,Airbus A320,R,EU,Miércoles,Tarde,0,0
2060,2025-12-03,Eurowings,EW521,cologne-bonn,13:25:00,Retrasado,180,Airbus A320,S,EU,Miércoles,Tarde,0,0
2061,2025-12-03,Turkish Airlines,TK608,ankara,14:00:00,En hora,165,Boeing 737-800,Y,INT,Miércoles,Tarde,0,0
2062,2025-12-03,Volotea,V72327,strasbourg,14:40:00,Retrasado,180,Airbus A320,R,EU,Miércoles,Tarde,0,0
2063,2025-12-03,Bluebird Airways,BZ251,tel aviv,14:45:00,En hora,189,Boeing 737-800,Y,INT,Miércoles,Tarde,0,0
2064,2025-12-03,Norwegian Air Sweden AOC,D83659,copenhagen,14:45:00,En hora,189,Boeing 737-800,U,EU,Miércoles,Tarde,0,0
2065,2025-12-03,Eurowings,EW2521,stuttgart,15:10:00,En hora,150,Airbus A319,S,EU,Miércoles,Tarde,0,0
2066,2025-12-03,Grupo Ryanair,FR777,venice,15:10:00,En hora,189,Boeing 737-800,S,EU,Miércoles,Tarde,0,0
2067,2025-12-03,Grupo Ryanair,FR12,vienna,15:15:00,En hora,197,Boeing 737 MAX 8,U,EU,Miércoles,Tarde,0,0
2068,2025-12-03,Grupo easy,EC7682,lisbon,15:25:00,En hora,180,Airbus A320,R,EU,Miércoles,Tarde,0,0
2069,2025-12-03,Grupo wizz,W61412,warsaw,15:40:00,En hora,239,Airbus A321neo,U,EU,Miércoles,Tarde,0,0
2070,2025-12-03,Pegasus Airlines,PC1094,istanbul,15:45:00,Retrasado,239,Airbus A321neo,Y,INT,Miércoles,Tarde,0,0
2071,2025-12-03,Volotea,V71415,verona,15:45:00,En hora,180,Airbus A320,R,EU,Miércoles,Tarde,0,0
2072,2025-12-03,Grupo Ryanair,FR3035,krakow,16:15:00,En hora,197,Boeing 737 MAX 8,U,EU,Miércoles,Tarde,0,0
2073,2025-12-03,Transavia,TO4755,paris,16:45:00,En hora,186,Airbus A320neo,U,EU,Miércoles,Tarde,0,0
2074,2025-12-03,Grupo Ryanair,FR3928,trieste,16:50:00,En hora,189,Boeing 737-800,U,EU,Miércoles,Tarde,0,0
2075,2025-12-03,Grupo Ryanair,FR5718,bratislava,16:50:00,En hora,189,Boeing 737-800,S,EU,Miércoles,Tarde,0,0
2076,2025-12-03,Grupo wizz,W67920,kopitnari,17:15:00,En hora,230,Airbus A321,Y,INT,Miércoles,Tarde,0,0
2077,2025-12-03,Grupo Ryanair,FR4585,porto,17:30:00,En hora,189,Boeing 737-800,U,EU,Miércoles,Tarde,0,0
2078,2025-12-03,Iberojet,E9803,palmerola,17:40:00,Retrasado,432,Airbus A350-900,W,INT,Miércoles,Tarde,0,0
2079,2025-12-03,Grupo easy,EC8060,london,17:45:00,En hora,156,Airbus A319,M,INT,Miércoles,Tarde,0,0
2080,2025-12-03,Grupo Ryanair,FR3180,rome,18:00:00,En hora,189,Boeing 737-800,U,EU,Miércoles,Tarde,0,0
2081,2025-12-03,Grupo wizz,W43686,iasi,18:30:00,En hora,180,Airbus A320,S,EU,Miércoles,Tarde,0,0
2082,2025-12-03,Grupo easy,EC7103,"basel, switzerland/mulhouse",18:35:00,En hora,156,Airbus A319,R,EU,Miércoles,Tarde,0,0
2083,2025-12-03,Grupo Ryanair,FR3129,ibiza,18:35:00,En hora,189,Boeing 737-800,S,NAC,Miércoles,Tarde,0,0
2084,2025-12-03,Grupo Ryanair,RR8394,budapest,18:50:00,Retrasado,189,Boeing 737-800,S,EU,Miércoles,Tarde,0,0
2085,2025-12-03,Grupo easy,EC7155,milan,19:00:00,En hora,156,Airbus A319,R,EU,Miércoles,Tarde,0,0
2086,2025-12-03,Grupo Ryanair,FR8231,london,19:00:00,En hora,189,Boeing 737-800,Y,INT,Miércoles,Tarde,0,0
2087,2025-12-03,Grupo wizz,W61478,warsaw,19:00:00,En hora,239,Airbus A321neo,U,EU,Miércoles,Tarde,0,0
2088,2025-12-03,Grupo Ryanair,FR1165,sevilla,19:10:00,En hora,197,Boeing 737 MAX 8,S,NAC,Miércoles,Tarde,0,0
2089,2025-12-03,Grupo Ryanair,FR9334,marrakech,19:10:00,Retrasado,189,Boeing 737-800,Y,INT,Miércoles,Tarde,0,0
2090,2025-12-03,Grupo Ryanair,FR1342,palma de mallorca,19:15:00,En hora,197,Boeing 737 MAX 8,S,NAC,Miércoles,Tarde,0,0
2091,2025-12-03,Eurowings,EW9443,dusseldorf,19:35:00,Retrasado,180,Airbus A320,S,EU,Miércoles,Tarde,0,0
2092,2025-12-03,Grupo Ryanair,FR133,berlin,19:35:00,Retrasado,197,Boeing 737 MAX 8,U,EU,Miércoles,Tarde,0,0
2093,2025-12-03,Transavia,HV6064,rotterdam,19:40:00,En hora,189,Boeing 737-800,U,EU,Miércoles,Tarde,0,0
2094,2025-12-03,Grupo easy,U28058,london,19:45:00,Retrasado,180,Airbus A320,M,INT,Miércoles,Tarde,0,0
2095,2025-12-03,Grupo Ryanair,FR3143,milan,19:55:00,En hora,189,Boeing 737-800,U,EU,Miércoles,Tarde,0,0
2096,2025-12-03,Grupo Ryanair,FR58,napoli,20:10:00,En hora,189,Boeing 737-800,U,EU,Miércoles,Noche,0,0
2097,2025-12-03,Grupo Ryanair,RR5246,vilnius,20:10:00,En hora,197,Boeing 737 MAX 8,U,EU,Miércoles,Noche,0,0
2098,2025-12-03,Grupo easy,EC1956,milan,20:15:00,En hora,180,Airbus A320,R,EU,Miércoles,Noche,0,0
2099,2025-12-03,Air Arabia Maroc,3O378,tanger,20:20:00,En hora,174,Airbus A320,Y,INT,Miércoles,Noche,0,0
2100,2025-12-03,T'Way Air,TW408,seoul/incheon,20:30:00,En hora,294,BOEING 777-300ER,W,INT,Miércoles,Noche,0,0
2101,2025-12-03,Air Europa,FB585,belgrade,20:35:00,Retrasado,108,Embraer ERJ-190,Y,INT,Miércoles,Noche,0,0
2102,2025-12-03,Grupo wizz,W62378,budapest,20:45:00,Retrasado,239,Airbus A321neo,U,EU,Miércoles,Noche,0,0
2103,2025-12-03,Transavia,TO4759,paris,20:50:00,En hora,186,Airbus A320neo,U,EU,Miércoles,Noche,0,0
2104,2025-12-03,Grupo easy,U22326,london,20:55:00,En hora,186,Airbus A320neo,M,INT,Miércoles,Noche,0,0
2105,2025-12-03,Grupo easy,EC1380,geneva,21:15:00,Retrasado,180,Airbus A320,R,EU,Miércoles,Noche,0,0
2106,2025-12-03,Grupo wizz,W43406,cluj-napoca,21:25:00,En hora,186,Airbus A320neo,S,EU,Miércoles,Noche,0,0
2107,2025-12-03,Grupo wizz,W46020,rome,21:35:00,Retrasado,239,Airbus A321neo,S,EU,Miércoles,Noche,0,0
2108,2025-12-03,Grupo Ryanair,FR6394,dublin,22:05:00,En hora,189,Boeing 737-800,W,INT,Miércoles,Noche,0,0
2109,2025-12-04,Grupo Ryanair,FR8215,london,06:00:00,En hora,189,Boeing 737-800,W,INT,Jueves,Mañana,0,0
2110,2025-12-04,Grupo easy,EC7105,geneva,06:10:00,En hora,156,Airbus A319,R,EU,Jueves,Mañana,0,0
2111,2025-12-04,Grupo Ryanair,FR3976,dublin,06:15:00,En hora,197,Boeing 737 MAX 8,W,INT,Jueves,Mañana,0,0
2112,2025-12-04,Grupo easy,EC7191,glasgow,06:40:00,Retrasado,156,Airbus A319,M,INT,Jueves,Mañana,0,0
2113,2025-12-04,Grupo Ryanair,FR3049,krakow,06:40:00,En hora,197,Boeing 737 MAX 8,U,EU,Jueves,Mañana,0,0
2114,2025-12-04,Grupo Ryanair,FR3028,ibiza,06:45:00,En hora,189,Boeing 737-800,U,NAC,Jueves,Mañana,0,0
2115,2025-12-04,Grupo Ryanair,LW2495,palma de mallorca,07:20:00,En hora,180,Airbus A320,R,NAC,Jueves,Mañana,0,0
2116,2025-12-04,Grupo Ryanair,FR133,berlin,07:25:00,En hora,189,Boeing 737-800,S,EU,Jueves,Mañana,0,0
2117,2025-12-04,Grupo easy,EC7101,"basel, switzerland/mulhouse",07:30:00,En hora,156,Airbus A319,R,EU,Jueves,Mañana,0,0
2118,2025-12-04,Grupo easy,EC7151,milan,07:30:00,En hora,156,Airbus A319,R,EU,Jueves,Mañana,0,0
2119,2025-12-04,Grupo Ryanair,FR2507,cologne-bonn,07:45:00,En hora,197,Boeing 737 MAX 8,S,EU,Jueves,Mañana,0,0
2120,2025-12-04,Norwegian Air Sweden AOC,D85510,copenhagen,07:55:00,En hora,189,Boeing 737-800,S,EU,Jueves,Mañana,0,0
2121,2025-12-04,Grupo Ryanair,FR575,bologna,08:05:00,En hora,189,Boeing 737-800,U,EU,Jueves,Mañana,0,0
2122,2025-12-04,Grupo Ryanair,FR774,torino,08:05:00,En hora,189,Boeing 737-800,U,EU,Jueves,Mañana,0,0
2123,2025-12-04,Grupo Ryanair,FR6973,rome,08:40:00,En hora,189,Boeing 737-800,S,EU,Jueves,Mañana,0,0
2124,2025-12-04,Grupo wizz,W43938,chisinau,09:00:00,En hora,180,Airbus A320,W,INT,Jueves,Mañana,0,0
2125,2025-12-04,Grupo Ryanair,FR5710,napoli,09:05:00,En hora,189,Boeing 737-800,S,EU,Jueves,Mañana,0,0
2126,2025-12-04,Grupo wizz,W62048,krakow,09:05:00,Retrasado,239,Airbus A321neo,U,EU,Jueves,Mañana,0,0
2127,2025-12-04,Grupo Ryanair,LW12,vienna,09:10:00,Retrasado,180,Airbus A320,R,EU,Jueves,Mañana,0,0
2128,2025-12-04,Grupo wizz,W61914,vilnius,09:20:00,Retrasado,239,Airbus A321neo,U,EU,Jueves,Mañana,0,0
2129,2025-12-04,Grupo wizz,W43176,bucharest,09:25:00,En hora,239,Airbus A321neo,U,EU,Jueves,Mañana,0,0
2130,2025-12-04,Grupo wizz,W62376,budapest,09:25:00,Retrasado,239,Airbus A321neo,U,EU,Jueves,Mañana,0,0
2131,2025-12-04,Grupo Ryanair,FR3320,milan,09:30:00,En hora,189,Boeing 737-800,S,EU,Jueves,Mañana,0,0
2132,2025-12-04,Grupo wizz,W42938,vienna,09:35:00,En hora,239,Airbus A321neo,S,EU,Jueves,Mañana,0,0
2133,2025-12-04,Transavia,TO4751,paris,09:40:00,Retrasado,186,Airbus A320neo,U,EU,Jueves,Mañana,0,0
2134,2025-12-04,Air Serbia,JU581,belgrade,09:55:00,En hora,144,Airbus A319,Y,INT,Jueves,Mañana,0,0
2135,2025-12-04,Grupo easy,EC7656,lisbon,10:00:00,En hora,180,Airbus A320,R,EU,Jueves,Mañana,0,0
2136,2025-12-04,Grupo Ryanair,FR1279,copenhagen,10:00:00,En hora,197,Boeing 737 MAX 8,S,EU,Jueves,Mañana,0,0
2137,2025-12-04,Transavia,HV5132,amsterdam,10:05:00,En hora,232,Airbus A321neo,R,EU,Jueves,Mañana,0,0
2138,2025-12-04,Grupo wizz,W61476,warsaw,10:15:00,En hora,239,Airbus A321neo,U,EU,Jueves,Mañana,0,0
2139,2025-12-04,Grupo Ryanair,FR1165,sevilla,10:20:00,En hora,189,Boeing 737-800,U,NAC,Jueves,Mañana,0,0
2140,2025-12-04,Grupo Ryanair,FR3121,paris,10:25:00,En hora,189,Boeing 737-800,S,EU,Jueves,Mañana,0,0
2141,2025-12-04,Grupo Ryanair,RR8384,budapest,10:25:00,En hora,189,Boeing 737-800,S,EU,Jueves,Mañana,0,0
2142,2025-12-04,Grupo easy,U22326,london,10:35:00,En hora,186,Airbus A320neo,M,INT,Jueves,Mañana,0,0
2143,2025-12-04,Grupo easy,U28056,london,10:35:00,En hora,186,Airbus A320neo,M,INT,Jueves,Mañana,0,0
2144,2025-12-04,Grupo easy,U25716,southend,10:40:00,En hora,186,Airbus A320neo,M,INT,Jueves,Mañana,0,0
2145,2025-12-04,Azerbaijan Airlines,J246,baku,10:45:00,Retrasado,122,Airbus A319,W,INT,Jueves,Mañana,0,0
2146,2025-12-04,Grupo Ryanair,FR3792,birmingham,11:00:00,En hora,189,Boeing 737-800,Y,INT,Jueves,Mañana,0,0
2147,2025-12-04,Grupo Ryanair,FR4545,porto,11:00:00,En hora,197,Boeing 737 MAX 8,U,EU,Jueves,Mañana,0,0
2148,2025-12-04,Grupo easy,U22704,bristol,11:05:00,En hora,186,Airbus A320neo,M,INT,Jueves,Mañana,0,0
2149,2025-12-04,Grupo Ryanair,FR483,malaga,11:10:00,En hora,197,Boeing 737 MAX 8,S,NAC,Jueves,Mañana,0,0
2150,2025-12-04,Grupo Ryanair,FR6597,manchester,11:20:00,Retrasado,189,Boeing 737-800,Y,INT,Jueves,Mañana,0,0
2151,2025-12-04,Aer Lingus,EI563,dublin,11:30:00,En hora,174,Airbus A320,W,INT,Jueves,Mañana,0,0
2152,2025-12-04,Grupo easy,EC7131,nice/cote d'azur,12:00:00,En hora,180,Airbus A320,R,EU,Jueves,Tarde,0,0
2153,2025-12-04,Grupo easy,EC8064,london,12:10:00,En hora,156,Airbus A319,M,INT,Jueves,Tarde,0,0
2154,2025-12-04,Grupo Ryanair,FR2239,marrakech,12:30:00,En hora,189,Boeing 737-800,Y,INT,Jueves,Tarde,0,0
2155,2025-12-04,Grupo Ryanair,FR3160,bristol,12:45:00,En hora,189,Boeing 737-800,W,INT,Jueves,Tarde,0,0
2156,2025-12-04,Pegasus Airlines,PC1092,istanbul,12:45:00,Retrasado,220,Airbus A321,Y,INT,Jueves,Tarde,0,0
2157,2025-12-04,Grupo wizz,W67022,bratislava,12:55:00,Retrasado,239,Airbus A321neo,U,EU,Jueves,Tarde,0,0
2158,2025-12-04,Grupo Ryanair,FR1681,frankfurt-hahn,13:00:00,En hora,189,Boeing 737-800,S,EU,Jueves,Tarde,0,0
2159,2025-12-04,Volotea,V71445,olbia,13:05:00,En hora,180,Airbus A320,R,EU,Jueves,Tarde,0,0
2160,2025-12-04,Norwegian Air Shuttle,DY1741,oslo,13:25:00,En hora,189,Boeing 737-800,U,EU,Jueves,Tarde,0,0
2161,2025-12-04,Grupo Ryanair,FR3039,prague,13:30:00,En hora,197,Boeing 737 MAX 8,U,EU,Jueves,Tarde,0,0
2162,2025-12-04,Luxair,LG3592,luxembourg,13:35:00,Retrasado,76,de Havilland Dash 8-400,U,EU,Jueves,Tarde,0,0
2163,2025-12-04,Grupo Ryanair,FR269,milan,13:40:00,En hora,189,Boeing 737-800,U,EU,Jueves,Tarde,0,0
2164,2025-12-04,Grupo Ryanair,FR6267,edinburgh,13:45:00,En hora,197,Boeing 737 MAX 8,Y,INT,Jueves,Tarde,0,0
2165,2025-12-04,Grupo Ryanair,FR846,milan,13:45:00,En hora,197,Boeing 737 MAX 8,S,EU,Jueves,Tarde,0,0
2166,2025-12-04,Jet2,LS804,manchester,13:50:00,En hora,189,Boeing 737-800,Y,INT,Jueves,Tarde,0,0
2167,2025-12-04,Grupo Ryanair,FR2233,al aaroui,14:00:00,En hora,189,Boeing 737-800,Y,INT,Jueves,Tarde,0,0
2168,2025-12-04,Air Baltic,BT684,riga,14:05:00,En hora,148,Airbus A220-300,U,EU,Jueves,Tarde,0,0
2169,2025-12-04,Grupo easy,EC7153,milan,14:10:00,En hora,156,Airbus A319,R,EU,Jueves,Tarde,0,0
2170,2025-12-04,SunExpress,XQ895,izmir,14:15:00,En hora,189,Boeing 737-800,W,INT,Jueves,Tarde,0,0
2171,2025-12-04,Kuwait Airways,KU136,kuwait city,14:25:00,En hora,235,Airbus A330-800,W,INT,Jueves,Tarde,0,0
2172,2025-12-04,Grupo Ryanair,FR9015,london,14:30:00,En hora,189,Boeing 737-800,Y,INT,Jueves,Tarde,0,0
2173,2025-12-04,Grupo easy,EC4212,napoli,14:35:00,En hora,180,Airbus A320,R,EU,Jueves,Tarde,0,0
2174,2025-12-04,Norwegian Air Sweden AOC,D85502,stockholm,14:40:00,En hora,189,Boeing 737-800,U,EU,Jueves,Tarde,0,0
2175,2025-12-04,Bluebird Airways,BZ251,tel aviv,14:45:00,En hora,189,Boeing 737-800,W,INT,Jueves,Tarde,0,0
2176,2025-12-04,SmartWings,QS1059,prague,14:55:00,Retrasado,149,Airbus A220-300,U,EU,Jueves,Tarde,0,0
2177,2025-12-04,Grupo Ryanair,FR3189,fes,15:00:00,Retrasado,189,Boeing 737-800,Y,INT,Jueves,Tarde,0,0
2178,2025-12-04,Grupo Ryanair,FR2922,brussels,16:05:00,En hora,189,Boeing 737-800,U,EU,Jueves,Tarde,0,0
2179,2025-12-04,Volotea,V73573,asturias,16:05:00,En hora,156,Airbus A319,R,NAC,Jueves,Tarde,0,0
2180,2025-12-04,Volotea,V73700,vitoria,16:15:00,En hora,180,Airbus A320,R,NAC,Jueves,Tarde,0,0
2181,2025-12-04,Grupo Ryanair,FR9045,london,16:30:00,En hora,189,Boeing 737-800,W,INT,Jueves,Tarde,0,0
2182,2025-12-04,Grupo Ryanair,FR9913,tallinn,16:30:00,En hora,197,Boeing 737 MAX 8,U,EU,Jueves,Tarde,0,0
2183,2025-12-04,Grupo Ryanair,FR4585,porto,16:35:00,En hora,197,Boeing 737 MAX 8,U,EU,Jueves,Tarde,0,0
2184,2025-12-04,Grupo easy,EC1378,geneva,16:50:00,Retrasado,180,Airbus A320,R,EU,Jueves,Tarde,0,0
2185,2025-12-04,Grupo easy,EC7173,berlin,17:25:00,En hora,156,Airbus A319,R,EU,Jueves,Tarde,0,0
2186,2025-12-04,Grupo Ryanair,RR8394,budapest,17:30:00,En hora,189,Boeing 737-800,S,EU,Jueves,Tarde,0,0
2187,2025-12-04,Volotea,V72327,strasbourg,17:30:00,En hora,180,Airbus A320,R,EU,Jueves,Tarde,0,0
2188,2025-12-04,Grupo Ryanair,RR6300,sofia,17:45:00,En hora,189,Boeing 737-800,U,EU,Jueves,Tarde,0,0
2189,2025-12-04,Grupo Ryanair,FR5718,bratislava,18:00:00,En hora,189,Boeing 737-800,U,EU,Jueves,Tarde,0,0
2190,2025-12-04,Grupo easy,EC7139,rennes/saint-jacques,18:15:00,En hora,156,Airbus A319,R,EU,Jueves,Tarde,0,0
2191,2025-12-04,Grupo Ryanair,FR3078,lisbon,18:30:00,En hora,189,Boeing 737-800,S,EU,Jueves,Tarde,0,0
2192,2025-12-04,Grupo Ryanair,FR6394,dublin,18:30:00,En hora,197,Boeing 737 MAX 8,W,INT,Jueves,Tarde,0,0
2193,2025-12-04,Grupo easy,EC7103,"basel, switzerland/mulhouse",18:40:00,Retrasado,156,Airbus A319,R,EU,Jueves,Tarde,0,0
2194,2025-12-04,Grupo wizz,W43180,bucharest,18:45:00,En hora,230,Airbus A321,S,EU,Jueves,Tarde,0,0
2195,2025-12-04,Grupo wizz,W61176,katowice,18:55:00,Retrasado,239,Airbus A321neo,U,EU,Jueves,Tarde,0,0
2196,2025-12-04,Grupo Ryanair,RR3193,riga,19:05:00,En hora,189,Boeing 737-800,S,EU,Jueves,Tarde,0,0
2197,2025-12-04,Grupo easy,EC7155,milan,19:15:00,En hora,156,Airbus A319,R,EU,Jueves,Tarde,0,0
2198,2025-12-04,Grupo Ryanair,FR1342,palma de mallorca,19:25:00,En hora,189,Boeing 737-800,S,NAC,Jueves,Tarde,0,0
2199,2025-12-04,Grupo Ryanair,FR8217,london,19:25:00,En hora,189,Boeing 737-800,W,INT,Jueves,Tarde,0,0
2200,2025-12-04,Grupo wizz,W64406,sofia,19:35:00,En hora,239,Airbus A321neo,U,EU,Jueves,Tarde,0,0
2201,2025-12-04,Air Arabia Maroc,3O378,tanger,19:40:00,Retrasado,174,Airbus A320,Y,INT,Jueves,Tarde,0,0
2202,2025-12-04,Eurowings,EW2521,stuttgart,19:40:00,Retrasado,232,Airbus A321neo,S,EU,Jueves,Tarde,0,0
2203,2025-12-04,Grupo wizz,W61478,warsaw,19:40:00,En hora,239,Airbus A321neo,U,EU,Jueves,Tarde,0,0
2204,2025-12-04,Grupo Ryanair,FR8598,reggio calabria,19:45:00,En hora,189,Boeing 737-800,U,EU,Jueves,Tarde,0,0
2205,2025-12-04,Grupo easy,U28058,london,19:45:00,En hora,186,Airbus A320neo,M,INT,Jueves,Tarde,0,0
2206,2025-12-04,Grupo Ryanair,FR8631,tanger,19:55:00,En hora,189,Boeing 737-800,Y,INT,Jueves,Tarde,0,0
2207,2025-12-04,Volotea,V72167,lille/lesquin,19:55:00,En hora,180,Airbus A320,S,EU,Jueves,Tarde,0,0
2208,2025-12-04,Transavia,HV6788,eindhoven,20:00:00,Retrasado,189,Boeing 737-800,U,EU,Jueves,Noche,0,0
2209,2025-12-04,Grupo easy,EC1956,milan,20:15:00,En hora,180,Airbus A320,R,EU,Jueves,Noche,0,0
2210,2025-12-04,Air Arabia Maroc,3O376,al aaroui,20:25:00,Retrasado,174,Airbus A320,Y,INT,Jueves,Noche,0,0
2211,2025-12-04,Grupo Ryanair,FR3143,milan,20:25:00,En hora,189,Boeing 737-800,R,EU,Jueves,Noche,0,0
2212,2025-12-04,Grupo Ryanair,FR4587,porto,20:45:00,En hora,197,Boeing 737 MAX 8,R,EU,Jueves,Noche,0,0
2213,2025-12-04,Transavia,HV5136,amsterdam,20:45:00,En hora,232,Airbus A321neo,U,EU,Jueves,Noche,0,0
2214,2025-12-04,Grupo wizz,W62378,budapest,20:45:00,En hora,239,Airbus A321neo,U,EU,Jueves,Noche,0,0
2215,2025-12-04,Transavia,TO4759,paris,20:50:00,En hora,186,Airbus A320neo,U,EU,Jueves,Noche,0,0
2216,2025-12-04,Grupo easy,U22324,london,20:55:00,En hora,186,Airbus A320neo,M,INT,Jueves,Noche,0,0
2217,2025-12-04,Grupo wizz,W64738,skopje,20:55:00,En hora,239,Airbus A321neo,W,INT,Jueves,Noche,0,0
2218,2025-12-04,Grupo Ryanair,RR333,gdansk,21:00:00,En hora,189,Boeing 737-800,U,EU,Jueves,Noche,0,0
2219,2025-12-04,Aer Lingus,EI565,dublin,21:05:00,Retrasado,174,Airbus A320,W,INT,Jueves,Noche,0,0
2220,2025-12-04,Grupo easy,EC1380,geneva,21:15:00,Retrasado,180,Airbus A320,R,EU,Jueves,Noche,0,0
2221,2025-12-04,Grupo Ryanair,FR1527,valletta,21:20:00,Retrasado,197,Boeing 737 MAX 8,R,EU,Jueves,Noche,0,0
2222,2025-12-04,Grupo wizz,W43178,bucharest,21:20:00,Retrasado,230,Airbus A321,S,EU,Jueves,Noche,0,0
2223,2025-12-04,Grupo wizz,W46728,venice,21:20:00,En hora,230,Airbus A321,S,EU,Jueves,Noche,0,0
2224,2025-12-04,Grupo wizz,W43406,cluj-napoca,21:25:00,En hora,180,Airbus A320,S,EU,Jueves,Noche,0,0
2225,2025-12-04,Grupo Ryanair,RR3035,krakow,21:30:00,Retrasado,197,Boeing 737 MAX 8,U,EU,Jueves,Noche,0,0
2226,2025-12-04,Grupo Ryanair,RR4084,warsaw,21:30:00,En hora,189,Boeing 737-800,U,EU,Jueves,Noche,0,0
2227,2025-12-04,Grupo wizz,W46020,rome,21:35:00,Retrasado,239,Airbus A321neo,S,EU,Jueves,Noche,0,0
2228,2025-12-04,Grupo wizz,W64116,belgrade,22:10:00,En hora,239,Airbus A321neo,Y,INT,Jueves,Noche,0,0
2229,2025-12-04,Grupo wizz,W45154,tirana,22:45:00,En hora,239,Airbus A321neo,W,INT,Jueves,Noche,0,0
2230,2025-12-05,Grupo easy,EC7105,geneva,06:10:00,En hora,156,Airbus A319,R,EU,Viernes,Mañana,0,1
2231,2025-12-05,Grupo Ryanair,FR8183,bologna,06:10:00,En hora,189,Boeing 737-800,S,EU,Viernes,Mañana,0,1
2232,2025-12-05,Grupo Ryanair,FR8231,london,06:10:00,En hora,189,Boeing 737-800,Y,INT,Viernes,Mañana,0,1
2233,2025-12-05,Grupo Ryanair,FR777,venice,06:20:00,En hora,189,Boeing 737-800,U,EU,Viernes,Mañana,0,1
2234,2025-12-05,Grupo Ryanair,FR846,milan,06:25:00,En hora,189,Boeing 737-800,U,EU,Viernes,Mañana,0,1
2235,2025-12-05,Grupo Ryanair,FR133,berlin,06:35:00,En hora,189,Boeing 737-800,U,EU,Viernes,Mañana,0,1
2236,2025-12-05,Grupo Ryanair,FR4545,porto,06:45:00,En hora,197,Boeing 737 MAX 8,R,EU,Viernes,Mañana,0,1
2237,2025-12-05,Grupo easy,EC7101,"basel, switzerland/mulhouse",07:20:00,En hora,156,Airbus A319,R,EU,Viernes,Mañana,0,1
2238,2025-12-05,Grupo easy,EC7199,edinburgh,07:20:00,En hora,156,Airbus A319,M,INT,Viernes,Mañana,0,1
2239,2025-12-05,Grupo Ryanair,LW2889,palma de mallorca,07:40:00,En hora,180,Airbus A320,S,NAC,Viernes,Mañana,0,1
2240,2025-12-05,Norwegian Air Sweden AOC,D85502,stockholm,08:00:00,Retrasado,189,Boeing 737-800,S,EU,Viernes,Mañana,0,1
2241,2025-12-05,Grupo Ryanair,FR3976,dublin,08:00:00,En hora,189,Boeing 737-800,W,INT,Viernes,Mañana,0,1
2242,2025-12-05,Grupo Ryanair,FR3185,rabat,08:10:00,En hora,189,Boeing 737-800,Y,INT,Viernes,Mañana,0,1
2243,2025-12-05,Grupo Ryanair,FR6973,rome,08:15:00,En hora,189,Boeing 737-800,R,EU,Viernes,Mañana,0,1
2244,2025-12-05,Grupo easy,EC1376,geneva,08:40:00,En hora,156,Airbus A319,R,EU,Viernes,Mañana,0,1
2245,2025-12-05,Grupo Ryanair,FR5752,valletta,08:40:00,En hora,197,Boeing 737 MAX 8,S,EU,Viernes,Mañana,0,1
2246,2025-12-05,Transavia,TO4751,paris,08:45:00,En hora,186,Airbus A320neo,U,EU,Viernes,Mañana,0,1
2247,2025-12-05,Grupo Ryanair,FR1165,sevilla,09:00:00,En hora,189,Boeing 737-800,S,NAC,Viernes,Mañana,0,1
2248,2025-12-05,Grupo wizz,W62048,krakow,09:05:00,En hora,239,Airbus A321neo,S,EU,Viernes,Mañana,0,1
2249,2025-12-05,Grupo easy,EC3737,milan,09:10:00,En hora,180,Airbus A320,R,EU,Viernes,Mañana,0,1
2250,2025-12-05,Grupo Ryanair,FR2834,charleroi,09:15:00,En hora,197,Boeing 737 MAX 8,U,EU,Viernes,Mañana,0,1
2251,2025-12-05,Air Arabia Maroc,3O374,casablanca,09:25:00,En hora,174,Airbus A320,Y,INT,Viernes,Mañana,0,1
2252,2025-12-05,Grupo Ryanair,LW12,vienna,09:25:00,En hora,180,Airbus A320,R,EU,Viernes,Mañana,0,1
2253,2025-12-05,Grupo wizz,W43176,bucharest,09:25:00,En hora,230,Airbus A321,S,EU,Viernes,Mañana,0,1
2254,2025-12-05,Grupo wizz,W45088,tirana,09:25:00,En hora,230,Airbus A321,W,INT,Viernes,Mañana,0,1
2255,2025-12-05,Grupo wizz,W62376,budapest,09:25:00,En hora,239,Airbus A321neo,U,EU,Viernes,Mañana,0,1
2256,2025-12-05,Grupo Ryanair,FR3028,ibiza,09:40:00,En hora,189,Boeing 737-800,U,NAC,Viernes,Mañana,0,1
2257,2025-12-05,Grupo Ryanair,FR3320,milan,09:45:00,En hora,189,Boeing 737-800,U,EU,Viernes,Mañana,0,1
2258,2025-12-05,Transavia,HV6788,eindhoven,09:45:00,En hora,189,Boeing 737-800,U,EU,Viernes,Mañana,0,1
2259,2025-12-05,Grupo easy,U26654,birmingham,09:45:00,Retrasado,186,Airbus A320neo,M,INT,Viernes,Mañana,0,1
2260,2025-12-05,Air Arabia Maroc,3O378,tanger,09:50:00,En hora,174,Airbus A320,Y,INT,Viernes,Mañana,0,1
2261,2025-12-05,Grupo easy,EC7656,lisbon,09:55:00,Retrasado,230,Airbus A321,R,EU,Viernes,Mañana,0,1
2262,2025-12-05,Air Serbia,JU581,belgrade,09:55:00,Retrasado,174,Airbus A320,Y,INT,Viernes,Mañana,0,1
2263,2025-12-05,Grupo Ryanair,FR9015,london,10:00:00,Retrasado,197,Boeing 737 MAX 8,W,INT,Viernes,Mañana,0,1
2264,2025-12-05,Grupo wizz,W46018,rome,10:00:00,En hora,239,Airbus A321neo,S,EU,Viernes,Mañana,0,1
2265,2025-12-05,Grupo Ryanair,FR6920,dublin,10:05:00,En hora,197,Boeing 737 MAX 8,Y,INT,Viernes,Mañana,0,1
2266,2025-12-05,Transavia,HV5132,amsterdam,10:05:00,Retrasado,232,Airbus A321neo,S,EU,Viernes,Mañana,0,1
2267,2025-12-05,Eurowings,EW7521,hamburg,10:10:00,En hora,180,Airbus A320,S,EU,Viernes,Mañana,0,1
2268,2025-12-05,Grupo wizz,W61476,warsaw,10:15:00,Retrasado,239,Airbus A321neo,U,EU,Viernes,Mañana,0,1
2269,2025-12-05,Grupo Ryanair,FR2239,marrakech,10:20:00,Retrasado,189,Boeing 737-800,Y,INT,Viernes,Mañana,0,1
2270,2025-12-05,Grupo easy,U22002,manchester,10:25:00,Retrasado,186,Airbus A320neo,M,INT,Viernes,Mañana,0,1
2271,2025-12-05,Grupo easy,U22324,london,10:25:00,Retrasado,186,Airbus A320neo,M,INT,Viernes,Mañana,0,1
2272,2025-12-05,Grupo easy,EC7131,nice/cote d'azur,10:30:00,En hora,156,Airbus A319,R,EU,Viernes,Mañana,0,1
2273,2025-12-05,Grupo Ryanair,FR6267,edinburgh,10:30:00,Retrasado,189,Boeing 737-800,W,INT,Viernes,Mañana,0,1
2274,2025-12-05,Grupo easy,EC4212,napoli,10:35:00,En hora,180,Airbus A320,R,EU,Viernes,Mañana,0,1
2275,2025-12-05,Transavia,HV6064,rotterdam,10:40:00,En hora,189,Boeing 737-800,U,EU,Viernes,Mañana,0,1
2276,2025-12-05,Grupo easy,U22704,bristol,10:50:00,En hora,180,Airbus A320,M,INT,Viernes,Mañana,0,1
2277,2025-12-05,Grupo Ryanair,FR5270,manchester,10:55:00,En hora,197,Boeing 737 MAX 8,W,INT,Viernes,Mañana,0,1
2278,2025-12-05,Grupo Ryanair,RR8384,budapest,11:00:00,En hora,189,Boeing 737-800,R,EU,Viernes,Mañana,0,1
2279,2025-12-05,Grupo Ryanair,FR3166,palermo,11:10:00,En hora,189,Boeing 737-800,S,EU,Viernes,Mañana,0,1
2280,2025-12-05,Grupo Ryanair,FR269,milan,11:20:00,En hora,189,Boeing 737-800,U,EU,Viernes,Mañana,0,1
2281,2025-12-05,FLYONE Armenia,3F232,yerevan,11:30:00,Retrasado,180,Airbus A320,W,INT,Viernes,Mañana,0,1
2282,2025-12-05,Aer Lingus,EI563,dublin,11:35:00,En hora,174,Airbus A320,W,INT,Viernes,Mañana,0,1
2283,2025-12-05,Grupo Ryanair,FR3121,paris,11:35:00,En hora,197,Boeing 737 MAX 8,U,EU,Viernes,Mañana,0,1
2284,2025-12-05,Grupo Ryanair,LW2896,palma de mallorca,11:35:00,En hora,180,Airbus A320,U,NAC,Viernes,Mañana,0,1
2285,2025-12-05,Grupo easy,EC7141,strasbourg,11:45:00,En hora,156,Airbus A319,R,EU,Viernes,Mañana,0,1
2286,2025-12-05,Grupo Ryanair,RR3049,krakow,11:45:00,En hora,189,Boeing 737-800,S,EU,Viernes,Mañana,0,1
2287,2025-12-05,Grupo easy,U28056,london,11:45:00,En hora,186,Airbus A320neo,M,INT,Viernes,Mañana,0,1
2288,2025-12-05,Icelandair,FI597,keflavik,11:50:00,Retrasado,160,Boeing 737 MAX 8,U,EU,Viernes,Mañana,0,1
2289,2025-12-05,Grupo Ryanair,FR774,torino,11:55:00,En hora,189,Boeing 737-800,S,EU,Viernes,Mañana,0,1
2290,2025-12-05,Grupo easy,EC8064,london,12:15:00,En hora,156,Airbus A319,M,INT,Viernes,Tarde,0,1
2291,2025-12-05,Grupo Ryanair,FR4585,porto,12:15:00,En hora,197,Boeing 737 MAX 8,S,EU,Viernes,Tarde,0,1
2292,2025-12-05,Norwegian Air Sweden AOC,D83657,copenhagen,12:30:00,Retrasado,189,Boeing 737 MAX 8,S,EU,Viernes,Tarde,0,1
2293,2025-12-05,Grupo Ryanair,FR575,bologna,12:45:00,En hora,189,Boeing 737-800,R,EU,Viernes,Tarde,0,1
2294,2025-12-05,Grupo Ryanair,FR58,napoli,12:45:00,Retrasado,189,Boeing 737-800,S,EU,Viernes,Tarde,0,1
2295,2025-12-05,Pegasus Airlines,PC1092,istanbul,12:45:00,En hora,239,Airbus A321neo,W,INT,Viernes,Tarde,0,1
2296,2025-12-05,Grupo Ryanair,FR6874,dublin,12:55:00,Retrasado,197,Boeing 737 MAX 8,Y,INT,Viernes,Tarde,0,1
2297,2025-12-05,Grupo wizz,W67022,bratislava,12:55:00,En hora,239,Airbus A321neo,U,EU,Viernes,Tarde,0,1
2298,2025-12-05,Grupo wizz,W46330,milan,13:10:00,Retrasado,239,Airbus A321neo,U,EU,Viernes,Tarde,0,1
2299,2025-12-05,HiSky,H4264,bucharest,13:20:00,En hora,186,Airbus A320,R,EU,Viernes,Tarde,0,1
2300,2025-12-05,Norwegian Air Shuttle,DY1741,oslo,13:25:00,En hora,189,Boeing 737-800,S,EU,Viernes,Tarde,0,1
2301,2025-12-05,FlyOne,5F5512,chisinau,13:30:00,Retrasado,194,Airbus A321,W,INT,Viernes,Tarde,0,1
2302,2025-12-05,Pegasus Airlines,PC1528,izmir,13:30:00,En hora,180,Airbus A320,Y,INT,Viernes,Tarde,0,1
2303,2025-12-05,Grupo Ryanair,FR2922,brussels,13:35:00,En hora,189,Boeing 737-800,U,EU,Viernes,Tarde,0,1
2304,2025-12-05,Grupo Ryanair,FR6078,ouarzazate,13:50:00,En hora,189,Boeing 737-800,W,INT,Viernes,Tarde,0,1
2305,2025-12-05,Jet2,LS804,manchester,13:50:00,En hora,189,Boeing 737-800,Y,INT,Viernes,Tarde,0,1
2306,2025-12-05,Grupo Ryanair,FR3180,rome,13:55:00,En hora,189,Boeing 737-800,S,EU,Viernes,Tarde,0,1
2307,2025-12-05,Air Baltic,BT684,riga,14:05:00,Retrasado,148,Airbus A220-300,U,EU,Viernes,Tarde,0,1
2308,2025-12-05,Azores Airlines,S4507,ponta delgada,14:05:00,En hora,186,Airbus A320neo,U,EU,Viernes,Tarde,0,1
2309,2025-12-05,Turkish Airlines,TK608,ankara,14:15:00,En hora,151,Boeing 737 MAX 8,Y,INT,Viernes,Tarde,0,1
2310,2025-12-05,Grupo easy,EC7153,milan,14:20:00,Retrasado,156,Airbus A319,R,EU,Viernes,Tarde,0,1
2311,2025-12-05,Grupo Ryanair,LW7351,vienna,14:20:00,En hora,180,Airbus A320,U,EU,Viernes,Tarde,0,1
2312,2025-12-05,Grupo Ryanair,FR8215,london,14:35:00,En hora,189,Boeing 737-800,Y,INT,Viernes,Tarde,0,1
2313,2025-12-05,Grupo easy,EC7107,geneva,14:40:00,En hora,156,Airbus A319,R,EU,Viernes,Tarde,0,1
2314,2025-12-05,Grupo Ryanair,FR2233,al aaroui,14:40:00,En hora,189,Boeing 737-800,W,INT,Viernes,Tarde,0,1
2315,2025-12-05,Volotea,V71443,ancona,14:45:00,En hora,180,Airbus A320,S,EU,Viernes,Tarde,0,1
2316,2025-12-05,Grupo wizz,W64406,sofia,14:50:00,En hora,239,Airbus A321neo,S,EU,Viernes,Tarde,0,1
2317,2025-12-05,Grupo Ryanair,FR2507,cologne-bonn,14:55:00,En hora,189,Boeing 737-800,S,EU,Viernes,Tarde,0,1
2318,2025-12-05,Grupo Ryanair,FR867,venice,14:55:00,En hora,189,Boeing 737-800,U,EU,Viernes,Tarde,0,1
2319,2025-12-05,SmartWings,QS1059,prague,14:55:00,En hora,189,Boeing 737-800,S,EU,Viernes,Tarde,0,1
2320,2025-12-05,Grupo Ryanair,FR1342,palma de mallorca,15:00:00,En hora,189,Boeing 737-800,U,NAC,Viernes,Tarde,0,1
2321,2025-12-05,Grupo Ryanair,FR5718,bratislava,15:10:00,En hora,189,Boeing 737-800,R,EU,Viernes,Tarde,0,1
2322,2025-12-05,Volotea,V73735,murcia,15:15:00,En hora,156,Airbus A319,U,NAC,Viernes,Tarde,0,1
2323,2025-12-05,Grupo Ryanair,FR483,malaga,15:25:00,Retrasado,197,Boeing 737 MAX 8,U,NAC,Viernes,Tarde,0,1
2324,2025-12-05,Grupo easy,EC7694,lisbon,15:30:00,Retrasado,180,Airbus A320,R,EU,Viernes,Tarde,0,1
2325,2025-12-05,Grupo wizz,W61412,warsaw,15:40:00,En hora,239,Airbus A321neo,U,EU,Viernes,Tarde,0,1
2326,2025-12-05,Pegasus Airlines,PC1094,istanbul,15:45:00,En hora,239,Airbus A321neo,Y,INT,Viernes,Tarde,0,1
2327,2025-12-05,Grupo Ryanair,FR9045,london,16:05:00,En hora,189,Boeing 737-800,Y,INT,Viernes,Tarde,0,1
2328,2025-12-05,Norwegian Air Sweden AOC,D85510,copenhagen,16:15:00,En hora,189,Boeing 737-800,U,EU,Viernes,Tarde,0,1
2329,2025-12-05,Grupo Ryanair,FR2925,brussels,16:15:00,Retrasado,189,Boeing 737-800,R,EU,Viernes,Tarde,0,1
2330,2025-12-05,Grupo Ryanair,FR6985,rome,16:15:00,Retrasado,189,Boeing 737-800,S,EU,Viernes,Tarde,0,1
2331,2025-12-05,Grupo wizz,W43564,timisoara,16:25:00,En hora,180,Airbus A320,U,EU,Viernes,Tarde,0,1
2332,2025-12-05,Grupo Ryanair,FR3129,ibiza,16:45:00,Retrasado,189,Boeing 737-800,S,NAC,Viernes,Tarde,0,1
2333,2025-12-05,Grupo easy,EC7173,berlin,16:50:00,Retrasado,156,Airbus A319,R,EU,Viernes,Tarde,0,1
2334,2025-12-05,Volotea,V73700,vitoria,16:50:00,En hora,180,Airbus A320,U,NAC,Viernes,Tarde,0,1
2335,2025-12-05,Grupo Ryanair,FR878,venice,16:55:00,En hora,180,Airbus A320,R,EU,Viernes,Tarde,0,1
2336,2025-12-05,Grupo Ryanair,FR4587,porto,17:05:00,En hora,197,Boeing 737 MAX 8,S,EU,Viernes,Tarde,0,1
2337,2025-12-05,Grupo wizz,W67920,kopitnari,17:15:00,En hora,239,Airbus A321neo,Y,INT,Viernes,Tarde,0,1
2338,2025-12-05,Grupo Ryanair,FR3076,stockholm,17:30:00,Retrasado,197,Boeing 737 MAX 8,S,EU,Viernes,Tarde,0,1
2339,2025-12-05,Volotea,V73573,asturias,17:40:00,En hora,156,Airbus A319,U,NAC,Viernes,Tarde,0,1
2340,2025-12-05,Transavia,HV5134,amsterdam,17:45:00,En hora,189,Boeing 737-800,U,EU,Viernes,Tarde,0,1
2341,2025-12-05,Grupo Ryanair,FR6341,rome,18:00:00,En hora,189,Boeing 737-800,S,EU,Viernes,Tarde,0,1
2342,2025-12-05,Grupo Ryanair,FR6353,milan,18:00:00,En hora,197,Boeing 737 MAX 8,S,EU,Viernes,Tarde,0,1
2343,2025-12-05,Grupo easy,EC7205,southampton,18:10:00,En hora,156,Airbus A319,M,INT,Viernes,Tarde,0,1
2344,2025-12-05,Air Arabia Maroc,3O398,rabat,18:30:00,Retrasado,174,Airbus A320,Y,INT,Viernes,Tarde,0,1
2345,2025-12-05,Grupo wizz,W43686,iasi,18:30:00,En hora,180,Airbus A320,U,EU,Viernes,Tarde,0,1
2346,2025-12-05,Grupo Ryanair,FR2098,bologna,18:35:00,En hora,189,Boeing 737-800,U,EU,Viernes,Tarde,0,1
2347,2025-12-05,Grupo easy,EC7103,"basel, switzerland/mulhouse",18:45:00,Retrasado,156,Airbus A319,R,EU,Viernes,Tarde,0,1
2348,2025-12-05,Grupo Ryanair,FR3189,fes,18:50:00,Retrasado,189,Boeing 737-800,W,INT,Viernes,Tarde,0,1
2349,2025-12-05,Grupo wizz,W61478,warsaw,19:00:00,En hora,239,Airbus A321neo,U,EU,Viernes,Tarde,0,1
2350,2025-12-05,Grupo easy,EC7155,milan,19:10:00,Retrasado,156,Airbus A319,R,EU,Viernes,Tarde,0,1
2351,2025-12-05,Grupo Ryanair,FR149,berlin,19:15:00,En hora,197,Boeing 737 MAX 8,R,EU,Viernes,Tarde,0,1
2352,2025-12-05,Grupo Ryanair,FR3078,lisbon,19:20:00,En hora,189,Boeing 737-800,R,EU,Viernes,Tarde,0,1
2353,2025-12-05,Grupo Ryanair,RR6330,sofia,19:20:00,En hora,189,Boeing 737-800,R,EU,Viernes,Tarde,0,1
2354,2025-12-05,Grupo Ryanair,FR9111,torino,19:25:00,Retrasado,197,Boeing 737 MAX 8,U,EU,Viernes,Tarde,0,1
2355,2025-12-05,Volotea,V72165,nantes/atlantique,19:30:00,En hora,156,Airbus A319,S,EU,Viernes,Tarde,0,1
2356,2025-12-05,Eurowings,EW9443,dusseldorf,19:35:00,Retrasado,232,Airbus A321neo,S,EU,Viernes,Tarde,0,1
2357,2025-12-05,Grupo Ryanair,FR2330,al aaroui,19:35:00,En hora,189,Boeing 737-800,W,INT,Viernes,Tarde,0,1
2358,2025-12-05,Grupo Ryanair,LW7362,vienna,19:40:00,En hora,180,Airbus A320,S,EU,Viernes,Tarde,0,1
2359,2025-12-05,Grupo easy,U28058,london,19:40:00,Retrasado,180,Airbus A320,M,INT,Viernes,Tarde,0,1
2360,2025-12-05,Grupo Ryanair,FR6374,paris,19:45:00,En hora,189,Boeing 737-800,U,EU,Viernes,Tarde,0,1
2361,2025-12-05,Eurowings,EW2521,stuttgart,19:55:00,Retrasado,232,Airbus A321neo,S,EU,Viernes,Tarde,0,1
2362,2025-12-05,Volotea,V71415,verona,19:55:00,En hora,180,Airbus A320,U,EU,Viernes,Tarde,0,1
2363,2025-12-05,Grupo wizz,W64666,larnaca,19:55:00,En hora,230,Airbus A321,W,INT,Viernes,Tarde,0,1
2364,2025-12-05,Grupo Ryanair,FR1527,valletta,20:05:00,Retrasado,189,Boeing 737-800,S,EU,Viernes,Noche,0,1
2365,2025-12-05,Grupo Ryanair,FR2402,sevilla,20:10:00,En hora,189,Boeing 737-800,U,NAC,Viernes,Noche,0,1
2366,2025-12-05,Grupo Ryanair,FR6275,edinburgh,20:10:00,Retrasado,197,Boeing 737 MAX 8,Y,INT,Viernes,Noche,0,1
2367,2025-12-05,Grupo Ryanair,FR6305,milan,20:10:00,Retrasado,197,Boeing 737 MAX 8,R,EU,Viernes,Noche,0,1
2368,2025-12-05,Grupo wizz,W62096,krakow,20:10:00,Retrasado,239,Airbus A321neo,S,EU,Viernes,Noche,0,1
2369,2025-12-05,Grupo easy,EC1956,milan,20:15:00,En hora,180,Airbus A320,R,EU,Viernes,Noche,0,1
2370,2025-12-05,Grupo wizz,W42940,vienna,20:20:00,En hora,239,Airbus A321neo,U,EU,Viernes,Noche,0,1
2371,2025-12-05,T'Way Air,TW408,seoul/incheon,20:30:00,En hora,246,Airbus A330-200,W,INT,Viernes,Noche,0,1
2372,2025-12-05,Volotea,V72135,bordeaux,20:30:00,En hora,180,Airbus A320,U,EU,Viernes,Noche,0,1
2373,2025-12-05,Grupo Ryanair,FR7539,milan,20:35:00,En hora,189,Boeing 737-800,R,EU,Viernes,Noche,0,1
2374,2025-12-05,Grupo Ryanair,FR8631,tanger,20:35:00,Retrasado,189,Boeing 737-800,Y,INT,Viernes,Noche,0,1
2375,2025-12-05,Air Serbia,JU585,belgrade,20:35:00,En hora,144,Airbus A319,Y,INT,Viernes,Noche,0,1
2376,2025-12-05,Grupo Ryanair,RR1786,vilnius,20:35:00,En hora,197,Boeing 737 MAX 8,R,EU,Viernes,Noche,0,1
2377,2025-12-05,Luxair,LG3592,luxembourg,20:40:00,En hora,141,Boeing 737-700,R,EU,Viernes,Noche,0,1
2378,2025-12-05,Grupo wizz,W62378,budapest,20:45:00,Retrasado,239,Airbus A321neo,S,EU,Viernes,Noche,0,1
2379,2025-12-05,Grupo Ryanair,FR5710,napoli,20:50:00,Retrasado,197,Boeing 737 MAX 8,U,EU,Viernes,Noche,0,1
2380,2025-12-05,Transavia,TO4759,paris,20:50:00,Retrasado,186,Airbus A320neo,S,EU,Viernes,Noche,0,1
2381,2025-12-05,Grupo easy,U22326,london,20:55:00,En hora,180,Airbus A320,M,INT,Viernes,Noche,0,1
2382,2025-12-05,Grupo Ryanair,RR8394,budapest,21:00:00,Retrasado,189,Boeing 737-800,U,EU,Viernes,Noche,0,1
2383,2025-12-05,Aer Lingus,EI565,dublin,21:05:00,En hora,174,Airbus A320,W,INT,Viernes,Noche,0,1
2384,2025-12-05,Grupo easy,U23374,liverpool,21:05:00,En hora,156,Airbus A319,M,INT,Viernes,Noche,0,1
2385,2025-12-05,Grupo Ryanair,FR3174,ibiza,21:10:00,Retrasado,189,Boeing 737-800,S,NAC,Viernes,Noche,0,1
2386,2025-12-05,Grupo easy,EC1380,geneva,21:15:00,Retrasado,180,Airbus A320,R,EU,Viernes,Noche,0,1
2387,2025-12-05,Grupo wizz,W43178,bucharest,21:20:00,En hora,230,Airbus A321,S,EU,Viernes,Noche,0,1
2388,2025-12-05,Grupo wizz,W43406,cluj-napoca,21:25:00,En hora,180,Airbus A320,S,EU,Viernes,Noche,0,1
2389,2025-12-05,Grupo Ryanair,RR6944,warsaw,21:30:00,En hora,189,Boeing 737-800,U,EU,Viernes,Noche,0,1
2390,2025-12-05,Grupo Ryanair,FR7808,london,21:35:00,Retrasado,197,Boeing 737 MAX 8,Y,INT,Viernes,Noche,0,1
2391,2025-12-05,Grupo wizz,W46020,rome,21:35:00,Retrasado,239,Airbus A321neo,S,EU,Viernes,Noche,0,1
2392,2025-12-05,Grupo Ryanair,FR8669,dublin,21:40:00,En hora,189,Boeing 737-800,Y,INT,Viernes,Noche,0,1
2393,2025-12-05,Grupo Ryanair,FR9811,london,21:40:00,En hora,189,Boeing 737-800,W,INT,Viernes,Noche,0,1
2394,2025-12-05,Grupo easy,EC7682,lisbon,21:45:00,En hora,230,Airbus A321,R,EU,Viernes,Noche,0,1
2395,2025-12-05,Grupo Ryanair,FR2495,palma de mallorca,21:45:00,Retrasado,189,Boeing 737-800,U,NAC,Viernes,Noche,0,1
2396,2025-12-05,Grupo Ryanair,FR6597,manchester,21:45:00,En hora,189,Boeing 737-800,W,INT,Viernes,Noche,0,1
2397,2025-12-05,Grupo Ryanair,FR2250,marrakech,21:55:00,En hora,189,Boeing 737-800,Y,INT,Viernes,Noche,0,1
2398,2025-12-05,Grupo Ryanair,FR3792,birmingham,21:55:00,En hora,189,Boeing 737-800,W,INT,Viernes,Noche,0,1
2399,2025-12-05,Grupo wizz,W64116,belgrade,21:55:00,Retrasado,239,Airbus A321neo,Y,INT,Viernes,Noche,0,1
2400,2025-12-05,Grupo wizz,W46728,venice,22:00:00,En hora,239,Airbus A321neo,U,EU,Viernes,Noche,0,1
2401,2025-12-05,Grupo easy,U28060,london,22:15:00,Retrasado,180,Airbus A320,M,INT,Viernes,Noche,0,1
2402,2025-12-05,Grupo Ryanair,FR3080,malaga,22:30:00,Retrasado,197,Boeing 737 MAX 8,U,NAC,Viernes,Noche,0,1
2403,2025-12-05,Grupo wizz,W45154,tirana,22:45:00,En hora,239,Airbus A321neo,Y,INT,Viernes,Noche,0,1
2404,2025-12-05,Grupo wizz,W61706,gdansk,22:50:00,Retrasado,239,Airbus A321neo,U,EU,Viernes,Noche,0,1
2405,2025-12-05,Grupo Ryanair,FR9814,london,23:10:00,En hora,189,Boeing 737-800,W,INT,Viernes,Noche,0,1
2406,2025-12-06,Grupo Ryanair,FR846,milan,06:00:00,En hora,189,Boeing 737-800,S,EU,Sábado,Mañana,1,0
2407,2025-12-06,Grupo easy,EC7105,geneva,06:10:00,En hora,156,Airbus A319,R,EU,Sábado,Mañana,1,0
2408,2025-12-06,Grupo Ryanair,FR5718,bratislava,06:10:00,En hora,189,Boeing 737-800,S,EU,Sábado,Mañana,1,0
2409,2025-12-06,Grupo Ryanair,FR4545,porto,06:15:00,Retrasado,197,Boeing 737 MAX 8,U,EU,Sábado,Mañana,1,0
2410,2025-12-06,Grupo Ryanair,FR1342,palma de mallorca,06:20:00,Retrasado,189,Boeing 737-800,R,NAC,Sábado,Mañana,1,0
2411,2025-12-06,Grupo Ryanair,FR777,venice,06:30:00,En hora,189,Boeing 737-800,U,EU,Sábado,Mañana,1,0
2412,2025-12-06,Grupo Ryanair,FR8217,london,06:55:00,En hora,189,Boeing 737-800,W,INT,Sábado,Mañana,1,0
2413,2025-12-06,Grupo easy,EC7151,milan,07:30:00,En hora,156,Airbus A319,R,EU,Sábado,Mañana,1,0
2414,2025-12-06,Grupo Ryanair,FR2918,brussels,08:05:00,En hora,189,Boeing 737-800,U,EU,Sábado,Mañana,1,0
2415,2025-12-06,Grupo Ryanair,FR3180,rome,08:15:00,En hora,189,Boeing 737-800,U,EU,Sábado,Mañana,1,0
2416,2025-12-06,Air Arabia Maroc,3O376,al aaroui,08:35:00,En hora,174,Airbus A320,W,INT,Sábado,Mañana,1,0
2417,2025-12-06,Grupo Ryanair,FR1165,sevilla,08:50:00,Retrasado,189,Boeing 737-800,U,NAC,Sábado,Mañana,1,0
2418,2025-12-06,Grupo Ryanair,FR575,bologna,08:50:00,En hora,189,Boeing 737-800,S,EU,Sábado,Mañana,1,0
2419,2025-12-06,Grupo Ryanair,FR3166,palermo,09:00:00,En hora,189,Boeing 737-800,U,EU,Sábado,Mañana,1,0
2420,2025-12-06,Grupo wizz,W43938,chisinau,09:00:00,En hora,180,Airbus A320,W,INT,Sábado,Mañana,1,0
2421,2025-12-06,Grupo wizz,W62048,krakow,09:05:00,Retrasado,239,Airbus A321neo,S,EU,Sábado,Mañana,1,0
2422,2025-12-06,Grupo Ryanair,FR2834,charleroi,09:15:00,En hora,189,Boeing 737-800,R,EU,Sábado,Mañana,1,0
2423,2025-12-06,Grupo Ryanair,FR133,berlin,09:20:00,En hora,189,Boeing 737-800,U,EU,Sábado,Mañana,1,0
2424,2025-12-06,Grupo Ryanair,FR2239,marrakech,09:20:00,En hora,189,Boeing 737-800,Y,INT,Sábado,Mañana,1,0
2425,2025-12-06,Grupo Ryanair,FR3028,ibiza,09:20:00,En hora,189,Boeing 737-800,R,NAC,Sábado,Mañana,1,0
2426,2025-12-06,Grupo wizz,W61914,vilnius,09:20:00,En hora,239,Airbus A321neo,S,EU,Sábado,Mañana,1,0
2427,2025-12-06,Grupo Ryanair,FR2889,palma de mallorca,09:25:00,En hora,189,Boeing 737-800,U,NAC,Sábado,Mañana,1,0
2428,2025-12-06,Grupo wizz,W43176,bucharest,09:25:00,En hora,239,Airbus A321neo,S,EU,Sábado,Mañana,1,0
2429,2025-12-06,Grupo wizz,W62376,budapest,09:25:00,En hora,239,Airbus A321neo,S,EU,Sábado,Mañana,1,0
2430,2025-12-06,Grupo Ryanair,RR3049,krakow,09:30:00,Retrasado,189,Boeing 737-800,U,EU,Sábado,Mañana,1,0
2431,2025-12-06,Grupo wizz,W42938,vienna,09:35:00,Retrasado,230,Airbus A321,U,EU,Sábado,Mañana,1,0
2432,2025-12-06,Air Serbia,JU581,belgrade,09:55:00,En hora,144,Airbus A319,W,INT,Sábado,Mañana,1,0
2433,2025-12-06,Grupo Ryanair,FR3143,milan,10:00:00,En hora,189,Boeing 737-800,R,EU,Sábado,Mañana,1,0
2434,2025-12-06,Grupo Ryanair,FR6559,liverpool,10:00:00,En hora,189,Boeing 737-800,W,INT,Sábado,Mañana,1,0
2435,2025-12-06,Grupo wizz,W46018,rome,10:00:00,En hora,239,Airbus A321neo,U,EU,Sábado,Mañana,1,0
2436,2025-12-06,Transavia,HV5132,amsterdam,10:05:00,En hora,232,Airbus A321neo,R,EU,Sábado,Mañana,1,0
2437,2025-12-06,Grupo wizz,W61812,wrocław,10:10:00,En hora,239,Airbus A321neo,S,EU,Sábado,Mañana,1,0
2438,2025-12-06,Grupo wizz,W61476,warsaw,10:15:00,En hora,239,Airbus A321neo,U,EU,Sábado,Mañana,1,0
2439,2025-12-06,Grupo easy,EC7656,lisbon,10:20:00,En hora,230,Airbus A321,R,EU,Sábado,Mañana,1,0
2440,2025-12-06,Grupo Ryanair,FR9171,stockholm,10:20:00,Retrasado,197,Boeing 737 MAX 8,S,EU,Sábado,Mañana,1,0
2441,2025-12-06,Grupo easy,U22326,london,10:20:00,En hora,186,Airbus A320neo,M,INT,Sábado,Mañana,1,0
2442,2025-12-06,Grupo Ryanair,FR3168,newcastle,10:25:00,En hora,189,Boeing 737-800,Y,INT,Sábado,Mañana,1,0
2443,2025-12-06,Grupo Ryanair,FR9307,cork,10:30:00,En hora,197,Boeing 737 MAX 8,W,INT,Sábado,Mañana,1,0
2444,2025-12-06,Grupo Ryanair,LW12,vienna,10:30:00,En hora,180,Airbus A320,U,EU,Sábado,Mañana,1,0
2445,2025-12-06,Grupo easy,U28056,london,10:35:00,En hora,180,Airbus A320,M,INT,Sábado,Mañana,1,0
2446,2025-12-06,Azerbaijan Airlines,J246,baku,10:45:00,En hora,186,Airbus A320neo,W,INT,Sábado,Mañana,1,0
2447,2025-12-06,SkyUp MT,U5406,chisinau,10:50:00,Retrasado,149,Boeing 737-700,Y,INT,Sábado,Mañana,1,0
2448,2025-12-06,Grupo easy,U22704,bristol,10:55:00,En hora,186,Airbus A320neo,M,INT,Sábado,Mañana,1,0
2449,2025-12-06,Grupo Ryanair,FR6394,dublin,11:00:00,En hora,197,Boeing 737 MAX 8,Y,INT,Sábado,Mañana,1,0
2450,2025-12-06,Grupo Ryanair,FR4597,porto,11:20:00,Retrasado,197,Boeing 737 MAX 8,U,EU,Sábado,Mañana,1,0
2451,2025-12-06,Grupo easy,EC7193,leeds bradford,11:30:00,En hora,156,Airbus A319,M,INT,Sábado,Mañana,1,0
2452,2025-12-06,Aer Lingus,EI563,dublin,11:30:00,En hora,174,Airbus A320,W,INT,Sábado,Mañana,1,0
2453,2025-12-06,Grupo Ryanair,FR2507,cologne-bonn,11:55:00,En hora,180,Airbus A320,U,EU,Sábado,Mañana,1,0
2454,2025-12-06,Grupo Ryanair,FR2896,palma de mallorca,12:00:00,En hora,189,Boeing 737-800,U,NAC,Sábado,Tarde,1,0
2455,2025-12-06,Grupo Ryanair,FR3108,luxembourg,12:05:00,En hora,189,Boeing 737-800,R,EU,Sábado,Tarde,1,0
2456,2025-12-06,Grupo easy,EC8064,london,12:10:00,En hora,156,Airbus A319,M,INT,Sábado,Tarde,1,0
2457,2025-12-06,Grupo Ryanair,FR8231,london,12:25:00,En hora,189,Boeing 737-800,W,INT,Sábado,Tarde,1,0
2458,2025-12-06,Grupo Ryanair,FR3320,milan,12:30:00,En hora,197,Boeing 737 MAX 8,S,EU,Sábado,Tarde,1,0
2459,2025-12-06,Grupo Ryanair,FR6341,rome,12:30:00,En hora,189,Boeing 737-800,S,EU,Sábado,Tarde,1,0
2460,2025-12-06,Norwegian Air Sweden AOC,D85544,rovaniemi,12:45:00,En hora,189,Boeing 737-800,U,EU,Sábado,Tarde,1,0
2461,2025-12-06,Pegasus Airlines,PC1092,istanbul,12:45:00,En hora,239,Airbus A321neo,W,INT,Sábado,Tarde,1,0
2462,2025-12-06,Grupo wizz,W67022,bratislava,12:55:00,En hora,239,Airbus A321neo,U,EU,Sábado,Tarde,1,0
2463,2025-12-06,Grupo Ryanair,FR483,malaga,13:05:00,Retrasado,189,Boeing 737-800,U,NAC,Sábado,Tarde,1,0
2464,2025-12-06,Boliviana de Aviacion,OB775,santa cruz,13:10:00,Retrasado,246,Airbus A330-200,Y,INT,Sábado,Tarde,1,0
2465,2025-12-06,Grupo wizz,W46330,milan,13:10:00,En hora,239,Airbus A321neo,S,EU,Sábado,Tarde,1,0
2466,2025-12-06,Grupo easy,EC7101,"basel, switzerland/mulhouse",13:20:00,En hora,156,Airbus A319,R,EU,Sábado,Tarde,1,0
2467,2025-12-06,Grupo Ryanair,FR7808,london,13:20:00,En hora,197,Boeing 737 MAX 8,W,INT,Sábado,Tarde,1,0
2468,2025-12-06,Grupo Ryanair,RK6597,manchester,13:25:00,En hora,189,Boeing 737-800,Y,INT,Sábado,Tarde,1,0
2469,2025-12-06,Grupo Ryanair,FR2098,bologna,13:30:00,En hora,189,Boeing 737-800,S,EU,Sábado,Tarde,1,0
2470,2025-12-06,Air Arabia Maroc,3O378,tanger,13:35:00,En hora,174,Airbus A320,Y,INT,Sábado,Tarde,1,0
2471,2025-12-06,Grupo easy,EC7153,milan,13:35:00,En hora,156,Airbus A319,R,EU,Sábado,Tarde,1,0
2472,2025-12-06,Grupo Ryanair,FR1681,frankfurt-hahn,14:00:00,En hora,189,Boeing 737-800,U,EU,Sábado,Tarde,1,0
2473,2025-12-06,Grupo Ryanair,FR8631,tanger,14:00:00,En hora,189,Boeing 737-800,Y,INT,Sábado,Tarde,1,0
2474,2025-12-06,Air Baltic,BT684,riga,14:05:00,En hora,148,Airbus A220-300,S,EU,Sábado,Tarde,1,0
2475,2025-12-06,Grupo Ryanair,FR58,napoli,14:15:00,En hora,189,Boeing 737-800,U,EU,Sábado,Tarde,1,0
2476,2025-12-06,Kuwait Airways,KU136,kuwait city,14:25:00,En hora,235,Airbus A330-800,W,INT,Sábado,Tarde,1,0
2477,2025-12-06,Grupo Ryanair,FR3070,palma de mallorca,14:40:00,En hora,189,Boeing 737-800,S,NAC,Sábado,Tarde,1,0
2478,2025-12-06,Grupo Ryanair,FR774,torino,14:45:00,En hora,189,Boeing 737-800,S,EU,Sábado,Tarde,1,0
2479,2025-12-06,Grupo Ryanair,FR3121,paris,14:50:00,En hora,189,Boeing 737-800,U,EU,Sábado,Tarde,1,0
2480,2025-12-06,Turkish Airlines,TK608,ankara,14:50:00,En hora,151,Boeing 737 MAX 8,W,INT,Sábado,Tarde,1,0
2481,2025-12-06,Grupo Ryanair,FR6300,sofia,14:55:00,En hora,189,Boeing 737-800,R,EU,Sábado,Tarde,1,0
2482,2025-12-06,Grupo Ryanair,FR3189,fes,15:30:00,Retrasado,189,Boeing 737-800,W,INT,Sábado,Tarde,1,0
2483,2025-12-06,Grupo Ryanair,FR3807,charleroi,16:05:00,En hora,197,Boeing 737 MAX 8,U,EU,Sábado,Tarde,1,0
2484,2025-12-06,Grupo Ryanair,RR8384,budapest,16:10:00,En hora,189,Boeing 737-800,R,EU,Sábado,Tarde,1,0
2485,2025-12-06,Grupo Ryanair,FR7543,manchester,16:20:00,En hora,189,Boeing 737-800,W,INT,Sábado,Tarde,1,0
2486,2025-12-06,Grupo Ryanair,FR3146,oujda,16:45:00,Retrasado,189,Boeing 737-800,W,INT,Sábado,Tarde,1,0
2487,2025-12-06,Grupo wizz,W46728,venice,16:45:00,En hora,230,Airbus A321,S,EU,Sábado,Tarde,1,0
2488,2025-12-06,Grupo Ryanair,FR269,milan,16:50:00,En hora,189,Boeing 737-800,U,EU,Sábado,Tarde,1,0
2489,2025-12-06,Grupo Ryanair,FR2406,sevilla,17:00:00,Retrasado,197,Boeing 737 MAX 8,U,NAC,Sábado,Tarde,1,0
2490,2025-12-06,Grupo Ryanair,FR9015,london,17:00:00,Retrasado,197,Boeing 737 MAX 8,Y,INT,Sábado,Tarde,1,0
2491,2025-12-06,Grupo Ryanair,FR5752,valletta,17:10:00,En hora,197,Boeing 737 MAX 8,U,EU,Sábado,Tarde,1,0
2492,2025-12-06,Grupo Ryanair,FR6874,dublin,17:40:00,En hora,189,Boeing 737-800,W,INT,Sábado,Tarde,1,0
2493,2025-12-06,Grupo wizz,W43180,bucharest,17:40:00,En hora,230,Airbus A321,S,EU,Sábado,Tarde,1,0
2494,2025-12-06,Grupo Ryanair,FR2233,al aaroui,17:50:00,En hora,189,Boeing 737-800,Y,INT,Sábado,Tarde,1,0
2495,2025-12-06,Grupo Ryanair,FR2925,brussels,17:50:00,En hora,197,Boeing 737 MAX 8,U,EU,Sábado,Tarde,1,0
2496,2025-12-06,Grupo easy,EC8066,london,17:55:00,En hora,156,Airbus A319,M,INT,Sábado,Tarde,1,0
2497,2025-12-06,Grupo Ryanair,FR6353,milan,17:55:00,En hora,197,Boeing 737 MAX 8,S,EU,Sábado,Tarde,1,0
2498,2025-12-06,Bluebird Airways,BZ251,tel aviv,18:00:00,Retrasado,189,Boeing 737-800,Y,INT,Sábado,Tarde,1,0
2499,2025-12-06,Grupo easy,EC7103,"basel, switzerland/mulhouse",18:00:00,En hora,156,Airbus A319,R,EU,Sábado,Tarde,1,0
2500,2025-12-06,Grupo Ryanair,FR878,venice,18:15:00,En hora,189,Boeing 737-800,S,EU,Sábado,Tarde,1,0
2501,2025-12-06,Transavia,HV5134,amsterdam,18:15:00,En hora,189,Boeing 737-800,U,EU,Sábado,Tarde,1,0
2502,2025-12-06,Grupo Ryanair,FR3035,krakow,18:20:00,En hora,197,Boeing 737 MAX 8,S,EU,Sábado,Tarde,1,0
2503,2025-12-06,Grupo Ryanair,FR3792,birmingham,18:55:00,En hora,197,Boeing 737 MAX 8,Y,INT,Sábado,Tarde,1,0
2504,2025-12-06,Grupo wizz,W61176,katowice,18:55:00,En hora,239,Airbus A321neo,U,EU,Sábado,Tarde,1,0
2505,2025-12-06,Grupo wizz,W61478,warsaw,19:00:00,En hora,239,Airbus A321neo,S,EU,Sábado,Tarde,1,0
2506,2025-12-06,Grupo Ryanair,FR9045,london,19:05:00,En hora,189,Boeing 737-800,W,INT,Sábado,Tarde,1,0
2507,2025-12-06,Grupo Ryanair,FR5270,manchester,19:20:00,En hora,189,Boeing 737-800,W,INT,Sábado,Tarde,1,0
2508,2025-12-06,Volotea,V72327,strasbourg,19:20:00,Retrasado,180,Airbus A320,R,EU,Sábado,Tarde,1,0
2509,2025-12-06,Transavia,TO4757,paris,19:25:00,Retrasado,186,Airbus A320neo,R,EU,Sábado,Tarde,1,0
2510,2025-12-06,Grupo Ryanair,FR149,berlin,19:35:00,Retrasado,197,Boeing 737 MAX 8,U,EU,Sábado,Tarde,1,0
2511,2025-12-06,Grupo wizz,W64406,sofia,19:35:00,En hora,239,Airbus A321neo,U,EU,Sábado,Tarde,1,0
2512,2025-12-06,Air Baltic,BT878,tallinn,19:40:00,En hora,148,Airbus A220-300,S,EU,Sábado,Tarde,1,0
2513,2025-12-06,Grupo Ryanair,FR3078,lisbon,19:55:00,En hora,189,Boeing 737-800,S,EU,Sábado,Tarde,1,0
2514,2025-12-06,Volotea,V71415,verona,19:55:00,En hora,180,Airbus A320,U,EU,Sábado,Tarde,1,0
2515,2025-12-06,Grupo Ryanair,LW7351,vienna,20:05:00,En hora,180,Airbus A320,U,EU,Sábado,Noche,1,0
2516,2025-12-06,Grupo easy,EC1380,geneva,20:10:00,En hora,180,Airbus A320,R,EU,Sábado,Noche,1,0
2517,2025-12-06,Grupo Ryanair,FR867,venice,20:20:00,En hora,189,Boeing 737-800,U,EU,Sábado,Noche,1,0
2518,2025-12-06,Grupo Ryanair,FR9581,sevilla,20:25:00,En hora,189,Boeing 737-800,R,NAC,Sábado,Noche,1,0
2519,2025-12-06,T'Way Air,TW408,seoul/incheon,20:30:00,En hora,294,BOEING 777-300ER,W,INT,Sábado,Noche,1,0
2520,2025-12-06,Grupo Ryanair,FR3182,malaga,20:45:00,Retrasado,189,Boeing 737-800,U,NAC,Sábado,Noche,1,0
2521,2025-12-06,Grupo Ryanair,FR3928,trieste,20:45:00,En hora,189,Boeing 737-800,R,EU,Sábado,Noche,1,0
2522,2025-12-06,Transavia,TO4759,paris,20:45:00,Retrasado,186,Airbus A320neo,S,EU,Sábado,Noche,1,0
2523,2025-12-06,Grupo wizz,W62378,budapest,20:45:00,En hora,239,Airbus A321neo,S,EU,Sábado,Noche,1,0
2524,2025-12-06,Grupo Ryanair,FR4585,porto,20:50:00,Retrasado,197,Boeing 737 MAX 8,U,EU,Sábado,Noche,1,0
2525,2025-12-06,Grupo Ryanair,FR6267,edinburgh,20:55:00,En hora,189,Boeing 737-800,W,INT,Sábado,Noche,1,0
2526,2025-12-06,Grupo wizz,W43178,bucharest,21:20:00,Retrasado,230,Airbus A321,S,EU,Sábado,Noche,1,0
2527,2025-12-06,Grupo wizz,W43406,cluj-napoca,21:25:00,En hora,180,Airbus A320,S,EU,Sábado,Noche,1,0
2528,2025-12-06,Grupo Ryanair,FR5220,bologna,21:30:00,En hora,189,Boeing 737-800,U,EU,Sábado,Noche,1,0
2529,2025-12-06,Grupo Ryanair,RR3039,prague,21:35:00,Retrasado,189,Boeing 737-800,S,EU,Sábado,Noche,1,0
2530,2025-12-06,Grupo wizz,W46020,rome,21:35:00,Retrasado,239,Airbus A321neo,S,EU,Sábado,Noche,1,0
2531,2025-12-06,Grupo Ryanair,FR3800,birmingham,21:55:00,En hora,189,Boeing 737-800,Y,INT,Sábado,Noche,1,0
2532,2025-12-06,Grupo Ryanair,FR8574,rome,22:10:00,En hora,189,Boeing 737-800,U,EU,Sábado,Noche,1,0
2533,2025-12-06,Grupo wizz,W64116,belgrade,22:10:00,En hora,230,Airbus A321,W,INT,Sábado,Noche,1,0
2534,2025-12-06,Air Arabia Maroc,3O642,tanger,22:15:00,En hora,174,Airbus A320,Y,INT,Sábado,Noche,1,0
2535,2025-12-07,Grupo Ryanair,FR3180,rome,06:00:00,En hora,189,Boeing 737-800,U,EU,Domingo,Mañana,0,1
2703,2025-12-07,Grupo Ryanair,FR846,milan,06:00:00,En hora,189,Boeing 737-800,U,EU,Domingo,Mañana,0,1
2536,2025-12-07,Grupo Ryanair,FR2834,charleroi,06:10:00,En hora,197,Boeing 737 MAX 8,S,EU,Domingo,Mañana,0,1
2537,2025-12-07,Grupo Ryanair,FR2918,brussels,06:25:00,Retrasado,189,Boeing 737-800,U,EU,Domingo,Mañana,0,1
2538,2025-12-07,Grupo Ryanair,FR4084,warsaw,06:25:00,En hora,189,Boeing 737-800,U,EU,Domingo,Mañana,0,1
2539,2025-12-07,Grupo Ryanair,FR2239,marrakech,06:30:00,En hora,189,Boeing 737-800,Y,INT,Domingo,Mañana,0,1
2540,2025-12-07,Grupo Ryanair,FR2507,cologne-bonn,06:40:00,En hora,189,Boeing 737-800,S,EU,Domingo,Mañana,0,1
2541,2025-12-07,Grupo easy,EC7101,"basel, switzerland/mulhouse",06:50:00,En hora,156,Airbus A319,R,EU,Domingo,Mañana,0,1
2542,2025-12-07,Grupo easy,EC7191,glasgow,07:20:00,En hora,156,Airbus A319,M,INT,Domingo,Mañana,0,1
2543,2025-12-07,Grupo easy,EC8064,london,07:20:00,En hora,156,Airbus A319,M,INT,Domingo,Mañana,0,1
2544,2025-12-07,Grupo Ryanair,FR6597,manchester,07:30:00,En hora,189,Boeing 737-800,W,INT,Domingo,Mañana,0,1
2545,2025-12-07,Grupo Ryanair,FR3108,luxembourg,07:35:00,En hora,189,Boeing 737-800,U,EU,Domingo,Mañana,0,1
2546,2025-12-07,Grupo Ryanair,FR1165,sevilla,07:50:00,En hora,189,Boeing 737-800,U,NAC,Domingo,Mañana,0,1
2547,2025-12-07,Norwegian Air Sweden AOC,D85510,copenhagen,07:55:00,En hora,189,Boeing 737-800,R,EU,Domingo,Mañana,0,1
2548,2025-12-07,Grupo easy,EC7131,nice/cote d'azur,08:00:00,En hora,156,Airbus A319,R,EU,Domingo,Mañana,0,1
2549,2025-12-07,Grupo easy,EC3754,milan,08:25:00,En hora,180,Airbus A320,R,EU,Domingo,Mañana,0,1
2550,2025-12-07,Grupo Ryanair,FR878,venice,08:30:00,Retrasado,189,Boeing 737-800,U,EU,Domingo,Mañana,0,1
2551,2025-12-07,Grupo easy,EC1376,geneva,08:35:00,En hora,156,Airbus A319,R,EU,Domingo,Mañana,0,1
2552,2025-12-07,Volotea,V73735,murcia,08:40:00,En hora,180,Airbus A320,R,NAC,Domingo,Mañana,0,1
2553,2025-12-07,Grupo Ryanair,RR1786,vilnius,09:00:00,En hora,197,Boeing 737 MAX 8,S,EU,Domingo,Mañana,0,1
2554,2025-12-07,Grupo Ryanair,FR3028,ibiza,09:05:00,En hora,197,Boeing 737 MAX 8,S,NAC,Domingo,Mañana,0,1
2555,2025-12-07,Grupo wizz,W62048,krakow,09:05:00,En hora,239,Airbus A321neo,U,EU,Domingo,Mañana,0,1
2556,2025-12-07,Grupo Ryanair,RR3193,riga,09:10:00,En hora,189,Boeing 737-800,S,EU,Domingo,Mañana,0,1
2557,2025-12-07,Eurowings,EW7521,hamburg,09:25:00,En hora,150,Airbus A319,U,EU,Domingo,Mañana,0,1
2558,2025-12-07,Grupo wizz,W43176,bucharest,09:25:00,En hora,230,Airbus A321,U,EU,Domingo,Mañana,0,1
2559,2025-12-07,Grupo wizz,W45088,tirana,09:25:00,En hora,239,Airbus A321neo,W,INT,Domingo,Mañana,0,1
2560,2025-12-07,Grupo wizz,W62376,budapest,09:25:00,En hora,239,Airbus A321neo,S,EU,Domingo,Mañana,0,1
2561,2025-12-07,Grupo Ryanair,FR4545,porto,09:35:00,En hora,189,Boeing 737-800,S,EU,Domingo,Mañana,0,1
2562,2025-12-07,Grupo wizz,W42938,vienna,09:35:00,En hora,239,Airbus A321neo,U,EU,Domingo,Mañana,0,1
2563,2025-12-07,Grupo easy,EC7656,lisbon,09:45:00,En hora,230,Airbus A321,R,EU,Domingo,Mañana,0,1
2564,2025-12-07,Grupo Ryanair,RR333,gdansk,09:45:00,En hora,189,Boeing 737-800,U,EU,Domingo,Mañana,0,1
2565,2025-12-07,Grupo Ryanair,RR8384,budapest,09:45:00,En hora,197,Boeing 737 MAX 8,R,EU,Domingo,Mañana,0,1
2566,2025-12-07,Grupo Ryanair,FR2495,palma de mallorca,09:50:00,En hora,189,Boeing 737-800,R,NAC,Domingo,Mañana,0,1
2567,2025-12-07,Grupo Ryanair,FR9593,tanger,09:50:00,Retrasado,189,Boeing 737-800,Y,INT,Domingo,Mañana,0,1
2568,2025-12-07,Grupo Ryanair,FR6341,rome,09:55:00,En hora,189,Boeing 737-800,U,EU,Domingo,Mañana,0,1
2569,2025-12-07,Grupo Ryanair,RR3049,krakow,09:55:00,Retrasado,197,Boeing 737 MAX 8,R,EU,Domingo,Mañana,0,1
2570,2025-12-07,Grupo Ryanair,FR8231,london,10:00:00,En hora,189,Boeing 737-800,W,INT,Domingo,Mañana,0,1
2571,2025-12-07,Grupo wizz,W46018,rome,10:00:00,En hora,239,Airbus A321neo,R,EU,Domingo,Mañana,0,1
2572,2025-12-07,Grupo Ryanair,FR6874,dublin,10:05:00,En hora,197,Boeing 737 MAX 8,W,INT,Domingo,Mañana,0,1
2573,2025-12-07,Grupo Ryanair,LW7351,vienna,10:10:00,En hora,180,Airbus A320,S,EU,Domingo,Mañana,0,1
2574,2025-12-07,Grupo wizz,W61812,wrocław,10:10:00,En hora,239,Airbus A321neo,S,EU,Domingo,Mañana,0,1
2575,2025-12-07,Grupo wizz,W61476,warsaw,10:15:00,Retrasado,239,Airbus A321neo,U,EU,Domingo,Mañana,0,1
2576,2025-12-07,Grupo Ryanair,FR575,bologna,10:20:00,Retrasado,189,Boeing 737-800,S,EU,Domingo,Mañana,0,1
2577,2025-12-07,Grupo easy,U22324,london,10:25:00,En hora,156,Airbus A319,M,INT,Domingo,Mañana,0,1
2578,2025-12-07,Grupo Ryanair,FR6267,edinburgh,10:30:00,En hora,189,Boeing 737-800,Y,INT,Domingo,Mañana,0,1
2579,2025-12-07,Grupo Ryanair,FR7543,manchester,10:40:00,En hora,197,Boeing 737 MAX 8,W,INT,Domingo,Mañana,0,1
2580,2025-12-07,Grupo Ryanair,FR1279,copenhagen,10:45:00,En hora,189,Boeing 737-800,U,EU,Domingo,Mañana,0,1
2581,2025-12-07,Grupo Ryanair,FR3143,milan,10:45:00,En hora,197,Boeing 737 MAX 8,S,EU,Domingo,Mañana,0,1
2582,2025-12-07,Azerbaijan Airlines,J246,baku,10:45:00,Retrasado,122,Airbus A319,Y,INT,Domingo,Mañana,0,1
2583,2025-12-07,Grupo Ryanair,FR3166,palermo,11:00:00,En hora,189,Boeing 737-800,R,EU,Domingo,Mañana,0,1
2584,2025-12-07,Grupo easy,U22002,manchester,11:10:00,En hora,180,Airbus A320,M,INT,Domingo,Mañana,0,1
2585,2025-12-07,Norwegian Air Shuttle,DY1741,oslo,11:15:00,Retrasado,189,Boeing 737 MAX 8,U,EU,Domingo,Mañana,0,1
2586,2025-12-07,Aer Lingus,EI563,dublin,11:30:00,En hora,186,Airbus A320neo,Y,INT,Domingo,Mañana,0,1
2587,2025-12-07,Grupo easy,EC7139,rennes/saint-jacques,11:45:00,En hora,156,Airbus A319,R,EU,Domingo,Mañana,0,1
2588,2025-12-07,Icelandair,FI597,keflavik,11:50:00,Retrasado,160,Boeing 737 MAX 8,U,EU,Domingo,Mañana,0,1
2589,2025-12-07,Grupo Ryanair,LW2889,palma de mallorca,11:55:00,En hora,180,Airbus A320,S,NAC,Domingo,Mañana,0,1
2590,2025-12-07,Volotea,V72327,strasbourg,11:55:00,En hora,156,Airbus A319,S,EU,Domingo,Mañana,0,1
2591,2025-12-07,Grupo Ryanair,FR8217,london,12:00:00,En hora,197,Boeing 737 MAX 8,W,INT,Domingo,Tarde,0,1
2592,2025-12-07,Grupo Ryanair,FR3129,ibiza,12:05:00,En hora,189,Boeing 737-800,S,NAC,Domingo,Tarde,0,1
2593,2025-12-07,Grupo Ryanair,FR3976,dublin,12:25:00,En hora,197,Boeing 737 MAX 8,W,INT,Domingo,Tarde,0,1
2594,2025-12-07,Grupo Ryanair,FR1527,valletta,12:30:00,En hora,189,Boeing 737-800,U,EU,Domingo,Tarde,0,1
2595,2025-12-07,Grupo Ryanair,FR2402,sevilla,12:30:00,En hora,189,Boeing 737-800,S,NAC,Domingo,Tarde,0,1
2596,2025-12-07,Volotea,V72167,lille/lesquin,12:35:00,En hora,180,Airbus A320,R,EU,Domingo,Tarde,0,1
2597,2025-12-07,Grupo Ryanair,FR6300,sofia,12:45:00,En hora,189,Boeing 737-800,U,EU,Domingo,Tarde,0,1
2598,2025-12-07,Pegasus Airlines,PC1092,istanbul,12:45:00,En hora,239,Airbus A321neo,W,INT,Domingo,Tarde,0,1
2599,2025-12-07,Grupo Ryanair,FR2511,cologne-bonn,12:55:00,En hora,189,Boeing 737-800,U,EU,Domingo,Tarde,0,1
2600,2025-12-07,Grupo Ryanair,FR8598,reggio calabria,13:05:00,En hora,189,Boeing 737-800,U,EU,Domingo,Tarde,0,1
2601,2025-12-07,Volotea,V71445,olbia,13:05:00,En hora,180,Airbus A320,R,EU,Domingo,Tarde,0,1
2602,2025-12-07,Grupo wizz,W46330,milan,13:10:00,Retrasado,239,Airbus A321neo,S,EU,Domingo,Tarde,0,1
2603,2025-12-07,Grupo Ryanair,FR3121,paris,13:20:00,Retrasado,189,Boeing 737-800,U,EU,Domingo,Tarde,0,1
2604,2025-12-07,Grupo easy,U28056,london,13:25:00,En hora,156,Airbus A319,M,INT,Domingo,Tarde,0,1
2605,2025-12-07,Pegasus Airlines,PC1528,izmir,13:30:00,En hora,180,Airbus A320,W,INT,Domingo,Tarde,0,1
2606,2025-12-07,Grupo easy,EC1380,geneva,13:40:00,Retrasado,180,Airbus A320,R,EU,Domingo,Tarde,0,1
2607,2025-12-07,Grupo Ryanair,FR9811,london,13:40:00,En hora,189,Boeing 737-800,W,INT,Domingo,Tarde,0,1
2608,2025-12-07,Grupo Ryanair,FR483,malaga,13:50:00,En hora,189,Boeing 737-800,R,NAC,Domingo,Tarde,0,1
2609,2025-12-07,Air Baltic,BT684,riga,14:05:00,En hora,148,Airbus A220-300,S,EU,Domingo,Tarde,0,1
2610,2025-12-07,Grupo easy,EC7153,milan,14:05:00,En hora,156,Airbus A319,R,EU,Domingo,Tarde,0,1
2611,2025-12-07,Grupo Ryanair,FR1342,palma de mallorca,14:05:00,En hora,189,Boeing 737-800,S,NAC,Domingo,Tarde,0,1
2612,2025-12-07,Grupo Ryanair,FR6920,dublin,14:05:00,En hora,197,Boeing 737 MAX 8,Y,INT,Domingo,Tarde,0,1
2613,2025-12-07,Grupo Ryanair,FR4585,porto,14:10:00,En hora,197,Boeing 737 MAX 8,U,EU,Domingo,Tarde,0,1
2614,2025-12-07,SunExpress,XQ895,izmir,14:15:00,En hora,189,Boeing 737-800,W,INT,Domingo,Tarde,0,1
2615,2025-12-07,Transavia,HV5132,amsterdam,14:20:00,En hora,189,Boeing 737-800,S,EU,Domingo,Tarde,0,1
2616,2025-12-07,Grupo easy,EC7107,geneva,14:25:00,En hora,156,Airbus A319,R,EU,Domingo,Tarde,0,1
2617,2025-12-07,Grupo Ryanair,FR6973,rome,14:25:00,En hora,189,Boeing 737-800,S,EU,Domingo,Tarde,0,1
2618,2025-12-07,Norwegian Air Sweden AOC,D85502,stockholm,14:40:00,En hora,189,Boeing 737-800,U,EU,Domingo,Tarde,0,1
2619,2025-12-07,Bluebird Airways,BZ251,tel aviv,14:45:00,En hora,189,Boeing 737-800,Y,INT,Domingo,Tarde,0,1
2620,2025-12-07,SmartWings,QS1059,prague,14:55:00,En hora,149,Airbus A220-300,U,EU,Domingo,Tarde,0,1
2621,2025-12-07,Grupo Ryanair,FR3320,milan,15:00:00,En hora,189,Boeing 737-800,U,EU,Domingo,Tarde,0,1
2622,2025-12-07,Grupo Ryanair,FR774,torino,15:15:00,En hora,189,Boeing 737-800,S,EU,Domingo,Tarde,0,1
2623,2025-12-07,Grupo Ryanair,RR3072,prague,15:15:00,En hora,189,Boeing 737-800,S,EU,Domingo,Tarde,0,1
2624,2025-12-07,Transavia,TO4755,paris,15:15:00,En hora,186,Airbus A320neo,U,EU,Domingo,Tarde,0,1
2625,2025-12-07,Grupo easy,EC7694,lisbon,15:20:00,En hora,180,Airbus A320,R,EU,Domingo,Tarde,0,1
2626,2025-12-07,Grupo wizz,W61412,warsaw,15:25:00,En hora,239,Airbus A321neo,U,EU,Domingo,Tarde,0,1
2627,2025-12-07,Grupo Ryanair,FR269,milan,15:30:00,En hora,197,Boeing 737 MAX 8,U,EU,Domingo,Tarde,0,1
2628,2025-12-07,Air Arabia Maroc,3O378,tanger,15:35:00,En hora,174,Airbus A320,Y,INT,Domingo,Tarde,0,1
2629,2025-12-07,Grupo Ryanair,FR133,berlin,16:15:00,En hora,189,Boeing 737-800,S,EU,Domingo,Tarde,0,1
2630,2025-12-07,Grupo Ryanair,FR2922,brussels,16:15:00,En hora,189,Boeing 737-800,S,EU,Domingo,Tarde,0,1
2631,2025-12-07,Grupo easy,EC7173,berlin,16:30:00,En hora,156,Airbus A319,R,EU,Domingo,Tarde,0,1
2632,2025-12-07,Grupo Ryanair,FR9814,london,16:40:00,En hora,189,Boeing 737-800,W,INT,Domingo,Tarde,0,1
2633,2025-12-07,Grupo Ryanair,FR8669,dublin,16:55:00,En hora,189,Boeing 737-800,W,INT,Domingo,Tarde,0,1
2634,2025-12-07,Air Arabia Maroc,3O374,casablanca,17:00:00,En hora,174,Airbus A320,Y,INT,Domingo,Tarde,0,1
2635,2025-12-07,Grupo Ryanair,FR2250,marrakech,17:00:00,En hora,189,Boeing 737-800,Y,INT,Domingo,Tarde,0,1
2636,2025-12-07,Grupo Ryanair,RR8394,budapest,17:15:00,En hora,197,Boeing 737 MAX 8,U,EU,Domingo,Tarde,0,1
2637,2025-12-07,Grupo Ryanair,FR5718,bratislava,17:20:00,En hora,189,Boeing 737-800,U,EU,Domingo,Tarde,0,1
2638,2025-12-07,Grupo Ryanair,FR12,vienna,17:40:00,En hora,189,Boeing 737-800,S,EU,Domingo,Tarde,0,1
2639,2025-12-07,Volotea,V73573,asturias,17:40:00,En hora,156,Airbus A319,S,NAC,Domingo,Tarde,0,1
2640,2025-12-07,Grupo Ryanair,RR5252,krakow,17:50:00,Retrasado,189,Boeing 737-800,U,EU,Domingo,Tarde,0,1
2641,2025-12-07,Grupo Ryanair,FR1681,frankfurt-hahn,18:00:00,En hora,189,Boeing 737-800,U,EU,Domingo,Tarde,0,1
2642,2025-12-07,Grupo Ryanair,FR777,venice,18:00:00,En hora,197,Boeing 737 MAX 8,S,EU,Domingo,Tarde,0,1
2643,2025-12-07,Grupo Ryanair,FR6305,milan,18:05:00,En hora,189,Boeing 737-800,S,EU,Domingo,Tarde,0,1
2644,2025-12-07,Grupo easy,EC7109,geneva,18:15:00,En hora,156,Airbus A319,R,EU,Domingo,Tarde,0,1
2645,2025-12-07,Volotea,V73700,vitoria,18:20:00,En hora,180,Airbus A320,S,NAC,Domingo,Tarde,0,1
2646,2025-12-07,Grupo Ryanair,FR2406,sevilla,18:30:00,En hora,189,Boeing 737-800,S,NAC,Domingo,Tarde,0,1
2647,2025-12-07,Grupo wizz,W43686,iasi,18:30:00,En hora,180,Airbus A320,U,EU,Domingo,Tarde,0,1
2648,2025-12-07,Jet2,LS804,manchester,18:35:00,En hora,189,Boeing 737-800,W,INT,Domingo,Tarde,0,1
2649,2025-12-07,Grupo easy,EC7103,"basel, switzerland/mulhouse",18:45:00,En hora,156,Airbus A319,R,EU,Domingo,Tarde,0,1
2650,2025-12-07,Grupo Ryanair,FR8631,tanger,18:45:00,Retrasado,189,Boeing 737-800,Y,INT,Domingo,Tarde,0,1
2651,2025-12-07,Transavia,HV6066,rotterdam,18:50:00,En hora,189,Boeing 737-800,U,EU,Domingo,Tarde,0,1
2652,2025-12-07,Grupo easy,U25716,southend,18:55:00,Retrasado,186,Airbus A320neo,M,INT,Domingo,Tarde,0,1
2653,2025-12-07,Grupo wizz,W61176,katowice,18:55:00,En hora,180,Airbus A320,R,EU,Domingo,Tarde,0,1
2654,2025-12-07,Grupo wizz,W61478,warsaw,19:00:00,En hora,239,Airbus A321neo,U,EU,Domingo,Tarde,0,1
2655,2025-12-07,Grupo easy,EC7159,milan,19:05:00,En hora,156,Airbus A319,R,EU,Domingo,Tarde,0,1
2656,2025-12-07,Grupo wizz,W43180,bucharest,19:05:00,Retrasado,230,Airbus A321,R,EU,Domingo,Tarde,0,1
2657,2025-12-07,Grupo Ryanair,FR6394,dublin,19:10:00,Retrasado,197,Boeing 737 MAX 8,Y,INT,Domingo,Tarde,0,1
2658,2025-12-07,Grupo Ryanair,FR3160,bristol,19:25:00,En hora,189,Boeing 737-800,W,INT,Domingo,Tarde,0,1
2659,2025-12-07,Volotea,V72165,nantes/atlantique,19:30:00,En hora,156,Airbus A319,S,EU,Domingo,Tarde,0,1
2660,2025-12-07,Grupo wizz,W64406,sofia,19:35:00,En hora,239,Airbus A321neo,S,EU,Domingo,Tarde,0,1
2661,2025-12-07,Grupo Ryanair,FR2233,al aaroui,19:40:00,En hora,189,Boeing 737-800,Y,INT,Domingo,Tarde,0,1
2662,2025-12-07,Grupo easy,EC3750,milan,19:45:00,En hora,180,Airbus A320,R,EU,Domingo,Tarde,0,1
2663,2025-12-07,Grupo Ryanair,FR5710,napoli,19:45:00,Retrasado,189,Boeing 737-800,U,EU,Domingo,Tarde,0,1
2664,2025-12-07,Grupo Ryanair,FR9015,london,19:45:00,En hora,189,Boeing 737-800,W,INT,Domingo,Tarde,0,1
2665,2025-12-07,Grupo easy,U28058,london,19:45:00,En hora,180,Airbus A320,M,INT,Domingo,Tarde,0,1
2666,2025-12-07,Grupo wizz,W64666,larnaca,19:55:00,En hora,230,Airbus A321,W,INT,Domingo,Tarde,0,1
2667,2025-12-07,Grupo Ryanair,FR8136,ibiza,20:10:00,En hora,189,Boeing 737-800,S,NAC,Domingo,Noche,0,1
2668,2025-12-07,Grupo wizz,W62096,krakow,20:10:00,Retrasado,239,Airbus A321neo,U,EU,Domingo,Noche,0,1
2669,2025-12-07,Grupo easy,EC4212,napoli,20:20:00,En hora,180,Airbus A320,R,EU,Domingo,Noche,0,1
2670,2025-12-07,Transavia,HV6788,eindhoven,20:20:00,En hora,189,Boeing 737-800,U,EU,Domingo,Noche,0,1
2671,2025-12-07,Grupo wizz,W67022,bratislava,20:20:00,En hora,239,Airbus A321neo,S,EU,Domingo,Noche,0,1
2672,2025-12-07,Grupo Ryanair,FR6985,rome,20:30:00,En hora,197,Boeing 737 MAX 8,U,EU,Domingo,Noche,0,1
2673,2025-12-07,Eurowings,EW521,cologne-bonn,20:35:00,En hora,180,Airbus A320,R,EU,Domingo,Noche,0,1
2674,2025-12-07,Air Serbia,JU585,belgrade,20:35:00,En hora,174,Airbus A320,Y,INT,Domingo,Noche,0,1
2675,2025-12-07,Norwegian Air Sweden AOC,D83659,copenhagen,20:40:00,En hora,189,Boeing 737 MAX 8,R,EU,Domingo,Noche,0,1
2676,2025-12-07,Eurowings,EW2521,stuttgart,20:40:00,En hora,232,Airbus A321neo,R,EU,Domingo,Noche,0,1
2677,2025-12-07,Grupo Ryanair,FR4587,porto,20:40:00,En hora,189,Boeing 737-800,S,EU,Domingo,Noche,0,1
2678,2025-12-07,Luxair,LG3596,luxembourg,20:40:00,Retrasado,141,Boeing 737-700,U,EU,Domingo,Noche,0,1
2679,2025-12-07,Transavia,TO4759,paris,20:45:00,Retrasado,189,Boeing 737-800,S,EU,Domingo,Noche,0,1
2680,2025-12-07,Grupo wizz,W62378,budapest,20:45:00,Retrasado,239,Airbus A321neo,U,EU,Domingo,Noche,0,1
2681,2025-12-07,Grupo Ryanair,FR6275,edinburgh,20:50:00,Retrasado,189,Boeing 737-800,W,INT,Domingo,Noche,0,1
2682,2025-12-07,Grupo Ryanair,RR6944,warsaw,20:50:00,En hora,189,Boeing 737-800,U,EU,Domingo,Noche,0,1
2683,2025-12-07,Grupo easy,U22326,london,20:55:00,En hora,186,Airbus A320neo,M,INT,Domingo,Noche,0,1
2684,2025-12-07,Grupo wizz,W64738,skopje,20:55:00,En hora,239,Airbus A321neo,W,INT,Domingo,Noche,0,1
2685,2025-12-07,Grupo Ryanair,RR8615,budapest,21:00:00,Retrasado,189,Boeing 737-800,R,EU,Domingo,Noche,0,1
2686,2025-12-07,Aer Lingus,EI565,dublin,21:05:00,En hora,174,Airbus A320,Y,INT,Domingo,Noche,0,1
2687,2025-12-07,Grupo Ryanair,FR2896,palma de mallorca,21:15:00,En hora,189,Boeing 737-800,S,NAC,Domingo,Noche,0,1
2688,2025-12-07,Transavia,HV5134,amsterdam,21:15:00,En hora,189,Boeing 737-800,S,EU,Domingo,Noche,0,1
2689,2025-12-07,Grupo Ryanair,FR3792,birmingham,21:20:00,En hora,189,Boeing 737-800,Y,INT,Domingo,Noche,0,1
2690,2025-12-07,Grupo wizz,W43178,bucharest,21:20:00,En hora,230,Airbus A321,S,EU,Domingo,Noche,0,1
2691,2025-12-07,Grupo wizz,W43406,cluj-napoca,21:25:00,En hora,180,Airbus A320,R,EU,Domingo,Noche,0,1
2692,2025-12-07,Grupo easy,U28060,london,21:30:00,En hora,156,Airbus A319,M,INT,Domingo,Noche,0,1
2693,2025-12-07,Grupo wizz,W46020,rome,21:35:00,En hora,239,Airbus A321neo,S,EU,Domingo,Noche,0,1
2694,2025-12-07,Grupo Ryanair,FR5752,valletta,21:45:00,En hora,197,Boeing 737 MAX 8,U,EU,Domingo,Noche,0,1
2695,2025-12-07,Grupo wizz,W46728,venice,21:45:00,En hora,230,Airbus A321,S,EU,Domingo,Noche,0,1
2696,2025-12-07,Grupo easy,U22706,bristol,21:50:00,En hora,180,Airbus A320,M,INT,Domingo,Noche,0,1
2697,2025-12-07,Volotea,V71415,verona,21:55:00,En hora,180,Airbus A320,R,EU,Domingo,Noche,0,1
2698,2025-12-07,Grupo wizz,W64116,belgrade,21:55:00,En hora,239,Airbus A321neo,W,INT,Domingo,Noche,0,1
2699,2025-12-07,Grupo wizz,W45154,tirana,22:45:00,En hora,230,Airbus A321,W,INT,Domingo,Noche,0,1
2700,2025-12-07,Grupo Ryanair,FR5220,bologna,22:50:00,En hora,189,Boeing 737-800,U,EU,Domingo,Noche,0,1
2701,2025-12-07,Grupo wizz,W61706,gdansk,22:50:00,En hora,239,Airbus A321neo,S,EU,Domingo,Noche,0,1
2702,2025-12-07,Grupo Ryanair,FR9406,fes,23:15:00,En hora,189,Boeing 737-800,Y,INT,Domingo,Noche,0,1
