Unnamed: 0,fecha_scrapeo,Name_company,Num_flight,Name_Destiny,Time_flight,flight_state,flight_capacity,Aircraft,Gate
0.0,16/11/2025 23-03-05,Ryanair,FR3166,Palermo (PMO),11:00,Ha salido,,,
1.0,16/11/2025 23-03-05,Norwegian Air Sweden AOC,D81741,Oslo (OSL),11:15,Ha salido,197.0,Boeing 737 MAX 8-200,
2.0,16/11/2025 23-03-05,Aer Lingus,EI563,Dublin (DUB),11:30,Ha salido,189.0,Boeing 737-8AS,
3.0,16/11/2025 23-03-05,easyJet Europe,EC7139,Rennes/Saint-Jacques (RNS),11:45,Ha salido,,,
4.0,16/11/2025 23-03-05,Icelandair,FI597,Keflavik (KEF),11:50,Ha salido,,,
5.0,16/11/2025 23-03-05,Lauda Europe,LW2889,Palma de Mallorca (PMI),11:55,Ha salido,,,R
6.0,16/11/2025 23-03-05,Ryanair,FR3129,Ibiza (IBZ),12:05,"Retrasado, Ha salido",189.0,Boeing 737-8AS,
7.0,16/11/2025 23-03-05,Ryanair,FR3976,Dublin (DUB),12:25,"Retrasado, Ha salido",,,
8.0,16/11/2025 23-03-05,Ryanair,FR1527,Valletta (MLA),12:30,Ha salido,,,
9.0,16/11/2025 23-03-05,Ryanair,FR2402,Sevilla (SVQ),12:30,Ha salido,189.0,Boeing 737-8AS,
10.0,16/11/2025 23-03-05,Volotea,V72167,Lille/Lesquin (LIL),12:35,Ha salido,189.0,Boeing 737-8AS,
11.0,16/11/2025 23-03-05,Ryanair,FR6300,Sofia (SOF),12:45,Ha salido,,,R
12.0,16/11/2025 23-03-05,Pegasus Airlines,PC1092,Istanbul (SAW),12:45,"Retrasado, Ha salido",189.0,Boeing 737-8AS,
13.0,16/11/2025 23-03-05,Ryanair,FR2511,Cologne-Bonn (CGN),12:55,"Retrasado, Ha salido",189.0,Boeing 737-8AS,
14.0,16/11/2025 23-03-05,Ryanair,FR8598,Reggio Calabria (REG),13:05,Ha salido,,,
15.0,16/11/2025 23-03-05,Volotea,V71445,Olbia (OLB),13:05,Ha salido,189.0,Boeing 737-8AS,
16.0,16/11/2025 23-03-05,Wizz Air Malta,W46330,Milan (MXP),13:10,Ha salido,,,
17.0,16/11/2025 23-03-05,Ryanair,FR3121,Beauvais (BVA),13:20,Ha salido,189.0,Boeing 737-8AS,
18.0,16/11/2025 23-03-05,Easyjet,U28056,London (LGW),13:25,Ha salido,189.0,Boeing 737-8AS,
19.0,16/11/2025 23-03-05,easyJet Europe,EC1380,Geneva (GVA),13:40,Ha salido,,,
20.0,16/11/2025 23-03-05,Ryanair,FR9811,London (STN),13:40,"Retrasado, Ha salido",,,
21.0,16/11/2025 23-03-05,Ryanair,FR483,Malaga (AGP),13:50,"Retrasado, Ha salido",189.0,Boeing 737-8AS,
22.0,16/11/2025 23-03-05,Air Baltic,BT684,Riga (RIX),14:05,"Retrasado, Ha salido",189.0,Boeing 737-8AS,
23.0,16/11/2025 23-03-05,easyJet Europe,EC7153,Milan (MXP),14:05,"Retrasado, Ha salido",197.0,Boeing 737 MAX 8-200,
24.0,16/11/2025 23-03-05,Ryanair,FR1342,Palma de Mallorca (PMI),14:05,"Retrasado, Ha salido",,,R
25.0,16/11/2025 23-03-05,Ryanair,FR6920,Dublin (DUB),14:05,Ha salido,,,
26.0,16/11/2025 23-03-05,Ryanair,FR4585,Porto (OPO),14:10,Ha salido,189.0,Boeing 737-8AS,
27.0,16/11/2025 23-03-05,Pegasus Airlines,PC7184,Istanbul (SAW),14:15,"Retrasado, Ha salido",,,
28.0,16/11/2025 23-03-05,SunExpress,XQ895,Izmir (ADB),14:15,"Retrasado, Ha salido",,,
29.0,16/11/2025 23-03-05,Transavia,HV5132,Amsterdam (AMS),14:20,Ha salido,,,R
30.0,16/11/2025 23-03-05,easyJet Europe,EC7107,Geneva (GVA),14:25,Ha salido,189.0,Boeing 737-8AS,
31.0,16/11/2025 23-03-05,Norwegian Air Sweden AOC,D85502,Stockholm (ARN),14:40,"Retrasado, Ha salido",,,
32.0,16/11/2025 23-03-05,Bluebird Airways,BZ251,Tel Aviv (TLV),14:45,Ha salido,,,
33.0,16/11/2025 23-03-05,Ryanair,FR269,Milan (MXP),14:55,"Retrasado, Ha salido",,,
34.0,16/11/2025 23-03-05,SmartWings,QS1059,Prague (PRG),14:55,Ha salido,,,
35.0,16/11/2025 23-03-05,Ryanair,FR3320,Milan (BGY),15:00,"Retrasado, Ha salido",,,R
36.0,16/11/2025 23-03-05,Ryanair,FR774,Torino (TRN),15:15,Ha salido,,,
37.0,16/11/2025 23-03-05,BUZZ,RR3072,Prague (PRG),15:15,Ha salido,189.0,Boeing 737-8AS,
38.0,16/11/2025 23-03-05,Transavia,TO4755,Paris (ORY),15:15,Ha salido,189.0,Boeing 737-8AS,
39.0,16/11/2025 23-03-05,easyJet Europe,EC7694,Lisbon (LIS),15:20,Ha salido,,,
40.0,16/11/2025 23-03-05,Ryanair,FR6973,Rome (FCO),15:30,"Retrasado, Ha salido",,,R
41.0,16/11/2025 23-03-05,Air Arabia Maroc,3O378,Tanger (TNG),15:35,Ha salido,,,
42.0,16/11/2025 23-03-05,Wizz Air Malta,W46728,Venice (VCE),15:40,Ha salido,189.0,Boeing 737-8AS,
43.0,16/11/2025 23-03-05,Ryanair,FR133,Berlin (BER),16:15,"Retrasado, Ha salido",,,R
44.0,16/11/2025 23-03-05,Ryanair,FR2922,Brussels (BRU),16:15,Ha salido,197.0,Boeing 737 MAX 8-200,
45.0,16/11/2025 23-03-05,easyJet Europe,EC7173,Berlin (BER),16:30,Ha salido,189.0,Boeing 737-8AS,
46.0,16/11/2025 23-03-05,Ryanair,FR9814,London (STN),16:40,Ha salido,,,
47.0,16/11/2025 23-03-05,Ryanair,FR8669,Dublin (DUB),16:55,Ha salido,,,
48.0,16/11/2025 23-03-05,Air Arabia Maroc,3O374,Casablanca (CMN),17:00,"Retrasado, Ha salido",,,
49.0,16/11/2025 23-03-05,Ryanair,FR2250,Marrakech (RAK),17:00,Ha salido,189.0,Boeing 737-8AS,
50.0,16/11/2025 23-03-05,BUZZ,RR8394,Budapest (BUD),17:15,Ha salido,,,
51.0,16/11/2025 23-03-05,Ryanair,FR5718,Bratislava (BTS),17:20,Ha salido,,,R
52.0,16/11/2025 23-03-05,Ryanair,FR12,Vienna (VIE),17:40,Ha salido,,,
53.0,16/11/2025 23-03-05,Volotea,V73573,Asturias (OVD),17:40,Ha salido,,,
54.0,16/11/2025 23-03-05,BUZZ,RR5252,Krakow (KRK),17:50,"Retrasado, Ha salido",189.0,Boeing 737-8AS,
55.0,16/11/2025 23-03-05,Ryanair,FR1681,Frankfurt-Hahn (HHN),18:00,Ha salido,,,R
56.0,16/11/2025 23-03-05,Ryanair,FR777,Venice (VCE),18:00,Ha salido,,,
57.0,16/11/2025 23-03-05,Ryanair,FR6305,Milan (BGY),18:05,Ha salido,,,
58.0,16/11/2025 23-03-05,easyJet Europe,EC7109,Geneva (GVA),18:15,Ha salido,,,
59.0,16/11/2025 23-03-05,Volotea,V73700,Vitoria (VIT),18:20,"Retrasado, Ha salido",189.0,Boeing 737-8AS,
60.0,16/11/2025 23-03-05,Ryanair,FR2406,Sevilla (SVQ),18:30,Ha salido,,,
61.0,16/11/2025 23-03-05,Wizz Air Malta,W43686,Iasi (IAS),18:30,"Retrasado, Ha salido",,,
62.0,16/11/2025 23-03-05,Jet2,LS804,Manchester (MAN),18:35,Ha salido,,,
63.0,16/11/2025 23-03-05,easyJet Europe,EC7103,"Basel, Switzerland/Mulhouse (BSL)",18:45,Ha salido,189.0,Boeing 737-8AS,
64.0,16/11/2025 23-03-05,Ryanair,FR8631,Tanger (TNG),18:45,Ha salido,,,
65.0,16/11/2025 23-03-05,Transavia,HV6066,Rotterdam (RTM),18:50,"Retrasado, Ha salido",,,
66.0,16/11/2025 23-03-05,Easyjet,U25716,Southend (SEN),18:55,Ha salido,,,
67.0,16/11/2025 23-03-05,Wizz Air,W61176,Katowice (KTW),18:55,"Retrasado, Ha salido",,,
68.0,16/11/2025 23-03-05,Wizz Air,W61478,Warsaw (WAW),19:00,Ha salido,,,
69.0,16/11/2025 23-03-05,easyJet Europe,EC7159,Milan (LIN),19:05,Ha salido,,,
70.0,16/11/2025 23-03-05,Wizz Air Malta,W43180,Bucharest (OTP),19:05,"Retrasado, Ha salido",189.0,Boeing 737-8AS,
71.0,16/11/2025 23-03-05,Ryanair,FR6394,Dublin (DUB),19:10,Ha salido,189.0,Boeing 737-8AS,
72.0,16/11/2025 23-03-05,Ryanair,FR3160,Bristol (BRS),19:25,Ha salido,,,
73.0,16/11/2025 23-03-05,Volotea,V72165,Nantes/Atlantique (NTE),19:30,Ha salido,,,
75.0,16/11/2025 23-03-05,Wizz Air,W64406,Sofia (SOF),19:35,Ha salido,,,
76.0,16/11/2025 23-03-05,Ryanair,FR2233,Al Aaroui (NDR),19:40,Ha salido,189.0,Boeing 737-8AS,
77.0,16/11/2025 23-03-05,easyJet Europe,EC3750,Milan (MXP),19:45,Ha salido,,,
78.0,16/11/2025 23-03-05,Ryanair,FR5710,Napoli (NAP),19:45,Ha salido,,,
79.0,16/11/2025 23-03-05,Ryanair,FR9015,London (STN),19:45,Ha salido,,,
80.0,16/11/2025 23-03-05,Easyjet,U28058,London (LGW),19:45,Ha salido,,,
81.0,16/11/2025 23-03-05,Jet2,LS1338,Birmingham (BHX),19:55,Ha salido,,,
82.0,16/11/2025 23-03-05,Wizz Air,W64666,Larnaca (LCA),19:55,Ha salido,,,
83.0,16/11/2025 23-03-05,Ryanair,FR8136,Ibiza (IBZ),20:10,Ha salido,,,
84.0,16/11/2025 23-03-05,Wizz Air,W62096,Krakow (KRK),20:10,Ha salido,,,
85.0,16/11/2025 23-03-05,easyJet Europe,EC4212,Napoli (NAP),20:20,"Retrasado, Ha salido",,,
86.0,16/11/2025 23-03-05,Transavia,HV6788,Eindhoven (EIN),20:20,Ha salido,,,
87.0,16/11/2025 23-03-05,Wizz Air,W67022,Bratislava (BTS),20:20,Ha salido,,,
88.0,16/11/2025 23-03-05,Ryanair,FR6985,Rome (FCO),20:30,Ha salido,,,
90.0,16/11/2025 23-03-05,Air Serbia,JU585,Belgrade (BEG),20:35,Ha salido,,,
91.0,16/11/2025 23-03-05,Norwegian Air Sweden AOC,D83659,Copenhagen (CPH),20:40,Ha salido,,,
92.0,16/11/2025 23-03-05,Eurowings,EW2521,Stuttgart (STR),20:40,Ha salido,,,
93.0,16/11/2025 23-03-05,Ryanair,FR4587,Porto (OPO),20:40,Ha salido,,,
94.0,16/11/2025 23-03-05,Luxair,LG3596,Luxembourg (LUX),20:40,"Retrasado, Ha salido",,,
95.0,16/11/2025 23-03-05,Transavia,TO4759,Paris (ORY),20:45,Ha salido,,,
96.0,16/11/2025 23-03-05,Wizz Air,W62378,Budapest (BUD),20:45,Ha salido,,,
97.0,16/11/2025 23-03-05,Ryanair,FR6275,Edinburgh (EDI),20:50,"Retrasado, Ha salido",,,
98.0,16/11/2025 23-03-05,Transavia,HV5134,Amsterdam (AMS),20:50,Ha salido,,,
99.0,16/11/2025 23-03-05,BUZZ,RR6944,Warsaw (WMI),20:50,Ha salido,,,
100.0,16/11/2025 23-03-05,Easyjet,U22326,London (LTN),20:55,Ha salido,,,
101.0,16/11/2025 23-03-05,Wizz Air,W64738,Skopje (SKP),20:55,Ha salido,,,
102.0,16/11/2025 23-03-05,BUZZ,RR8615,Budapest (BUD),21:00,"Retrasado, Ha salido",,,
103.0,16/11/2025 23-03-05,Aer Lingus,EI565,Dublin (DUB),21:05,Ha salido,,,
104.0,16/11/2025 23-03-05,Ryanair,FR2896,Palma de Mallorca (PMI),21:15,Ha salido,,,
105.0,16/11/2025 23-03-05,Ryanair,FR3792,Birmingham (BHX),21:20,Ha salido,,,
106.0,16/11/2025 23-03-05,Wizz Air Malta,W43178,Bucharest (BBU),21:20,Ha salido,,,
107.0,16/11/2025 23-03-05,Wizz Air Malta,W43406,Cluj-Napoca (CLJ),21:25,Ha salido,,,
108.0,16/11/2025 23-03-05,Easyjet,U28060,London (LGW),21:30,"Retrasado, Ha salido",,,
109.0,16/11/2025 23-03-05,Wizz Air Malta,W46020,Rome (FCO),21:35,Ha salido,,,
110.0,16/11/2025 23-03-05,Ryanair,FR5752,Valletta (MLA),21:45,Ha salido,,,
111.0,16/11/2025 23-03-05,Easyjet,U22706,Bristol (BRS),21:50,Ha salido,,,
112.0,16/11/2025 23-03-05,Volotea,V71415,Verona (VRN),21:55,Ha salido,,,
113.0,16/11/2025 23-03-05,Wizz Air,W64116,Belgrade (BEG),21:55,"Retrasado, Ha salido",,,
114.0,16/11/2025 23-03-05,Wizz Air Malta,W45154,Tirana (TIA),22:45,Ha salido,,,
115.0,16/11/2025 23-03-05,Ryanair,FR5220,Bologna (BLQ),22:50,"Retrasado, Ha salido",,,
116.0,16/11/2025 23-03-05,Wizz Air,W61706,Gdansk (GDN),22:50,Ha salido,,,
117.0,16/11/2025 23-03-05,Ryanair,FR9406,Fes (FEZ),23:15,Ha salido,,,
118.0,17/11/2025 14-06-56,Ryanair,FR3180,Rome (FCO),06:00,Ha salido,,,
119.0,17/11/2025 14-06-56,Ryanair,FR846,Milan (BGY),06:10,"Retrasado, Ha salido",,,
120.0,17/11/2025 14-06-56,easyJet Europe,EC7105,Geneva (GVA),06:15,Ha salido,,,
121.0,17/11/2025 14-06-56,Ryanair,FR2233,Al Aaroui (NDR),06:20,"Retrasado, Ha salido",,,
122.0,17/11/2025 14-06-56,Ryanair,FR8384,Budapest (BUD),06:25,Ha salido,,,
123.0,17/11/2025 14-06-56,Ryanair,FR3078,Lisbon (LIS),06:30,Ha salido,,,
124.0,17/11/2025 14-06-56,easyJet Europe,EC8062,London (LGW),06:45,"Retrasado, Ha salido",,,
125.0,17/11/2025 14-06-56,Ryanair,FR3035,Krakow (KRK),06:45,Ha salido,,,
126.0,17/11/2025 14-06-56,Ryanair,FR8215,London (STN),06:45,Ha salido,,,
127.0,17/11/2025 14-06-56,easyJet Europe,EC7141,Strasbourg (SXB),07:20,Ha salido,,,
128.0,17/11/2025 14-06-56,easyJet Europe,EC7151,Milan (MXP),07:20,Ha salido,,,
129.0,17/11/2025 14-06-56,Ryanair,FR3028,Ibiza (IBZ),07:35,Ha salido,,,
130.0,17/11/2025 14-06-56,Lauda Europe,LW1342,Palma de Mallorca (PMI),07:40,Ha salido,,,
131.0,17/11/2025 14-06-56,Ryanair,FR1165,Sevilla (SVQ),07:55,Ha salido,,,
132.0,17/11/2025 14-06-56,Norwegian Air Sweden AOC,D85510,Copenhagen (CPH),08:00,Ha salido,,,
133.0,17/11/2025 14-06-56,Ryanair,FR58,Napoli (NAP),08:35,Ha salido,,,
134.0,17/11/2025 14-06-56,Ryanair,FR575,Bologna (BLQ),08:40,Ha salido,,,
135.0,17/11/2025 14-06-56,easyJet Europe,EC1376,Geneva (GVA),08:45,Ha salido,,,
136.0,17/11/2025 14-06-56,Lauda Europe,LW12,Vienna (VIE),09:00,Ha salido,,,
137.0,17/11/2025 14-06-56,Ryanair,FR6078,Ouarzazate (OZZ),09:05,Ha salido,,,
138.0,17/11/2025 14-06-56,Wizz Air,W62048,Krakow (KRK),09:05,Ha salido,,,
139.0,17/11/2025 14-06-56,Volotea,V72327,Strasbourg (SXB),09:10,"Retrasado, Ha salido",,,
140.0,17/11/2025 14-06-56,Air Arabia Maroc,3O398,Rabat (RBA),09:20,Ha salido,,,
141.0,17/11/2025 14-06-56,Eurowings,EW2521,Stuttgart (STR),09:20,Ha salido,,,
142.0,17/11/2025 14-06-56,Wizz Air Malta,W43176,Bucharest (OTP),09:25,Ha salido,,,
143.0,17/11/2025 14-06-56,Wizz Air Malta,W45088,Tirana (TIA),09:25,Ha salido,,,
144.0,17/11/2025 14-06-56,Wizz Air,W62376,Budapest (BUD),09:25,Ha salido,,,
145.0,17/11/2025 14-06-56,Volotea,V73573,Asturias (OVD),09:30,"Retrasado, Ha salido",,,
146.0,17/11/2025 14-06-56,easyJet Europe,EC1030,"Basel, Switzerland/Mulhouse (BSL)",09:35,Ha salido,,,
147.0,17/11/2025 14-06-56,Ryanair,FR2834,Charleroi (CRL),09:40,"Retrasado, Ha salido",,,
148.0,17/11/2025 14-06-56,Transavia,HV6062,Rotterdam (RTM),09:40,Ha salido,,,
149.0,17/11/2025 14-06-56,Eurowings,EW9441,Dusseldorf (DUS),09:45,Ha salido,,,
150.0,17/11/2025 14-06-56,Ryanair,FR2495,Palma de Mallorca (PMI),09:45,"Retrasado, Ha salido",,,
151.0,17/11/2025 14-06-56,Ryanair,FR4545,Porto (OPO),09:50,Ha salido,,,
152.0,17/11/2025 14-06-56,Air Serbia,JU581,Belgrade (BEG),09:55,Ha salido,,,
153.0,17/11/2025 14-06-56,easyJet Europe,EC7656,Lisbon (LIS),10:00,Ha salido,,,
154.0,17/11/2025 14-06-56,Transavia,HV5132,Amsterdam (AMS),10:05,Ha salido,,,
155.0,17/11/2025 14-06-56,Transavia,TO4751,Paris (ORY),10:05,"Retrasado, Ha salido",,,
156.0,17/11/2025 14-06-56,Wizz Air Malta,W46018,Rome (FCO),10:05,"Retrasado, Ha salido",,,
157.0,17/11/2025 14-06-56,Ryanair,FR6559,Liverpool (LPL),10:15,Ha salido,,,
158.0,17/11/2025 14-06-56,Wizz Air,W61476,Warsaw (WAW),10:15,"Retrasado, Ha salido",,,
159.0,17/11/2025 14-06-56,Ryanair,FR3143,Milan (BGY),10:20,"Retrasado, Ha salido",,,
160.0,17/11/2025 14-06-56,Easyjet,U22324,London (LTN),10:25,"Retrasado, Ha salido",,,
161.0,17/11/2025 14-06-56,Ryanair,FR7808,London (LTN),10:35,Ha salido,,,
162.0,17/11/2025 14-06-56,easyJet Europe,EC7131,Nice/Cote D'Azur (NCE),10:40,Ha salido,,,
163.0,17/11/2025 14-06-56,Easyjet,U28056,London (LGW),10:40,"Retrasado, Ha salido",,,
164.0,17/11/2025 14-06-56,Ryanair,FR2239,Marrakech (RAK),10:45,Ha salido,,,
165.0,17/11/2025 14-06-56,Ryanair,FR3121,Beauvais (BVA),10:45,Ha salido,,,
166.0,17/11/2025 14-06-56,Ryanair,FR3976,Dublin (DUB),10:45,Ha salido,,,
167.0,17/11/2025 14-06-56,Ryanair,FR3039,Prague (PRG),10:55,"Retrasado, Programado",,,
168.0,17/11/2025 14-06-56,Ryanair,FR9045,London (STN),11:00,Programado,,,
169.0,17/11/2025 14-06-56,Easyjet,U22002,Manchester (MAN),11:20,"Retrasado, Ha salido",,,
170.0,17/11/2025 14-06-56,FLYONE Armenia,3F232,Yerevan (EVN),11:30,Ha salido,,,
171.0,17/11/2025 14-06-56,Aer Lingus,EI563,Dublin (DUB),11:30,Ha salido,,,
172.0,17/11/2025 14-06-56,Ryanair,FR7539,Milan (MXP),11:30,Ha salido,,,
173.0,17/11/2025 14-06-56,Transavia,TO4755,Paris (ORY),11:30,Ha salido,,,
174.0,17/11/2025 14-06-56,Ryanair,FR1279,Copenhagen (CPH),11:35,Ha salido,,,
175.0,17/11/2025 14-06-56,easyJet Europe,EC7197,Birmingham (BHX),11:40,Ha salido,,,
176.0,17/11/2025 14-06-56,Ryanair,FR777,Venice (VCE),11:55,Ha salido,,,
177.0,17/11/2025 14-06-56,Ryanair,FR8217,London (STN),12:00,Ha salido,,,
178.0,17/11/2025 14-06-56,Jet2,LS232,Leeds Bradford (LBA),12:00,Ha salido,,,
179.0,17/11/2025 14-06-56,Ryanair,FR3129,Ibiza (IBZ),12:35,"Retrasado, Ha salido",,,
180.0,17/11/2025 14-06-56,Ryanair,FR6973,Rome (FCO),12:35,"Retrasado, Ha salido",,,
181.0,17/11/2025 14-06-56,Ryanair,FR774,Torino (TRN),12:40,Ha salido,,,
182.0,17/11/2025 14-06-56,Pegasus Airlines,PC1092,Istanbul (SAW),12:45,Ha salido,,,
183.0,17/11/2025 14-06-56,Norwegian Air Sweden AOC,D83657,Copenhagen (CPH),12:50,Ha salido,,,
184.0,17/11/2025 14-06-56,easyJet Europe,EC7137,Lyon (LYS),12:55,Ha salido,,,
185.0,17/11/2025 14-06-56,Wizz Air,W67022,Bratislava (BTS),12:55,"Retrasado, Ha salido",,,
186.0,17/11/2025 14-06-56,Ryanair,FR3108,Luxembourg (LUX),13:00,"Retrasado, Ha salido",,,
187.0,17/11/2025 14-06-56,Wizz Air Malta,W46330,Milan (MXP),13:10,Ha salido,,,
188.0,17/11/2025 14-06-56,Ryanair,FR8631,Tanger (TNG),13:20,Ha salido,,,
189.0,17/11/2025 14-06-56,HiSky,H4264,Bucharest (OTP),13:20,Ha salido,,,
190.0,17/11/2025 14-06-56,Norwegian Air Sweden AOC,D81741,Oslo (OSL),13:25,Ha salido,,,
191.0,17/11/2025 14-06-56,Eurowings,EW521,Cologne-Bonn (CGN),13:25,Ha salido,,,
192.0,17/11/2025 14-06-56,Pegasus Airlines,PC1528,Izmir (ADB),13:30,Ha salido,,,
193.0,17/11/2025 14-06-56,Luxair,LG3592,Luxembourg (LUX),13:35,"Retrasado, Ha salido",,,
194.0,17/11/2025 14-06-56,easyJet Europe,EC7153,Milan (MXP),13:40,"Retrasado, Ha salido",,,
195.0,17/11/2025 14-06-56,Ryanair,FR4585,Porto (OPO),13:40,"Retrasado, Ha salido",,,
196.0,17/11/2025 14-06-56,Turkish Airlines,TK608,Ankara (ESB),13:40,"Retrasado, Ha salido",,,
197.0,17/11/2025 14-06-56,Ryanair,FR3189,Fes (FEZ),13:50,"Retrasado, Ha salido",,,
198.0,17/11/2025 14-06-56,Jet2,LS804,Manchester (MAN),13:50,Ha salido,,,
199.0,17/11/2025 14-06-56,Ryanair,FR3792,Birmingham (BHX),13:55,Ha salido,,,
200.0,17/11/2025 14-06-56,Air Baltic,BT684,Riga (RIX),14:05,"Retrasado, Ha salido",,,
201.0,17/11/2025 14-06-56,Ryanair,FR2889,Palma de Mallorca (PMI),14:05,"Retrasado, Ha salido",,,
202.0,17/11/2025 14-06-56,Norwegian Air Sweden AOC,D85502,Stockholm (ARN),14:40,Ha salido,,,
203.0,17/11/2025 14-06-56,Bluebird Airways,BZ251,Tel Aviv (TLV),14:45,Ha salido,,,
204.0,17/11/2025 14-06-56,easyJet Europe,EC7107,Geneva (GVA),14:45,"Retrasado, Ha salido",,,
205.0,17/11/2025 14-06-56,Volotea,V71443,Ancona (AOI),14:45,Ha salido,,,
206.0,17/11/2025 14-06-56,Wizz Air,W64406,Sofia (SOF),14:50,"Retrasado, Ha salido",,,
207.0,17/11/2025 14-06-56,easyJet Europe,EC4212,Napoli (NAP),14:55,Ha salido,,,
208.0,17/11/2025 14-06-56,SmartWings,QS1059,Prague (PRG),14:55,"Retrasado, Ha salido",,,
209.0,17/11/2025 14-06-56,Air Arabia Maroc,3O376,Al Aaroui (NDR),15:00,Ha salido,,,
210.0,17/11/2025 14-06-56,Ryanair,FR3146,Oujda (OUD),15:10,Ha salido,,,
211.0,17/11/2025 14-06-56,Ryanair,FR1681,Frankfurt-Hahn (HHN),15:35,Ha salido,,,
212.0,17/11/2025 14-06-56,Wizz Air Malta,W46728,Venice (VCE),15:40,Ha salido,,,
213.0,17/11/2025 14-06-56,Pegasus Airlines,PC1094,Istanbul (SAW),15:45,"Retrasado, Ha salido",,,
214.0,17/11/2025 14-06-56,Ryanair,FR867,Venice (VCE),16:05,Ha salido,,,
215.0,17/11/2025 14-06-56,Ryanair,FR9811,London (STN),16:05,Ha salido,,,
216.0,17/11/2025 14-06-56,Wizz Air Malta,W43564,Timisoara (TSR),16:25,"Retrasado, Ha salido",,,
217.0,17/11/2025 14-06-56,Volotea,V73735,Murcia (RMU),16:35,Ha salido,,,
218.0,17/11/2025 14-06-56,Ryanair,FR2507,Cologne-Bonn (CGN),16:45,Ha salido,,,
219.0,17/11/2025 14-06-56,Ryanair,FR5718,Bratislava (BTS),16:50,Ha salido,,,
220.0,17/11/2025 14-06-56,Ryanair,FR6305,Milan (BGY),16:50,Ha salido,,,
221.0,17/11/2025 14-06-56,BUZZ,RR6874,Dublin (DUB),16:55,"Retrasado, Ha salido",,,
222.0,17/11/2025 14-06-56,Easyjet,U23372,Liverpool (LPL),17:00,Ha salido,,,
223.0,17/11/2025 14-06-56,Ryanair,FR5270,Manchester (MAN),17:05,Ha salido,,,
224.0,17/11/2025 14-06-56,BUZZ,RR6300,Sofia (SOF),17:05,Ha salido,,,
225.0,17/11/2025 14-06-56,easyJet Europe,EC7173,Berlin (BER),17:10,Ha salido,,,
226.0,17/11/2025 14-06-56,Volotea,V73700,Vitoria (VIT),17:15,Ha salido,,,
227.0,17/11/2025 14-06-56,Wizz Air,W67920,Kopitnari (KUT),17:15,"Retrasado, Ha salido",,,
228.0,17/11/2025 14-06-56,Ryanair,FR1786,Vilnius (VNO),17:30,Ha salido,,,
229.0,17/11/2025 14-06-56,Ryanair,FR2922,Brussels (BRU),17:30,Ha salido,,,
230.0,17/11/2025 14-06-56,easyJet Europe,EC3737,Milan (MXP),17:35,Ha salido,,,
231.0,17/11/2025 14-06-56,easyJet Europe,EC7199,Edinburgh (EDI),17:35,Ha salido,,,
232.0,17/11/2025 14-06-56,Transavia,HV5134,Amsterdam (AMS),17:50,"Retrasado, Ha salido",,,
233.0,17/11/2025 14-06-56,BUZZ,RR333,Gdansk (GDN),17:55,Ha salido,,,
234.0,17/11/2025 14-06-56,Ryanair,FR269,Milan (MXP),18:00,"Retrasado, Ha salido",,,
235.0,17/11/2025 14-06-56,easyJet Europe,EC7205,Southampton (SOU),18:05,Ha salido,,,
236.0,17/11/2025 14-06-56,Ryanair,FR3320,Milan (BGY),18:30,Ha salido,,,
237.0,17/11/2025 14-06-56,Wizz Air Malta,W43686,Iasi (IAS),18:30,Ha salido,,,
238.0,17/11/2025 14-06-56,Ryanair,FR3174,Ibiza (IBZ),18:45,"Retrasado, Ha salido",,,
239.0,17/11/2025 14-06-56,Wizz Air,W61478,Warsaw (WAW),19:00,Ha salido,,,
240.0,17/11/2025 14-06-56,Ryanair,FR3185,Rabat (RBA),19:05,"Retrasado, Ha salido",,,
241.0,17/11/2025 14-06-56,Ryanair,FR9307,Cork (ORK),19:15,Ha salido,,,
242.0,17/11/2025 14-06-56,Ryanair,FR8231,London (STN),19:25,Ha salido,,,
243.0,17/11/2025 14-06-56,Eurowings,E69443,Dusseldorf (DUS),19:35,"Retrasado, Ha salido",,,
244.0,17/11/2025 14-06-56,Eurowings,EW7521,Hamburg (HAM),19:40,Ha salido,,,
245.0,17/11/2025 14-06-56,Lauda Europe,LW2896,Palma de Mallorca (PMI),19:40,Ha salido,,,
246.0,17/11/2025 14-06-56,Wizz Air,W61706,Gdansk (GDN),19:40,Ha salido,,,
247.0,17/11/2025 14-06-56,Ryanair,FR133,Berlin (BER),19:45,Ha salido,,,
248.0,17/11/2025 14-06-56,Lauda Europe,LW7351,Vienna (VIE),19:45,Ha salido,,,
249.0,17/11/2025 14-06-56,Easyjet,U28058,London (LGW),19:45,Ha salido,,,
250.0,17/11/2025 14-06-56,Volotea,V71415,Verona (VRN),19:55,Ha salido,,,
251.0,17/11/2025 14-06-56,Wizz Air,W64666,Larnaca (LCA),19:55,Ha salido,,,
252.0,17/11/2025 14-06-56,Ryanair,FR3080,Malaga (AGP),20:00,Ha salido,,,
253.0,17/11/2025 14-06-56,Air Arabia Maroc,3O378,Tanger (TNG),20:05,Ha salido,,,
254.0,17/11/2025 14-06-56,Ryanair,FR3807,Charleroi (CRL),20:05,Ha salido,,,
255.0,17/11/2025 14-06-56,Ryanair,FR6341,Rome (FCO),20:10,Ha salido,,,
256.0,17/11/2025 14-06-56,Ryanair,FR6597,Manchester (MAN),20:10,Ha salido,,,
257.0,17/11/2025 14-06-56,easyJet Europe,EC1956,Milan (LIN),20:15,Ha salido,,,
258.0,17/11/2025 14-06-56,Wizz Air Malta,W42940,Vienna (VIE),20:20,"Retrasado, Ha salido",,,
259.0,17/11/2025 14-06-56,easyJet Europe,EC1010,"Basel, Switzerland/Mulhouse (BSL)",20:30,Ha salido,,,
260.0,17/11/2025 14-06-56,T'Way Air,TW408,Seoul/Incheon (ICN),20:30,Ha salido,,,
261.0,17/11/2025 14-06-56,Volotea,V72135,Bordeaux (BOD),20:30,Ha salido,,,
262.0,17/11/2025 14-06-56,Air Serbia,JU585,Belgrade (BEG),20:35,Ha salido,,,
263.0,17/11/2025 14-06-56,Ryanair,FR5710,Napoli (NAP),20:40,Ha salido,,,
264.0,17/11/2025 14-06-56,BUZZ,RR8394,Budapest (BUD),20:40,"Retrasado, Ha salido",,,
265.0,17/11/2025 14-06-56,Transavia,TO4759,Paris (ORY),20:45,Ha salido,,,
266.0,17/11/2025 14-06-56,Wizz Air,W62378,Budapest (BUD),20:45,"Retrasado, Ha salido",,,
267.0,17/11/2025 14-06-56,Ryanair,FR2098,Bologna (BLQ),20:50,Ha salido,,,
268.0,17/11/2025 14-06-56,Ryanair,FR3928,Trieste (TRS),20:50,Ha salido,,,
269.0,17/11/2025 14-06-56,Volotea,V72165,Nantes/Atlantique (NTE),20:50,"Retrasado, Ha salido",,,
270.0,17/11/2025 14-06-56,Ryanair,FR878,Venice (VCE),20:55,Ha salido,,,
271.0,17/11/2025 14-06-56,Aer Lingus,EI565,Dublin (DUB),21:05,Ha salido,,,
272.0,17/11/2025 14-06-56,Ryanair,FR6275,Edinburgh (EDI),21:05,Ha salido,,,
273.0,17/11/2025 14-06-56,Ryanair,FR6920,Dublin (DUB),21:10,Ha salido,,,
274.0,17/11/2025 14-06-56,easyJet Europe,EC1380,Geneva (GVA),21:20,"Retrasado, Ha salido",,,
275.0,17/11/2025 14-06-56,Wizz Air Malta,W43178,Bucharest (BBU),21:20,"Retrasado, Ha salido",,,
276.0,17/11/2025 14-06-56,Wizz Air Malta,W43406,Cluj-Napoca (CLJ),21:25,Ha salido,,,
277.0,17/11/2025 14-06-56,Ryanair,FR2402,Sevilla (SVQ),21:30,"Retrasado, Ha salido",,,
278.0,17/11/2025 14-06-56,BUZZ,RR4084,Warsaw (WMI),21:30,"Retrasado, Ha salido",,,
279.0,17/11/2025 14-06-56,Wizz Air Malta,W46020,Rome (FCO),21:35,"Retrasado, Ha salido",,,
280.0,17/11/2025 14-06-56,Ryanair,FR3168,Newcastle (NCL),21:45,Ha salido,,,
281.0,17/11/2025 14-06-56,Ryanair,FR4587,Porto (OPO),21:45,Ha salido,,,
282.0,17/11/2025 14-06-56,Ryanair,FR1527,Valletta (MLA),21:50,"Retrasado, Ha salido",,,
283.0,17/11/2025 14-06-56,Ryanair,FR2250,Marrakech (RAK),21:50,Ha salido,,,
284.0,17/11/2025 14-06-56,Easyjet,U22706,Bristol (BRS),21:55,Ha salido,,,
285.0,17/11/2025 14-06-56,Wizz Air,W64116,Belgrade (BEG),21:55,Ha salido,,,
286.0,17/11/2025 14-06-56,Ryanair,FR8574,Rome (FCO),22:20,Ha salido,,,
287.0,17/11/2025 14-06-56,Wizz Air Malta,W45154,Tirana (TIA),22:45,Ha salido,,,
288.0,18/11/2025 14-12-47,easyJet Europe,EC7105,Geneva (GVA),06:00,Ha salido,,,
289.0,18/11/2025 14-12-47,Ryanair,FR3189,Fes (FEZ),06:15,Ha salido,,,
290.0,18/11/2025 14-12-47,Ryanair,FR2507,Cologne-Bonn (CGN),06:20,Ha salido,,,
291.0,18/11/2025 14-12-47,Ryanair,FR4545,Porto (OPO),06:35,Ha salido,,,
292.0,18/11/2025 14-12-47,easyJet Europe,EC8062,London (LGW),07:30,Ha salido,,,
293.0,18/11/2025 14-12-47,Ryanair,FR3166,Palermo (PMO),07:35,Ha salido,,,
294.0,18/11/2025 14-12-47,Ryanair,FR5718,Bratislava (BTS),07:35,Ha salido,,,
295.0,18/11/2025 14-12-47,Ryanair,FR3193,Riga (RIX),07:55,Ha salido,,,
296.0,18/11/2025 14-12-47,easyJet Europe,EC3737,Milan (MXP),08:00,Ha salido,,,
297.0,18/11/2025 14-12-47,Ryanair,FR133,Berlin (BER),08:50,Ha salido,,,
298.0,18/11/2025 14-12-47,Wizz Air Malta,W43938,Chisinau (KIV),09:00,Ha salido,,,
299.0,18/11/2025 14-12-47,Wizz Air,W62048,Krakow (KRK),09:05,Ha salido,,,
300.0,18/11/2025 14-12-47,Ryanair,FR3035,Krakow (KRK),09:10,Ha salido,,,
301.0,18/11/2025 14-12-47,Ryanair,FR3807,Charleroi (CRL),09:10,Ha salido,,,
302.0,18/11/2025 14-12-47,Wizz Air,W61914,Vilnius (VNO),09:20,Ha salido,,,
303.0,18/11/2025 14-12-47,Wizz Air Malta,W43176,Bucharest (OTP),09:25,Ha salido,,,
304.0,18/11/2025 14-12-47,Wizz Air,W62376,Budapest (BUD),09:25,"Retrasado, Ha salido",,,
305.0,18/11/2025 14-12-47,Transavia,TO4751,Paris (ORY),09:30,Ha salido,,,
306.0,18/11/2025 14-12-47,Wizz Air Malta,W42938,Vienna (VIE),09:35,Ha salido,,,
307.0,18/11/2025 14-12-47,Air Arabia Maroc,3O378,Tanger (TNG),09:45,Programado,,,
308.0,18/11/2025 14-12-47,Eurowings,EW9441,Dusseldorf (DUS),09:45,Ha salido,,,
309.0,18/11/2025 14-12-47,Air Serbia,JU581,Belgrade (BEG),09:55,Ha salido,,,
310.0,18/11/2025 14-12-47,Lauda Europe,LW12,Vienna (VIE),10:15,Ha salido,,,
311.0,18/11/2025 14-12-47,Wizz Air,W61476,Warsaw (WAW),10:15,Ha salido,,,
312.0,18/11/2025 14-12-47,Ryanair,FR1279,Copenhagen (CPH),10:25,Ha salido,,,
313.0,18/11/2025 14-12-47,Ryanair,FR5270,Manchester (MAN),10:30,Ha salido,,,
314.0,18/11/2025 14-12-47,Azerbaijan Airlines,J246,Baku (GYD),10:45,Ha salido,,,
315.0,18/11/2025 14-12-47,Aer Lingus,EI563,Dublin (DUB),11:30,Ha salido,,,
316.0,18/11/2025 14-12-47,Ryanair,FR58,Napoli (NAP),11:40,Ha salido,,,
317.0,18/11/2025 14-12-47,Icelandair,FI597,Keflavik (KEF),11:50,Ha salido,,,
318.0,18/11/2025 14-12-47,Ryanair,FR3108,Luxembourg (LUX),12:15,Ha salido,,,
319.0,18/11/2025 14-12-47,easyJet Europe,EC7151,Milan (MXP),12:20,Ha salido,,,
320.0,18/11/2025 14-12-47,Norwegian Air Sweden AOC,D83657,Copenhagen (CPH),12:30,Ha salido,,,
321.0,18/11/2025 14-12-47,Ryanair,FR8384,Budapest (BUD),12:35,Ha salido,,,
322.0,18/11/2025 14-12-47,Pegasus Airlines,PC1092,Istanbul (SAW),12:45,"Retrasado, Ha salido",,,
323.0,18/11/2025 14-12-47,Ryanair,FR6267,Edinburgh (EDI),12:55,Ha salido,,,
324.0,18/11/2025 14-12-47,Norwegian Air Shuttle,DY1741,Oslo (OSL),13:25,"Retrasado, Ha salido",,,
325.0,18/11/2025 14-12-47,FlyOne,5F5512,Chisinau (KIV),13:30,Ha salido,,,
326.0,18/11/2025 14-12-47,Luxair,LG3592,Luxembourg (LUX),13:40,Ha salido,,,
327.0,18/11/2025 14-12-47,Ryanair,FR2239,Marrakech (RAK),14:00,Ha salido,,,
328.0,18/11/2025 14-12-47,Ryanair,FR3076,Stockholm (ARN),14:05,"Retrasado, Ha salido",,,
329.0,18/11/2025 14-12-47,Kuwait Airways,KU136,Kuwait City (KWI),14:25,"Retrasado, Ha salido",,,
330.0,18/11/2025 14-12-47,Bluebird Airways,BZ251,Tel Aviv (TLV),14:45,"Retrasado, Ha salido",,,
331.0,18/11/2025 14-12-47,Ryanair,FR3792,Birmingham (BHX),16:20,Ha salido,,,
332.0,18/11/2025 14-12-47,Ryanair,FR846,Milan (BGY),16:55,Ha salido,,,
333.0,18/11/2025 14-12-47,Ryanair,FR1165,Sevilla (SVQ),17:05,Ha salido,,,
334.0,18/11/2025 14-12-47,Ryanair,FR575,Bologna (BLQ),17:25,Ha salido,,,
335.0,18/11/2025 14-12-47,Transavia,HV5134,Amsterdam (AMS),17:45,Ha salido,,,
336.0,18/11/2025 14-12-47,Ryanair,FR3180,Rome (FCO),18:00,Ha salido,,,
337.0,18/11/2025 14-12-47,easyJet Europe,EC7103,"Basel, Switzerland/Mulhouse (BSL)",18:10,Ha salido,,,
338.0,18/11/2025 14-12-47,BUZZ,RR6300,Sofia (SOF),18:15,Ha salido,,,
339.0,18/11/2025 14-12-47,Ryanair,FR777,Venice (VCE),18:40,Ha salido,,,
340.0,18/11/2025 14-12-47,Ryanair,FR2834,Charleroi (CRL),18:45,Ha salido,,,
341.0,18/11/2025 14-12-47,Wizz Air,W61176,Katowice (KTW),18:55,Ha salido,,,
342.0,18/11/2025 14-12-47,Wizz Air,W61478,Warsaw (WAW),19:00,Ha salido,,,
343.0,18/11/2025 14-12-47,Ryanair,FR9015,London (STN),19:25,Ha salido,,,
344.0,18/11/2025 14-12-47,Eurowings,EW9443,Dusseldorf (DUS),19:35,Ha salido,,,
345.0,18/11/2025 14-12-47,Wizz Air,W64406,Sofia (SOF),19:35,Ha salido,,,
346.0,18/11/2025 14-12-47,Easyjet,U28058,London (LGW),19:45,Ha salido,,,
347.0,18/11/2025 14-12-47,Transavia,HV6790,Eindhoven (EIN),19:55,Ha salido,,,
348.0,18/11/2025 14-12-47,Air Arabia Maroc,3O642,Tanger (TNG),20:00,Ha salido,,,
349.0,18/11/2025 14-12-47,easyJet Europe,EC1956,Milan (LIN),20:15,Ha salido,,,
350.0,18/11/2025 14-12-47,BUZZ,RR4084,Warsaw (WMI),20:15,"Retrasado, Ha salido",,,
351.0,18/11/2025 14-12-47,Transavia,TO4759,Paris (ORY),20:45,Ha salido,,,
352.0,18/11/2025 14-12-47,easyJet Europe,EC1380,Geneva (GVA),21:15,Ha salido,,,
353.0,18/11/2025 14-12-47,Ryanair,FR6394,Dublin (DUB),21:15,Programado,,,
354.0,18/11/2025 14-12-47,Wizz Air Malta,W46020,Rome (FCO),21:35,Ha salido,,,
355.0,18/11/2025 14-12-47,Ryanair,FR4585,Porto (OPO),22:00,Ha salido,,,
356.0,19/11/2025 14-33-06,Ryanair,FR2918,Brussels (BRU),06:05,Ha salido,,,
357.0,19/11/2025 14-33-06,Ryanair,FR3185,Rabat (RBA),06:05,Ha salido,,,
358.0,19/11/2025 14-33-06,Ryanair,FR9406,Fes (FEZ),06:05,Ha salido,,,
359.0,19/11/2025 14-33-06,easyJet Europe,EC7105,Geneva (GVA),06:10,Ha salido,,,
360.0,19/11/2025 14-33-06,Ryanair,FR483,Malaga (AGP),06:15,Ha salido,,,
361.0,19/11/2025 14-33-06,easyJet Europe,EC7193,Leeds Bradford (LBA),06:30,Ha salido,,,
362.0,19/11/2025 14-33-06,Ryanair,FR2239,Marrakech (RAK),06:35,Ha salido,,,
363.0,19/11/2025 14-33-06,Ryanair,FR3028,Ibiza (IBZ),06:45,Ha salido,,,
364.0,19/11/2025 14-33-06,Ryanair,FR3108,Luxembourg (LUX),06:50,Ha salido,,,
365.0,19/11/2025 14-33-06,easyJet Europe,EC8062,London (LGW),07:20,Ha salido,,,
366.0,19/11/2025 14-33-06,easyJet Europe,EC3737,Milan (MXP),08:25,Ha salido,,,
367.0,19/11/2025 14-33-06,easyJet Europe,EC7161,Napoli (NAP),09:20,Ha salido,,,
368.0,19/11/2025 14-33-06,Wizz Air Malta,W43176,Bucharest (OTP),09:25,Ha salido,,,
369.0,19/11/2025 14-33-06,Wizz Air,W62376,Budapest (BUD),09:25,Ha salido,,,
370.0,19/11/2025 14-33-06,BUZZ,RR8384,Budapest (BUD),09:30,"Retrasado, Ha salido",,,
371.0,19/11/2025 14-33-06,Air Arabia Maroc,3O376,Al Aaroui (NDR),09:35,Ha salido,,,
372.0,19/11/2025 14-33-06,Wizz Air Malta,W42940,Vienna (VIE),09:35,"Retrasado, Ha salido",,,
373.0,19/11/2025 14-33-06,Eurowings,EW9441,Dusseldorf (DUS),09:45,Ha salido,,,
374.0,19/11/2025 14-33-06,Ryanair,FR2834,Charleroi (CRL),09:45,Ha salido,,,
375.0,19/11/2025 14-33-06,Ryanair,FR4545,Porto (OPO),09:45,Ha salido,,,
376.0,19/11/2025 14-33-06,BUZZ,RR3049,Krakow (KRK),09:55,"Retrasado, Ha salido",,,
377.0,19/11/2025 14-33-06,Air Arabia Maroc,3O642,Tanger (TNG),10:05,Ha salido,,,
378.0,19/11/2025 14-33-06,Transavia,HV5132,Amsterdam (AMS),10:05,Ha salido,,,
379.0,19/11/2025 14-33-06,Ryanair,FR3078,Lisbon (LIS),10:15,Ha salido,,,
380.0,19/11/2025 14-33-06,Wizz Air,W61476,Warsaw (WAW),10:15,Ha salido,,,
381.0,19/11/2025 14-33-06,Ryanair,FR3039,Prague (PRG),10:20,Ha salido,,,
382.0,19/11/2025 14-33-06,Air Baltic,BT878,Tallinn (TLL),10:35,"Retrasado, Ha salido",,,
383.0,19/11/2025 14-33-06,Ryanair,FR6267,Edinburgh (EDI),10:45,"Retrasado, Ha salido",,,
384.0,19/11/2025 14-33-06,SkyUp MT,U5406,Chisinau (KIV),10:50,"Retrasado, Ha salido",,,
385.0,19/11/2025 14-33-06,Easyjet,U22704,Bristol (BRS),10:55,Ha salido,,,
386.0,19/11/2025 14-33-06,Ryanair,FR2507,Cologne-Bonn (CGN),11:00,Ha salido,,,
387.0,19/11/2025 14-33-06,Aer Lingus,EI563,Dublin (DUB),11:30,Ha salido,,,
388.0,19/11/2025 14-33-06,Ryanair,FR575,Bologna (BLQ),11:40,Ha salido,,,
389.0,19/11/2025 14-33-06,Ryanair,FR9925,Frankfurt-Hahn (HHN),12:35,Ha salido,,,
390.0,19/11/2025 14-33-06,Pegasus Airlines,PC1092,Istanbul (SAW),12:45,"Retrasado, Ha salido",,,
391.0,19/11/2025 14-33-06,Ryanair,FR6597,Manchester (MAN),13:00,Ha salido,,,
392.0,19/11/2025 14-33-06,Ryanair,FR3792,Birmingham (BHX),13:10,Ha salido,,,
393.0,19/11/2025 14-33-06,HiSky,H4264,Bucharest (OTP),13:20,Ha salido,,,
394.0,19/11/2025 14-33-06,Norwegian Air Shuttle,DY1741,Oslo (OSL),13:25,"Retrasado, Ha salido",,,
395.0,19/11/2025 14-33-06,Eurowings,EW521,Cologne-Bonn (CGN),13:25,"Retrasado, Ha salido",,,
396.0,19/11/2025 14-33-06,Luxair,LG3592,Luxembourg (LUX),13:40,"Retrasado, Ha salido",,,
397.0,19/11/2025 14-33-06,Turkish Airlines,TK608,Ankara (ESB),13:40,"Retrasado, Ha salido",,,
398.0,19/11/2025 14-33-06,Bluebird Airways,BZ251,Tel Aviv (TLV),14:45,Ha salido,,,
399.0,19/11/2025 14-33-06,Norwegian Air Sweden AOC,D83659,Copenhagen (CPH),14:45,Ha salido,,,
400.0,19/11/2025 14-33-06,Eurowings,EW2521,Stuttgart (STR),15:10,"Retrasado, Ha salido",,,
401.0,19/11/2025 14-33-06,Ryanair,FR777,Venice (VCE),15:10,"Retrasado, Ha salido",,,
402.0,19/11/2025 14-33-06,Ryanair,FR12,Vienna (VIE),15:15,Ha salido,,,
403.0,19/11/2025 14-33-06,Pegasus Airlines,PC1094,Istanbul (SAW),15:45,"Retrasado, Ha salido",,,
404.0,19/11/2025 14-33-06,Volotea,V71415,Verona (VRN),15:45,Ha salido,,,
405.0,19/11/2025 14-33-06,Ryanair,FR3035,Krakow (KRK),16:15,Ha salido,,,
406.0,19/11/2025 14-33-06,Transavia,TO4755,Paris (ORY),16:45,Ha salido,,,
407.0,19/11/2025 14-33-06,Ryanair,FR3928,Trieste (TRS),16:50,Ha salido,,,
408.0,19/11/2025 14-33-06,Ryanair,FR5718,Bratislava (BTS),16:50,Ha salido,,,
409.0,19/11/2025 14-33-06,Wizz Air,W67920,Kopitnari (KUT),17:15,Ha salido,,,
410.0,19/11/2025 14-33-06,Ryanair,FR4585,Porto (OPO),17:30,Ha salido,,,
411.0,19/11/2025 14-33-06,Iberojet,E9803,Palmerola (XPL),17:40,Ha salido,,,
412.0,19/11/2025 14-33-06,Ryanair,FR3180,Rome (FCO),18:00,Ha salido,,,
413.0,19/11/2025 14-33-06,Wizz Air Malta,W43686,Iasi (IAS),18:30,Ha salido,,,
414.0,19/11/2025 14-33-06,easyJet Europe,EC7103,"Basel, Switzerland/Mulhouse (BSL)",18:35,Ha salido,,,
415.0,19/11/2025 14-33-06,easyJet Europe,EC7155,Milan (MXP),19:00,Ha salido,,,
416.0,19/11/2025 14-33-06,Ryanair,FR8231,London (STN),19:00,Ha salido,,,
417.0,19/11/2025 14-33-06,Wizz Air,W61478,Warsaw (WAW),19:00,"Retrasado, Ha salido",,,
418.0,19/11/2025 14-33-06,Ryanair,FR1165,Sevilla (SVQ),19:10,Ha salido,,,
419.0,19/11/2025 14-33-06,Ryanair,FR9334,Marrakech (RAK),19:10,Ha salido,,,
420.0,19/11/2025 14-33-06,Ryanair,FR1342,Palma de Mallorca (PMI),19:15,Ha salido,,,
421.0,19/11/2025 14-33-06,Eurowings,EW9443,Dusseldorf (DUS),19:35,"Retrasado, Ha salido",,,
422.0,19/11/2025 14-33-06,Ryanair,FR133,Berlin (BER),19:35,Ha salido,,,
423.0,19/11/2025 14-33-06,Transavia,HV6064,Rotterdam (RTM),19:40,"Retrasado, Ha salido",,,
424.0,19/11/2025 14-33-06,Easyjet,U28058,London (LGW),19:45,Ha salido,,,
425.0,19/11/2025 14-33-06,Wizz Air,W61706,Gdansk (GDN),19:50,"Retrasado, Ha salido",,,
426.0,19/11/2025 14-33-06,Ryanair,FR3143,Milan (BGY),19:55,Ha salido,,,
427.0,19/11/2025 14-33-06,Ryanair,FR58,Napoli (NAP),20:10,Ha salido,,,
428.0,19/11/2025 14-33-06,BUZZ,RR5246,Vilnius (VNO),20:10,"Retrasado, Ha salido",,,
429.0,19/11/2025 14-33-06,easyJet Europe,EC1956,Milan (LIN),20:15,Ha salido,,,
430.0,19/11/2025 14-33-06,Air Arabia Maroc,3O378,Tanger (TNG),20:20,Ha salido,,,
431.0,19/11/2025 14-33-06,T'Way Air,TW408,Seoul/Incheon (ICN),20:30,"Retrasado, Ha salido",,,
432.0,19/11/2025 14-33-06,Air Serbia,JU585,Belgrade (BEG),20:35,Ha salido,,,
433.0,19/11/2025 14-33-06,Wizz Air,W62378,Budapest (BUD),20:45,"Retrasado, Ha salido",,,
434.0,19/11/2025 14-33-06,Transavia,TO4759,Paris (ORY),20:50,"Retrasado, Ha salido",,,
435.0,19/11/2025 14-33-06,Easyjet,U22326,London (LTN),20:55,Ha salido,,,
436.0,19/11/2025 14-33-06,easyJet Europe,EC1380,Geneva (GVA),21:15,"Retrasado, Ha salido",,,
437.0,19/11/2025 14-33-06,Wizz Air Malta,W43406,Cluj-Napoca (CLJ),21:25,"Retrasado, Ha salido",,,
438.0,19/11/2025 14-33-06,Wizz Air Malta,W46020,Rome (FCO),21:35,Ha salido,,,
439.0,19/11/2025 14-33-06,Ryanair,FR6394,Dublin (DUB),22:05,Ha salido,,,
440.0,20/11/2025 14-38-34,Ryanair,FR8215,London (STN),06:00,Ha salido,,,
441.0,20/11/2025 14-38-34,Ryanair,FR2918,Brussels (BRU),06:05,Ha salido,,,
442.0,20/11/2025 14-38-34,easyJet Europe,EC7105,Geneva (GVA),06:10,Ha salido,,,
443.0,20/11/2025 14-38-34,Ryanair,FR3976,Dublin (DUB),06:15,Ha salido,,,
444.0,20/11/2025 14-38-34,easyJet Europe,EC7191,Glasgow (GLA),06:40,Ha salido,,,
445.0,20/11/2025 14-38-34,Ryanair,FR3049,Krakow (KRK),06:40,Ha salido,,,
446.0,20/11/2025 14-38-34,Ryanair,FR3028,Ibiza (IBZ),06:45,Ha salido,,,
447.0,20/11/2025 14-38-34,Lauda Europe,LW2495,Palma de Mallorca (PMI),07:20,Ha salido,,,
448.0,20/11/2025 14-38-34,Ryanair,FR133,Berlin (BER),07:25,Ha salido,,,
449.0,20/11/2025 14-38-34,easyJet Europe,EC7101,"Basel, Switzerland/Mulhouse (BSL)",07:30,Ha salido,,,
450.0,20/11/2025 14-38-34,easyJet Europe,EC7151,Milan (MXP),07:30,"Retrasado, Ha salido",,,
451.0,20/11/2025 14-38-34,Ryanair,FR2507,Cologne-Bonn (CGN),07:45,Ha salido,,,
452.0,20/11/2025 14-38-34,Norwegian Air Sweden AOC,D85510,Copenhagen (CPH),07:55,Ha salido,,,
453.0,20/11/2025 14-38-34,Ryanair,FR575,Bologna (BLQ),08:05,Ha salido,,,
454.0,20/11/2025 14-38-34,Ryanair,FR774,Torino (TRN),08:05,"Retrasado, Ha salido",,,
455.0,20/11/2025 14-38-34,Ryanair,FR3928,Trieste (TRS),08:40,Ha salido,,,
456.0,20/11/2025 14-38-34,Ryanair,FR6973,Rome (FCO),08:40,Ha salido,,,
457.0,20/11/2025 14-38-34,Wizz Air Malta,W43938,Chisinau (KIV),09:00,"Retrasado, Ha salido",,,
458.0,20/11/2025 14-38-34,Ryanair,FR5710,Napoli (NAP),09:05,Ha salido,,,
459.0,20/11/2025 14-38-34,Wizz Air,W62048,Krakow (KRK),09:05,"Retrasado, Ha salido",,,
460.0,20/11/2025 14-38-34,Lauda Europe,LW12,Vienna (VIE),09:10,"Retrasado, Ha salido",,,
461.0,20/11/2025 14-38-34,Wizz Air,W61914,Vilnius (VNO),09:20,"Retrasado, Ha salido",,,
462.0,20/11/2025 14-38-34,Wizz Air Malta,W43176,Bucharest (OTP),09:25,"Retrasado, Ha salido",,,
463.0,20/11/2025 14-38-34,Wizz Air,W62376,Budapest (BUD),09:25,"Retrasado, Ha salido",,,
464.0,20/11/2025 14-38-34,Ryanair,FR3320,Milan (BGY),09:30,Ha salido,,,
465.0,20/11/2025 14-38-34,Wizz Air Malta,W42938,Vienna (VIE),09:35,"Retrasado, Ha salido",,,
467.0,20/11/2025 14-38-34,Air Serbia,JU581,Belgrade (BEG),09:55,"Retrasado, Ha salido",,,
468.0,20/11/2025 14-38-34,easyJet Europe,EC7656,Lisbon (LIS),10:00,Ha salido,,,
469.0,20/11/2025 14-38-34,Ryanair,FR1279,Copenhagen (CPH),10:00,Ha salido,,,
470.0,20/11/2025 14-38-34,Transavia,HV5132,Amsterdam (AMS),10:05,"Retrasado, Ha salido",,,
471.0,20/11/2025 14-38-34,Wizz Air,W61476,Warsaw (WAW),10:15,"Retrasado, Ha salido",,,
472.0,20/11/2025 14-38-34,Ryanair,FR1165,Sevilla (SVQ),10:20,"Retrasado, Ha salido",,,
473.0,20/11/2025 14-38-34,Ryanair,FR3121,Beauvais (BVA),10:25,Ha salido,,,
474.0,20/11/2025 14-38-34,BUZZ,RR8384,Budapest (BUD),10:25,"Retrasado, Ha salido",,,
475.0,20/11/2025 14-38-34,Easyjet,U28056,London (LGW),10:35,Ha salido,,,
476.0,20/11/2025 14-38-34,Easyjet,U25716,Southend (SEN),10:40,Ha salido,,,
477.0,20/11/2025 14-38-34,Azerbaijan Airlines,J246,Baku (GYD),10:45,"Retrasado, Ha salido",,,
478.0,20/11/2025 14-38-34,Ryanair,FR3792,Birmingham (BHX),11:00,Ha salido,,,
479.0,20/11/2025 14-38-34,Ryanair,FR4545,Porto (OPO),11:00,Ha salido,,,
480.0,20/11/2025 14-38-34,Easyjet,U22704,Bristol (BRS),11:05,Ha salido,,,
481.0,20/11/2025 14-38-34,Ryanair,FR3076,Stockholm (ARN),11:10,"Retrasado, Ha salido",,,
482.0,20/11/2025 14-38-34,Ryanair,FR483,Malaga (AGP),11:10,Ha salido,,,
483.0,20/11/2025 14-38-34,Ryanair,FR6597,Manchester (MAN),11:20,"Retrasado, Ha salido",,,
484.0,20/11/2025 14-38-34,Aer Lingus,EI563,Dublin (DUB),11:30,Ha salido,,,
485.0,20/11/2025 14-38-34,Jet2,LS1338,Birmingham (BHX),11:30,"Retrasado, Ha salido",,,
486.0,20/11/2025 14-38-34,easyJet Europe,EC7131,Nice/Cote D'Azur (NCE),12:00,Ha salido,,,
487.0,20/11/2025 14-38-34,easyJet Europe,EC8064,London (LGW),12:10,Ha salido,,,
488.0,20/11/2025 14-38-34,Ryanair,FR2239,Marrakech (RAK),12:30,Ha salido,,,
489.0,20/11/2025 14-38-34,Ryanair,FR3160,Bristol (BRS),12:45,Ha salido,,,
490.0,20/11/2025 14-38-34,Pegasus Airlines,PC1092,Istanbul (SAW),12:45,"Retrasado, Ha salido",,,
491.0,20/11/2025 14-38-34,Wizz Air,W67022,Bratislava (BTS),12:55,Ha salido,,,
492.0,20/11/2025 14-38-34,Ryanair,FR1681,Frankfurt-Hahn (HHN),13:00,Ha salido,,,
493.0,20/11/2025 14-38-34,Volotea,V71445,Olbia (OLB),13:05,Ha salido,,,
494.0,20/11/2025 14-38-34,Norwegian Air Sweden AOC,D81741,Oslo (OSL),13:25,Ha salido,,,
495.0,20/11/2025 14-38-34,Eurowings,EW521,Cologne-Bonn (CGN),13:25,"Retrasado, Ha salido",,,
496.0,20/11/2025 14-38-34,Ryanair,FR3039,Prague (PRG),13:30,Ha salido,,,
497.0,20/11/2025 14-38-34,Luxair,LG3592,Luxembourg (LUX),13:35,"Retrasado, Programado",,,
498.0,20/11/2025 14-38-34,Ryanair,FR269,Milan (MXP),13:40,Ha salido,,,
499.0,20/11/2025 14-38-34,Ryanair,FR6267,Edinburgh (EDI),13:45,"Retrasado, Programado",,,
500.0,20/11/2025 14-38-34,Ryanair,FR846,Milan (BGY),13:45,Ha salido,,,
501.0,20/11/2025 14-38-34,Transavia,TO4755,Paris (ORY),13:45,"Retrasado, Ha salido",,,
502.0,20/11/2025 14-38-34,Jet2,LS804,Manchester (MAN),13:50,"Retrasado, Ha salido",,,
503.0,20/11/2025 14-38-34,Ryanair,FR2233,Al Aaroui (NDR),14:00,Ha salido,,,
504.0,20/11/2025 14-38-34,Air Baltic,BT684,Riga (RIX),14:05,Programado,,,
505.0,20/11/2025 14-38-34,easyJet Europe,EC7153,Milan (MXP),14:10,Ha salido,,,
506.0,20/11/2025 14-38-34,SunExpress,XQ895,Izmir (ADB),14:15,Programado,,,
507.0,20/11/2025 14-38-34,Kuwait Airways,KU136,Kuwait City (KWI),14:25,Programado,,,
508.0,20/11/2025 14-38-34,Norwegian Air Sweden AOC,D85502,Stockholm (ARN),14:40,"Retrasado, Programado",,,
509.0,20/11/2025 14-38-34,Bluebird Airways,BZ251,Tel Aviv (TLV),14:45,Programado,,,
510.0,20/11/2025 14-38-34,Eurowings,EW7521,Hamburg (HAM),14:45,"Retrasado, Programado",,,
511.0,20/11/2025 14-38-34,SmartWings,QS1059,Prague (PRG),14:55,Programado,,,
512.0,20/11/2025 14-38-34,Ryanair,FR3189,Fes (FEZ),15:00,"Retrasado, Ha salido",,,
513.0,20/11/2025 14-38-34,Ryanair,FR149,Berlin (BER),15:40,Ha salido,,,
514.0,20/11/2025 14-38-34,Wizz Air Malta,W46728,Venice (VCE),15:40,Ha salido,,,
515.0,20/11/2025 14-38-34,Ryanair,FR2922,Brussels (BRU),16:05,Ha salido,,,
516.0,20/11/2025 14-38-34,Volotea,V73573,Asturias (OVD),16:05,Ha salido,,,
517.0,20/11/2025 14-38-34,Volotea,V73700,Vitoria (VIT),16:15,Ha salido,,,
518.0,20/11/2025 14-38-34,Ryanair,FR9045,London (STN),16:30,"Retrasado, Ha salido",,,
519.0,20/11/2025 14-38-34,Ryanair,FR9913,Tallinn (TLL),16:30,Ha salido,,,
520.0,20/11/2025 14-38-34,Ryanair,FR4585,Porto (OPO),16:35,Ha salido,,,
521.0,20/11/2025 14-38-34,easyJet Europe,EC1378,Geneva (GVA),16:50,"Retrasado, Ha salido",,,
522.0,20/11/2025 14-38-34,Ryanair,FR2098,Bologna (BLQ),17:15,Ha salido,,,
523.0,20/11/2025 14-38-34,easyJet Europe,EC7173,Berlin (BER),17:25,Ha salido,,,
524.0,20/11/2025 14-38-34,BUZZ,RR8394,Budapest (BUD),17:30,"Retrasado, Ha salido",,,
525.0,20/11/2025 14-38-34,Volotea,V72327,Strasbourg (SXB),17:30,"Retrasado, Ha salido",,,
526.0,20/11/2025 14-38-34,Transavia,HV5136,Amsterdam (AMS),17:45,Ha salido,,,
527.0,20/11/2025 14-38-34,BUZZ,RR6300,Sofia (SOF),17:45,"Retrasado, Ha salido",,,
528.0,20/11/2025 14-38-34,Ryanair,FR5718,Bratislava (BTS),18:00,Ha salido,,,
529.0,20/11/2025 14-38-34,Ryanair,FR6341,Rome (FCO),18:00,Ha salido,,,
530.0,20/11/2025 14-38-34,easyJet Europe,EC7139,Rennes/Saint-Jacques (RNS),18:15,Ha salido,,,
531.0,20/11/2025 14-38-34,Ryanair,FR3078,Lisbon (LIS),18:30,Ha salido,,,
532.0,20/11/2025 14-38-34,Ryanair,FR6394,Dublin (DUB),18:30,Ha salido,,,
533.0,20/11/2025 14-38-34,easyJet Europe,EC7103,"Basel, Switzerland/Mulhouse (BSL)",18:40,Ha salido,,,
534.0,20/11/2025 14-38-34,Ryanair,FR3800,Birmingham (BHX),18:45,Ha salido,,,
535.0,20/11/2025 14-38-34,Wizz Air Malta,W43180,Bucharest (OTP),18:45,Ha salido,,,
536.0,20/11/2025 14-38-34,Wizz Air,W61176,Katowice (KTW),18:55,Ha salido,,,
537.0,20/11/2025 14-38-34,BUZZ,RR3193,Riga (RIX),19:05,Ha salido,,,
538.0,20/11/2025 14-38-34,easyJet Europe,EC7155,Milan (MXP),19:15,Ha salido,,,
539.0,20/11/2025 14-38-34,Ryanair,FR1342,Palma de Mallorca (PMI),19:25,Ha salido,,,
540.0,20/11/2025 14-38-34,Ryanair,FR8217,London (STN),19:25,Ha salido,,,
541.0,20/11/2025 14-38-34,Eurowings,EW9443,Dusseldorf (DUS),19:35,"Retrasado, Ha salido",,,
542.0,20/11/2025 14-38-34,Wizz Air,W64406,Sofia (SOF),19:35,Ha salido,,,
543.0,20/11/2025 14-38-34,Air Arabia Maroc,3O378,Tanger (TNG),19:40,Ha salido,,,
544.0,20/11/2025 14-38-34,Eurowings,EW2521,Stuttgart (STR),19:40,Ha salido,,,
545.0,20/11/2025 14-38-34,Wizz Air,W61478,Warsaw (WAW),19:40,Ha salido,,,
546.0,20/11/2025 14-38-34,Ryanair,FR8598,Reggio Calabria (REG),19:45,Ha salido,,,
547.0,20/11/2025 14-38-34,Easyjet,U28058,London (LGW),19:45,"Retrasado, Ha salido",,,
548.0,20/11/2025 14-38-34,Ryanair,FR8631,Tanger (TNG),19:55,Ha salido,,,
549.0,20/11/2025 14-38-34,Volotea,V72167,Lille/Lesquin (LIL),19:55,Ha salido,,,
550.0,20/11/2025 14-38-34,Transavia,HV6788,Eindhoven (EIN),20:00,Ha salido,,,
551.0,20/11/2025 14-38-34,easyJet Europe,EC1956,Milan (LIN),20:15,Ha salido,,,
552.0,20/11/2025 14-38-34,Air Arabia Maroc,3O376,Al Aaroui (NDR),20:25,Ha salido,,,
553.0,20/11/2025 14-38-34,Ryanair,FR3143,Milan (BGY),20:25,Ha salido,,,
554.0,20/11/2025 14-38-34,Transavia,HV6064,Rotterdam (RTM),20:30,Programado,,,
555.0,20/11/2025 14-38-34,Ryanair,FR4587,Porto (OPO),20:45,Ha salido,,,
556.0,20/11/2025 14-38-34,Wizz Air,W62378,Budapest (BUD),20:45,"Retrasado, Ha salido",,,
557.0,20/11/2025 14-38-34,Transavia,TO4759,Paris (ORY),20:50,Ha salido,,,
558.0,20/11/2025 14-38-34,Easyjet,U22324,London (LTN),20:55,Ha salido,,,
559.0,20/11/2025 14-38-34,Wizz Air,W64738,Skopje (SKP),20:55,Ha salido,,,
560.0,20/11/2025 14-38-34,BUZZ,RR333,Gdansk (GDN),21:00,Ha salido,,,
561.0,20/11/2025 14-38-34,Aer Lingus,EI565,Dublin (DUB),21:05,Ha salido,,,
562.0,20/11/2025 14-38-34,easyJet Europe,EC1380,Geneva (GVA),21:15,"Retrasado, Ha salido",,,
563.0,20/11/2025 14-38-34,Ryanair,FR1527,Valletta (MLA),21:20,"Retrasado, Ha salido",,,
564.0,20/11/2025 14-38-34,Wizz Air Malta,W43178,Bucharest (BBU),21:20,Ha salido,,,
565.0,20/11/2025 14-38-34,Wizz Air Malta,W43406,Cluj-Napoca (CLJ),21:25,"Retrasado, Ha salido",,,
566.0,20/11/2025 14-38-34,BUZZ,RR3035,Krakow (KRK),21:30,"Retrasado, Ha salido",,,
567.0,20/11/2025 14-38-34,BUZZ,RR4084,Warsaw (WMI),21:30,"Retrasado, Ha salido",,,
568.0,20/11/2025 14-38-34,Wizz Air Malta,W46020,Rome (FCO),21:35,Ha salido,,,
569.0,20/11/2025 14-38-34,Wizz Air,W64116,Belgrade (BEG),22:10,"Retrasado, Ha salido",,,
570.0,20/11/2025 14-38-34,Wizz Air Malta,W45154,Tirana (TIA),22:45,Ha salido,,,
571.0,21/11/2025 14-58-40,easyJet Europe,EC7105,Geneva (GVA),06:10,Ha salido,,,
572.0,21/11/2025 14-58-40,Ryanair,FR8183,Bologna (BLQ),06:10,Ha salido,,,
573.0,21/11/2025 14-58-40,Ryanair,FR8231,London (STN),06:10,Ha salido,,,
574.0,21/11/2025 14-58-40,Ryanair,FR777,Venice (VCE),06:20,Ha salido,,,
575.0,21/11/2025 14-58-40,Ryanair,FR846,Milan (BGY),06:25,Ha salido,,,
576.0,21/11/2025 14-58-40,Ryanair,FR133,Berlin (BER),06:35,Ha salido,,,
577.0,21/11/2025 14-58-40,Ryanair,FR4545,Porto (OPO),06:45,Ha salido,,,
578.0,21/11/2025 14-58-40,easyJet Europe,EC7101,"Basel, Switzerland/Mulhouse (BSL)",07:20,Ha salido,,,
579.0,21/11/2025 14-58-40,easyJet Europe,EC7199,Edinburgh (EDI),07:20,Ha salido,,,
580.0,21/11/2025 14-58-40,Lauda Europe,LW2889,Palma de Mallorca (PMI),07:40,Ha salido,,,
581.0,21/11/2025 14-58-40,Norwegian Air Sweden AOC,D85502,Stockholm (ARN),08:00,Ha salido,,,
582.0,21/11/2025 14-58-40,Ryanair,FR3976,Dublin (DUB),08:00,Ha salido,,,
583.0,21/11/2025 14-58-40,Ryanair,FR3185,Rabat (RBA),08:10,Ha salido,,,
584.0,21/11/2025 14-58-40,Ryanair,FR6973,Rome (FCO),08:15,Ha salido,,,
585.0,21/11/2025 14-58-40,easyJet Europe,EC1376,Geneva (GVA),08:40,"Retrasado, Ha salido",,,
586.0,21/11/2025 14-58-40,Ryanair,FR5752,Valletta (MLA),08:40,Ha salido,,,
587.0,21/11/2025 14-58-40,Ryanair,FR1165,Sevilla (SVQ),09:00,Ha salido,,,
588.0,21/11/2025 14-58-40,Wizz Air,W62048,Krakow (KRK),09:05,"Retrasado, Ha salido",,,
589.0,21/11/2025 14-58-40,easyJet Europe,EC3737,Milan (MXP),09:10,Ha salido,,,
590.0,21/11/2025 14-58-40,Ryanair,FR2834,Charleroi (CRL),09:15,Ha salido,,,
591.0,21/11/2025 14-58-40,Air Arabia Maroc,3O374,Casablanca (CMN),09:25,Ha salido,,,
592.0,21/11/2025 14-58-40,Lauda Europe,LW12,Vienna (VIE),09:25,"Retrasado, Ha salido",,,
593.0,21/11/2025 14-58-40,Wizz Air Malta,W43176,Bucharest (OTP),09:25,Ha salido,,,
594.0,21/11/2025 14-58-40,Wizz Air Malta,W45088,Tirana (TIA),09:25,"Retrasado, Ha salido",,,
595.0,21/11/2025 14-58-40,Wizz Air,W62376,Budapest (BUD),09:25,Ha salido,,,
596.0,21/11/2025 14-58-40,Ryanair,FR3028,Ibiza (IBZ),09:40,Ha salido,,,
598.0,21/11/2025 14-58-40,Ryanair,FR3320,Milan (BGY),09:45,Ha salido,,,
599.0,21/11/2025 14-58-40,Transavia,HV6788,Eindhoven (EIN),09:45,Ha salido,,,
600.0,21/11/2025 14-58-40,Easyjet,U26654,Birmingham (BHX),09:45,Ha salido,,,
601.0,21/11/2025 14-58-40,Air Arabia Maroc,3O378,Tanger (TNG),09:50,"Retrasado, Ha salido",,,
602.0,21/11/2025 14-58-40,easyJet Europe,EC7656,Lisbon (LIS),09:55,"Retrasado, Ha salido",,,
603.0,21/11/2025 14-58-40,Air Serbia,JU581,Belgrade (BEG),09:55,"Retrasado, Ha salido",,,
604.0,21/11/2025 14-58-40,Ryanair,FR9015,London (STN),10:00,Ha salido,,,
605.0,21/11/2025 14-58-40,Wizz Air Malta,W46018,Rome (FCO),10:00,Ha salido,,,
606.0,21/11/2025 14-58-40,Ryanair,FR6920,Dublin (DUB),10:05,Ha salido,,,
607.0,21/11/2025 14-58-40,Transavia,HV5132,Amsterdam (AMS),10:05,"Retrasado, Ha salido",,,
608.0,21/11/2025 14-58-40,Eurowings,EW7521,Hamburg (HAM),10:10,"Retrasado, Ha salido",,,
609.0,21/11/2025 14-58-40,Wizz Air,W61476,Warsaw (WAW),10:15,"Retrasado, Ha salido",,,
610.0,21/11/2025 14-58-40,Ryanair,FR2239,Marrakech (RAK),10:20,"Retrasado, Ha salido",,,
611.0,21/11/2025 14-58-40,Easyjet,U22002,Manchester (MAN),10:25,Ha salido,,,
612.0,21/11/2025 14-58-40,easyJet Europe,EC7131,Nice/Cote D'Azur (NCE),10:30,Ha salido,,,
613.0,21/11/2025 14-58-40,Ryanair,FR6267,Edinburgh (EDI),10:30,"Retrasado, Ha salido",,,
614.0,21/11/2025 14-58-40,easyJet Europe,EC4212,Napoli (NAP),10:35,"Retrasado, Ha salido",,,
615.0,21/11/2025 14-58-40,Transavia,HV6064,Rotterdam (RTM),10:40,"Retrasado, Ha salido",,,
616.0,21/11/2025 14-58-40,Easyjet,U22704,Bristol (BRS),10:50,Ha salido,,,
617.0,21/11/2025 14-58-40,Ryanair,FR5270,Manchester (MAN),10:55,"Retrasado, Ha salido",,,
618.0,21/11/2025 14-58-40,BUZZ,RR8384,Budapest (BUD),11:00,"Retrasado, Ha salido",,,
619.0,21/11/2025 14-58-40,Ryanair,FR3166,Palermo (PMO),11:10,Ha salido,,,
620.0,21/11/2025 14-58-40,Ryanair,FR269,Milan (MXP),11:20,Ha salido,,,
621.0,21/11/2025 14-58-40,FLYONE Armenia,3F232,Yerevan (EVN),11:30,"Retrasado, Ha salido",,,
622.0,21/11/2025 14-58-40,Aer Lingus,EI563,Dublin (DUB),11:35,"Retrasado, Ha salido",,,
623.0,21/11/2025 14-58-40,Ryanair,FR3121,Beauvais (BVA),11:35,Ha salido,,,
624.0,21/11/2025 14-58-40,Lauda Europe,LW2896,Palma de Mallorca (PMI),11:35,Ha salido,,,
625.0,21/11/2025 14-58-40,easyJet Europe,EC7141,Strasbourg (SXB),11:45,Ha salido,,,
626.0,21/11/2025 14-58-40,BUZZ,RR3049,Krakow (KRK),11:45,"Retrasado, Ha salido",,,
627.0,21/11/2025 14-58-40,Easyjet,U28056,London (LGW),11:45,Ha salido,,,
628.0,21/11/2025 14-58-40,Icelandair,FI597,Keflavik (KEF),11:50,"Retrasado, Ha salido",,,
629.0,21/11/2025 14-58-40,Ryanair,FR774,Torino (TRN),11:55,"Retrasado, Ha salido",,,
630.0,21/11/2025 14-58-40,Jet2,LS232,Leeds Bradford (LBA),12:00,"Retrasado, Ha salido",,,
631.0,21/11/2025 14-58-40,easyJet Europe,EC8064,London (LGW),12:15,Ha salido,,,
632.0,21/11/2025 14-58-40,Ryanair,FR4585,Porto (OPO),12:15,Ha salido,,,
633.0,21/11/2025 14-58-40,Norwegian Air Sweden AOC,D83657,Copenhagen (CPH),12:30,"Retrasado, Ha salido",,,
634.0,21/11/2025 14-58-40,Ryanair,FR575,Bologna (BLQ),12:45,"Retrasado, Ha salido",,,
635.0,21/11/2025 14-58-40,Ryanair,FR58,Napoli (NAP),12:45,"Retrasado, Ha salido",,,
636.0,21/11/2025 14-58-40,Pegasus Airlines,PC1092,Istanbul (SAW),12:45,"Retrasado, Ha salido",,,
637.0,21/11/2025 14-58-40,Ryanair,FR6874,Dublin (DUB),12:55,"Retrasado, Ha salido",,,
638.0,21/11/2025 14-58-40,Wizz Air,W67022,Bratislava (BTS),12:55,"Retrasado, Ha salido",,,
639.0,21/11/2025 14-58-40,Wizz Air Malta,W46330,Milan (MXP),13:10,"Retrasado, Ha salido",,,
640.0,21/11/2025 14-58-40,Norwegian Air Shuttle,DY1741,Oslo (OSL),13:25,Ha salido,,,
641.0,21/11/2025 14-58-40,Pegasus Airlines,PC1528,Izmir (ADB),13:30,"Retrasado, Ha salido",,,
642.0,21/11/2025 14-58-40,Turkish Airlines,TK608,Ankara (ESB),13:40,"Retrasado, Ha salido",,,
643.0,21/11/2025 14-58-40,Ryanair,FR6078,Ouarzazate (OZZ),13:50,Ha salido,,,
644.0,21/11/2025 14-58-40,Jet2,LS804,Manchester (MAN),13:50,Ha salido,,,
645.0,21/11/2025 14-58-40,Ryanair,FR3180,Rome (FCO),13:55,Ha salido,,,
646.0,21/11/2025 14-58-40,Air Baltic,BT684,Riga (RIX),14:05,"Retrasado, Ha salido",,,
647.0,21/11/2025 14-58-40,Azores Airlines,S4507,Ponta Delgada (PDL),14:10,Ha salido,,,
648.0,21/11/2025 14-58-40,easyJet Europe,EC7153,Milan (MXP),14:20,Ha salido,,,
649.0,21/11/2025 14-58-40,Lauda Europe,LW7351,Vienna (VIE),14:20,Ha salido,,,
650.0,21/11/2025 14-58-40,Transavia,TO4755,Paris (ORY),14:20,Ha salido,,,
651.0,21/11/2025 14-58-40,Ryanair,FR8215,London (STN),14:35,Ha salido,,,
652.0,21/11/2025 14-58-40,easyJet Europe,EC7107,Geneva (GVA),14:40,Ha salido,,,
653.0,21/11/2025 14-58-40,Volotea,V71443,Ancona (AOI),14:45,Programado,,,
654.0,21/11/2025 14-58-40,Wizz Air,W64406,Sofia (SOF),14:50,"Retrasado, Programado",,,
655.0,21/11/2025 14-58-40,Ryanair,FR2507,Cologne-Bonn (CGN),14:55,Programado,,,
656.0,21/11/2025 14-58-40,Ryanair,FR867,Venice (VCE),14:55,Programado,,,
657.0,21/11/2025 14-58-40,SmartWings,QS1059,Prague (PRG),14:55,Ha salido,,,
658.0,21/11/2025 14-58-40,Ryanair,FR1342,Palma de Mallorca (PMI),15:00,Ha salido,,,
659.0,21/11/2025 14-58-40,Ryanair,FR5718,Bratislava (BTS),15:10,Ha salido,,,
660.0,21/11/2025 14-58-40,Volotea,V73735,Murcia (RMU),15:15,"Retrasado, Ha salido",,,
662.0,21/11/2025 14-58-40,Ryanair,FR483,Malaga (AGP),15:25,Ha salido,,,
663.0,21/11/2025 14-58-40,Wizz Air Malta,W46728,Venice (VCE),15:40,Ha salido,,,
664.0,21/11/2025 14-58-40,Pegasus Airlines,PC1094,Istanbul (SAW),15:45,"Retrasado, Ha salido",,,
665.0,21/11/2025 14-58-40,Ryanair,FR9045,London (STN),16:05,Ha salido,,,
666.0,21/11/2025 14-58-40,Norwegian Air Sweden AOC,D85510,Copenhagen (CPH),16:15,"Retrasado, Ha salido",,,
667.0,21/11/2025 14-58-40,Ryanair,FR2925,Brussels (BRU),16:15,Ha salido,,,
668.0,21/11/2025 14-58-40,Ryanair,FR6985,Rome (FCO),16:15,"Retrasado, Ha salido",,,
669.0,21/11/2025 14-58-40,Wizz Air Malta,W43564,Timisoara (TSR),16:25,Ha salido,,,
670.0,21/11/2025 14-58-40,Ryanair,FR3129,Ibiza (IBZ),16:45,Ha salido,,,
671.0,21/11/2025 14-58-40,easyJet Europe,EC7173,Berlin (BER),16:50,Ha salido,,,
672.0,21/11/2025 14-58-40,Volotea,V73700,Vitoria (VIT),16:50,"Retrasado, Ha salido",,,
673.0,21/11/2025 14-58-40,Ryanair,FR878,Venice (VCE),16:55,Ha salido,,,
674.0,21/11/2025 14-58-40,Ryanair,FR4587,Porto (OPO),17:05,Ha salido,,,
675.0,21/11/2025 14-58-40,Wizz Air,W67920,Kopitnari (KUT),17:15,Ha salido,,,
676.0,21/11/2025 14-58-40,Ryanair,FR3076,Stockholm (ARN),17:30,Ha salido,,,
677.0,21/11/2025 14-58-40,Volotea,V73573,Asturias (OVD),17:40,Ha salido,,,
678.0,21/11/2025 14-58-40,Transavia,HV5134,Amsterdam (AMS),17:45,Ha salido,,,
679.0,21/11/2025 14-58-40,Ryanair,FR6341,Rome (FCO),18:00,Ha salido,,,
680.0,21/11/2025 14-58-40,Ryanair,FR6353,Milan (BGY),18:00,"Retrasado, Ha salido",,,
681.0,21/11/2025 14-58-40,easyJet Europe,EC7205,Southampton (SOU),18:10,Ha salido,,,
682.0,21/11/2025 14-58-40,Air Arabia Maroc,3O398,Rabat (RBA),18:30,Ha salido,,,
683.0,21/11/2025 14-58-40,FlyOne,5F5512,Chisinau (KIV),18:30,"Retrasado, Ha salido",,,
684.0,21/11/2025 14-58-40,Wizz Air Malta,W43686,Iasi (IAS),18:30,"Retrasado, Ha salido",,,
685.0,21/11/2025 14-58-40,Ryanair,FR2098,Bologna (BLQ),18:35,Ha salido,,,
686.0,21/11/2025 14-58-40,easyJet Europe,EC7103,"Basel, Switzerland/Mulhouse (BSL)",18:45,Ha salido,,,
687.0,21/11/2025 14-58-40,Ryanair,FR3189,Fes (FEZ),18:50,"Retrasado, Ha salido",,,
688.0,21/11/2025 14-58-40,Wizz Air,W61478,Warsaw (WAW),19:00,Ha salido,,,
689.0,21/11/2025 14-58-40,easyJet Europe,EC7155,Milan (MXP),19:10,Ha salido,,,
690.0,21/11/2025 14-58-40,Ryanair,FR149,Berlin (BER),19:15,"Retrasado, Ha salido",,,
691.0,21/11/2025 14-58-40,Ryanair,FR3078,Lisbon (LIS),19:20,"Retrasado, Ha salido",,,
692.0,21/11/2025 14-58-40,BUZZ,RR6330,Sofia (SOF),19:20,"Retrasado, Ha salido",,,
693.0,21/11/2025 14-58-40,Volotea,V72165,Nantes/Atlantique (NTE),19:30,Ha salido,,,
694.0,21/11/2025 14-58-40,Eurowings,EW9443,Dusseldorf (DUS),19:35,"Retrasado, Ha salido",,,
695.0,21/11/2025 14-58-40,Ryanair,FR2330,Al Aaroui (NDR),19:35,Ha salido,,,
696.0,21/11/2025 14-58-40,Lauda Europe,LW7362,Vienna (VIE),19:40,"Retrasado, Ha salido",,,
697.0,21/11/2025 14-58-40,Easyjet,U28058,London (LGW),19:40,Ha salido,,,
698.0,21/11/2025 14-58-40,Ryanair,FR6374,Beauvais (BVA),19:45,"Retrasado, Ha salido",,,
699.0,21/11/2025 14-58-40,Eurowings,EW2521,Stuttgart (STR),19:55,"Retrasado, Ha salido",,,
700.0,21/11/2025 14-58-40,Volotea,V71415,Verona (VRN),19:55,"Retrasado, Ha salido",,,
701.0,21/11/2025 14-58-40,Wizz Air,W64666,Larnaca (LCA),19:55,"Retrasado, Ha salido",,,
702.0,21/11/2025 14-58-40,Ryanair,FR1527,Valletta (MLA),20:05,Ha salido,,,
703.0,21/11/2025 14-58-40,Ryanair,FR2402,Sevilla (SVQ),20:10,"Retrasado, Ha salido",,,
704.0,21/11/2025 14-58-40,Ryanair,FR6275,Edinburgh (EDI),20:10,Programado,,,
705.0,21/11/2025 14-58-40,Ryanair,FR6305,Milan (BGY),20:10,"Retrasado, Ha salido",,,
706.0,21/11/2025 14-58-40,Wizz Air,W62096,Krakow (KRK),20:10,"Retrasado, Ha salido",,,
707.0,21/11/2025 14-58-40,easyJet Europe,EC1956,Milan (LIN),20:15,"Retrasado, Ha salido",,,
708.0,21/11/2025 14-58-40,Wizz Air Malta,W42940,Vienna (VIE),20:20,"Retrasado, Ha salido",,,
709.0,21/11/2025 14-58-40,Ryanair,FR3792,Birmingham (BHX),20:25,Ha salido,,,
710.0,21/11/2025 14-58-40,T'Way Air,TW408,Seoul/Incheon (ICN),20:30,"Retrasado, Ha salido",,,
711.0,21/11/2025 14-58-40,Volotea,V72135,Bordeaux (BOD),20:30,"Retrasado, Ha salido",,,
712.0,21/11/2025 14-58-40,Ryanair,FR7539,Milan (MXP),20:35,Ha salido,,,
713.0,21/11/2025 14-58-40,Ryanair,FR8631,Tanger (TNG),20:35,"Retrasado, Ha salido",,,
714.0,21/11/2025 14-58-40,Air Serbia,JU585,Belgrade (BEG),20:35,"Retrasado, Ha salido",,,
715.0,21/11/2025 14-58-40,BUZZ,RR1786,Vilnius (VNO),20:35,"Retrasado, Ha salido",,,
716.0,21/11/2025 14-58-40,Luxair,LG3592,Luxembourg (LUX),20:40,"Retrasado, Ha salido",,,
717.0,21/11/2025 14-58-40,Wizz Air,W62378,Budapest (BUD),20:45,"Retrasado, Ha salido",,,
718.0,21/11/2025 14-58-40,Ryanair,FR5710,Napoli (NAP),20:50,Ha salido,,,
719.0,21/11/2025 14-58-40,Transavia,TO4759,Paris (ORY),20:50,"Retrasado, Ha salido",,,
720.0,21/11/2025 14-58-40,Easyjet,U22326,London (LTN),20:55,Ha salido,,,
721.0,21/11/2025 14-58-40,BUZZ,RR8394,Budapest (BUD),21:00,Ha salido,,,
722.0,21/11/2025 14-58-40,Aer Lingus,EI565,Dublin (DUB),21:05,Ha salido,,,
723.0,21/11/2025 14-58-40,Easyjet,U23374,Liverpool (LPL),21:05,Ha salido,,,
724.0,21/11/2025 14-58-40,Ryanair,FR3174,Ibiza (IBZ),21:10,Ha salido,,,
725.0,21/11/2025 14-58-40,easyJet Europe,EC1380,Geneva (GVA),21:15,"Retrasado, Ha salido",,,
726.0,21/11/2025 14-58-40,Wizz Air Malta,W43178,Bucharest (BBU),21:20,Ha salido,,,
727.0,21/11/2025 14-58-40,Wizz Air Malta,W43406,Cluj-Napoca (CLJ),21:25,Ha salido,,,
728.0,21/11/2025 14-58-40,BUZZ,RR6944,Warsaw (WMI),21:30,Ha salido,,,
729.0,21/11/2025 14-58-40,Ryanair,FR7808,London (LTN),21:35,"Retrasado, Ha salido",,,
730.0,21/11/2025 14-58-40,Wizz Air Malta,W46020,Rome (FCO),21:35,"Retrasado, Programado",,,
731.0,21/11/2025 14-58-40,Ryanair,FR8669,Dublin (DUB),21:40,"Retrasado, Ha salido",,,
732.0,21/11/2025 14-58-40,Ryanair,FR9811,London (STN),21:40,"Retrasado, Ha salido",,,
733.0,21/11/2025 14-58-40,Ryanair,FR2495,Palma de Mallorca (PMI),21:45,Ha salido,,,
734.0,21/11/2025 14-58-40,Ryanair,FR6597,Manchester (MAN),21:45,Programado,,,
735.0,21/11/2025 14-58-40,Ryanair,FR2250,Marrakech (RAK),21:55,Ha salido,,,
736.0,21/11/2025 14-58-40,Wizz Air,W64116,Belgrade (BEG),21:55,"Retrasado, Ha salido",,,
737.0,21/11/2025 14-58-40,Ryanair,FR3080,Malaga (AGP),22:30,Programado,,,
738.0,21/11/2025 14-58-40,Wizz Air Malta,W45154,Tirana (TIA),22:45,Programado,,,
739.0,21/11/2025 14-58-40,Wizz Air,W61706,Gdansk (GDN),22:50,Ha salido,,,
740.0,21/11/2025 14-58-40,Ryanair,FR9814,London (STN),23:10,Programado,,,
,22/Nov/2025,Ryanair,FR846,Milan (BGY),06:00,"Retrasado, Ha salido 06:15",,,S21
,22/Nov/2025,easyJet Europe,EC7105,Geneva (GVA),06:10,"En hora, Ha salido",,,R9
,22/Nov/2025,Ryanair,FR5718,Bratislava (BTS),06:10,"En hora, Ha salido",,,S22
,22/Nov/2025,Ryanair,FR4545,Porto (OPO),06:15,"En hora, Ha salido",,,U31
,22/Nov/2025,Ryanair,FR1342,,06:20,"En hora, Ha salido",,,S24
,22/Nov/2025,Ryanair,FR777,Venice (VCE),06:30,"Retrasado, Ha salido 06:43",,,S23
,22/Nov/2025,easyJet Europe,EC7151,Milan (MXP),07:30,"En hora, Ha salido",,,R10
,22/Nov/2025,Ryanair,FR2918,Brussels (BRU),08:05,"En hora, Ha salido",,,S20
,22/Nov/2025,Ryanair,FR3180,Rome (FCO),08:15,"En hora, Ha salido",,,U32
,22/Nov/2025,Air Arabia Maroc,3O376,Al Aaroui (NDR),08:35,"En hora, Ha salido",,,W45
,22/Nov/2025,Ryanair,FR1165,,08:50,"En hora, Ha salido",,,R12
,22/Nov/2025,Ryanair,FR575,Bologna (BLQ),08:50,"En hora, Ha salido",,,U35
,22/Nov/2025,Ryanair,FR3166,Palermo (PMO),09:00,"En hora, Ha salido",,,S25
,22/Nov/2025,Wizz Air Malta,W43938,Chisinau (KIV),09:00,"En hora, Ha salido",,,Y57
,22/Nov/2025,Wizz Air,W62048,Krakow (KRK),09:05,"En hora, Ha salido",,,S21
,22/Nov/2025,Ryanair,FR2834,Charleroi (CRL),09:15,"Retrasado, Ha salido 10:20",,,U32
,22/Nov/2025,Transavia,TO4751,Paris (ORY),09:15,"En hora, Ha salido",,,U36
,22/Nov/2025,Ryanair,FR133,Berlin (BER),09:20,"En hora, Ha salido",,B738,U31
,22/Nov/2025,Ryanair,FR2239,Marrakech (RAK),09:20,"En hora, Ha salido",,B738,W44
,22/Nov/2025,Ryanair,FR3028,Ibiza (IBZ),09:20,"En hora, Ha salido",,,S24
,22/Nov/2025,Wizz Air,W61914,Vilnius (VNO),09:20,"En hora, Ha salido",,,S23
,22/Nov/2025,Wizz Air Malta,W43176,Bucharest (OTP),09:25,"Retrasado, Ha salido 09:48",,,U38
,22/Nov/2025,Wizz Air,W62376,Budapest (BUD),09:25,"En hora, Ha salido",,,U34
,22/Nov/2025,BUZZ,RR3049,Krakow (KRK),09:30,"En hora, Ha salido",,,U33
,22/Nov/2025,Wizz Air Malta,W42938,Vienna (VIE),09:35,"En hora, Ha salido",,,S22
,22/Nov/2025,Air Serbia,JU581,Belgrade (BEG),09:55,"En hora, Ha salido",,,Y58
,22/Nov/2025,Ryanair,FR6559,Liverpool (LPL),10:00,"En hora, Ha salido",,,W45
,22/Nov/2025,Wizz Air Malta,W46018,Rome (FCO),10:00,"En hora, Ha salido",,,S20
,22/Nov/2025,Transavia,HV5132,Amsterdam (AMS),10:05,"Retrasado, Ha salido 10:24",,A21N,U35
,22/Nov/2025,Wizz Air,W61476,Warsaw (WAW),10:15,"En hora, Ha salido",,,R14
,22/Nov/2025,Ryanair,FR9171,Stockholm (ARN),10:20,"En hora, Ha salido",,B38M,R11
,22/Nov/2025,Easyjet,U22326,London (LTN),10:20,"En hora, Ha salido",,,M6
,22/Nov/2025,Ryanair,FR3168,Newcastle (NCL),10:25,"En hora, Ha salido",,,W42
,22/Nov/2025,Ryanair,FR9307,Cork (ORK),10:30,"En hora, Ha salido",,B38M,Y55
,22/Nov/2025,Lauda Europe,LW12,Vienna (VIE),10:30,"Retrasado, Ha salido 10:50",,,R13
,22/Nov/2025,Easyjet,U28056,London (LGW),10:35,"En hora, Ha salido",,,M8
,22/Nov/2025,Azerbaijan Airlines,J246,Baku (GYD),10:45,"En hora, Ha salido",,,Y57
,22/Nov/2025,SkyUp MT,U5406,Chisinau (KIV),10:50,"En hora, Ha salido",,,W46
,22/Nov/2025,Easyjet,U22704,Bristol (BRS),10:55,"En hora, Ha salido",,,M3
,22/Nov/2025,Ryanair,FR6394,Dublin (DUB),11:00,"En hora, Ha salido",,,W49
,22/Nov/2025,Ryanair,FR4597,Porto (OPO),11:20,"En hora, Ha salido",,,U31
,22/Nov/2025,easyJet Europe,EC7193,Leeds Bradford (LBA),11:30,"En hora, Ha salido",,,M6
,22/Nov/2025,Aer Lingus,EI563,Dublin (DUB),11:30,"En hora, Ha salido",,,Y54
,22/Nov/2025,Ryanair,FR2507,Cologne-Bonn (CGN),11:55,"En hora, Ha salido",,B738,U37
,22/Nov/2025,Ryanair,FR3108,Luxembourg (LUX),12:05,"En hora, Ha salido",,B738,U41
,22/Nov/2025,easyJet Europe,EC8064,London (LGW),12:10,"En hora, Ha salido",,,M3
,22/Nov/2025,Ryanair,FR8231,London (STN),12:25,"En hora, Ha salido",,B738,Y58
,22/Nov/2025,Pegasus Airlines,PC1092,Istanbul (SAW),12:45,"Retrasado, Ha salido 12:59",,,Y57
,22/Nov/2025,Wizz Air,W67022,Bratislava (BTS),12:55,"En hora, Ha salido",,,U32
,22/Nov/2025,Ryanair,FR483,,13:05,"Retrasado, Ha salido 13:24",,,S21
,22/Nov/2025,Boliviana de Aviacion,OB775,Santa Cruz (VVI),13:10,"Retrasado, Programado 14:45",,,Y55
,22/Nov/2025,Wizz Air Malta,W46330,Milan (MXP),13:10,"En hora, Ha salido",,,U31
,22/Nov/2025,easyJet Europe,EC7101,"Basel, Switzerland/Mulhouse (BSL)",13:20,"En hora, Ha salido",,,R15
,22/Nov/2025,Ryanair,FR7808,London (LTN),13:20,"En hora, Ha salido",,,W46
,22/Nov/2025,Ryanair UK,RK6597,Manchester (MAN),13:25,"En hora, Ha salido",,,Y54
,22/Nov/2025,Ryanair,FR2098,Bologna (BLQ),13:30,"En hora, Ha salido",,,U33
,22/Nov/2025,Air Arabia Maroc,3O378,Tanger (TNG),13:35,"Retrasado, Ha salido 14:05",,,Y58
,22/Nov/2025,easyJet Europe,EC7153,Milan (MXP),13:35,"En hora, Ha salido",,,R19
,22/Nov/2025,,VF608,Ankara (ESB),13:40,"Retrasado, Ha salido 13:56",,,W45
,22/Nov/2025,Ryanair,FR1681,Frankfurt-Hahn (HHN),14:00,"En hora, Ha salido",,,U35
,22/Nov/2025,Air Baltic,BT684,Riga (RIX),14:05,"Retrasado, Programado 15:00",,,S20
,22/Nov/2025,BUZZ,RR6920,Dublin (DUB),14:05,"Retrasado, Ha salido 14:33",,,Y57
,22/Nov/2025,Ryanair,FR58,Napoli (NAP),14:15,"En hora, Ha salido",,,U34
,22/Nov/2025,Kuwait Airways,KU136,Kuwait City (KWI),14:25,"En hora, Ha salido",,,W44
,22/Nov/2025,Ryanair,FR3070,,14:40,"Retrasado, Ha salido 14:51",,,S24
,22/Nov/2025,Ryanair,FR774,Torino (TRN),14:45,"En hora, Ha salido",,,S22
,22/Nov/2025,Ryanair,FR3121,Beauvais (BVA),14:50,"En hora, Ha salido",,,U37
,22/Nov/2025,Ryanair,FR6300,Sofia (SOF),14:55,"En hora, Programado",,,R12
,22/Nov/2025,Ryanair,FR3189,Fes (FEZ),15:30,"En hora, Programado",,,W42
,22/Nov/2025,Wizz Air Malta,W46728,Venice (VCE),15:40,"En hora, Ha salido",,,W42
,22/Nov/2025,Ryanair,FR3807,Charleroi (CRL),16:05,"En hora, Ha salido",,,S21
,22/Nov/2025,BUZZ,RR8384,Budapest (BUD),16:10,"Retrasado, Ha salido 16:40",,,U32
,22/Nov/2025,Ryanair,FR7543,Manchester (MAN),16:20,"En hora, Ha salido",,,S25
,22/Nov/2025,Ryanair,FR3146,Oujda (OUD),16:45,"En hora, Ha salido",,,Y54
,22/Nov/2025,Ryanair,FR269,Milan (MXP),16:50,"En hora, Ha salido",,,W49
,22/Nov/2025,Ryanair,FR9015,London (STN),17:00,"En hora, Ha salido",,,U37
,22/Nov/2025,Ryanair,FR5752,Valletta (MLA),17:10,"En hora, Ha salido",,,W44
,22/Nov/2025,Ryanair,FR6874,Dublin (DUB),17:40,"En hora, Ha salido",,,U34
,22/Nov/2025,Ryanair,FR2233,Al Aaroui (NDR),17:50,"Retrasado, Ha salido 18:08",,,Y54
,22/Nov/2025,Ryanair,FR2925,Brussels (BRU),17:50,"En hora, Ha salido",,,W42
,22/Nov/2025,Ryanair,FR6353,Milan (BGY),17:55,"En hora, Ha salido",,,U33
,22/Nov/2025,easyJet Europe,EC7103,"Basel, Switzerland/Mulhouse (BSL)",18:00,"En hora, Ha salido",,,S24
,22/Nov/2025,Norwegian Air Sweden AOC,D81741,Oslo (OSL),18:15,"En hora, Ha salido",,,R11
,22/Nov/2025,Ryanair,FR878,Venice (VCE),18:15,"En hora, Ha salido",,,U32
,22/Nov/2025,Transavia,HV5134,Amsterdam (AMS),18:15,"En hora, Ha salido",,,U36
,22/Nov/2025,Ryanair,FR3035,Krakow (KRK),18:20,"En hora, Ha salido",,,U41
,22/Nov/2025,Ryanair,FR3792,Birmingham (BHX),18:55,"En hora, Ha salido",,,Y58
,22/Nov/2025,Wizz Air,W61176,Katowice (KTW),18:55,"En hora, Ha salido",,,S20
,22/Nov/2025,Wizz Air,W61478,Warsaw (WAW),19:00,"En hora, Ha salido",,,S21
,22/Nov/2025,Ryanair,FR9045,London (STN),19:05,"En hora, Ha salido",,,W42
,22/Nov/2025,Ryanair,FR5270,Manchester (MAN),19:20,"En hora, Ha salido",,,Y57
,22/Nov/2025,Ryanair,FR149,Berlin (BER),19:35,"Retrasado, Ha salido 19:59",,,U34
,22/Nov/2025,Wizz Air,W64406,Sofia (SOF),19:35,"En hora, Ha salido",,,S22
,22/Nov/2025,Air Baltic,BT878,Tallinn (TLL),19:40,"En hora, Ha salido",,,U35
,22/Nov/2025,Ryanair,FR3078,Lisbon (LIS),19:55,"En hora, Ha salido",,,S24
,22/Nov/2025,Lauda Europe,LW7351,Vienna (VIE),20:05,"En hora, Ha salido",,,R14
,22/Nov/2025,easyJet Europe,EC1380,Geneva (GVA),20:10,"En hora, Ha salido",,,R11
,22/Nov/2025,Ryanair,FR867,Venice (VCE),20:20,"En hora, Ha salido",,,U36
,22/Nov/2025,Ryanair,FR9581,,20:25,"En hora, Ha salido",,,R13
,22/Nov/2025,T'Way Air,TW408,Seoul/Incheon (ICN),20:30,"En hora, Ha salido",,,Y55
,22/Nov/2025,Ryanair,FR3182,,20:45,"En hora, Ha salido",,,U33
,22/Nov/2025,Ryanair,FR3928,Trieste (TRS),20:45,"En hora, Ha salido",,,S25
,22/Nov/2025,Transavia,TO4759,Paris (ORY),20:45,"Retrasado, Ha salido 21:41",,,U31
,22/Nov/2025,Wizz Air,W62378,Budapest (BUD),20:45,"Retrasado, Ha salido 20:55",,,U32
,22/Nov/2025,Ryanair,FR4585,Porto (OPO),20:50,"Retrasado, Ha salido 21:10",,,S23
,22/Nov/2025,Ryanair,FR6267,Edinburgh (EDI),20:55,"En hora, Ha salido",,,W42
,22/Nov/2025,Ryanair,FR3174,Ibiza (IBZ),21:20,"En hora, Ha salido",,,U34
,22/Nov/2025,Wizz Air Malta,W43178,Bucharest (BBU),21:20,"En hora, Ha salido",,,S20
,22/Nov/2025,Wizz Air Malta,W43406,Cluj-Napoca (CLJ),21:25,"En hora, Ha salido",,,S21
,22/Nov/2025,Ryanair,FR5220,Bologna (BLQ),21:30,"En hora, Ha salido",,,U35
,22/Nov/2025,BUZZ,RR3039,Prague (PRG),21:35,"En hora, Ha salido",,,U36
,22/Nov/2025,Wizz Air Malta,W46020,Rome (FCO),21:35,"En hora, Ha salido",,,S22
,22/Nov/2025,Ryanair,FR3800,Birmingham (BHX),21:55,"En hora, Ha salido",,,Y57
,22/Nov/2025,Ryanair,FR8574,Rome (FCO),22:10,"Retrasado, Ha salido 22:28",,,U34
,22/Nov/2025,Wizz Air,W64116,Belgrade (BEG),22:10,"En hora, Ha salido",,,Y58
,22/Nov/2025,Air Arabia Maroc,3O642,Tanger (TNG),22:15,"En hora, Ha salido",,,W44
,23/11/2025 15-34-22,Ryanair,FR3180,Rome (FCO),06:00,Ha salido,,,U34
,23/11/2025 15-34-22,Ryanair,FR2834,Charleroi (CRL),06:10,Ha salido,,,S20
,23/11/2025 15-34-22,Ryanair,FR2918,Brussels (BRU),06:25,Ha salido,,,R12
,23/11/2025 15-34-22,Ryanair,FR4084,Warsaw (WMI),06:25,"Retrasado, Ha salido",,,S21
,23/11/2025 15-34-22,Ryanair,FR2239,Marrakech (RAK),06:30,Ha salido,,B738,W46
,23/11/2025 15-34-22,Ryanair,FR2507,Cologne-Bonn (CGN),06:40,Ha salido,,,U33
,23/11/2025 15-34-22,easyJet Europe,EC7101,"Basel, Switzerland/Mulhouse (BSL)",06:50,Ha salido,,,R15
,23/11/2025 15-34-22,easyJet Europe,EC7191,Glasgow (GLA),07:20,Ha salido,,,M3
,23/11/2025 15-34-22,Ryanair,FR6597,Manchester (MAN),07:30,Ha salido,,B738,W45
,23/11/2025 15-34-22,Ryanair,FR3108,Luxembourg (LUX),07:35,Ha salido,,B738,S22
,23/11/2025 15-34-22,Ryanair,FR1165,,07:50,Ha salido,,,S24
,23/11/2025 15-34-22,Norwegian Air Sweden AOC,D85510,Copenhagen (CPH),08:00,Ha salido,,,U37
,23/11/2025 15-34-22,easyJet Europe,EC7131,Nice/Cote D'Azur (NCE),08:00,Ha salido,,,R10
,23/11/2025 15-34-22,easyJet Europe,EC3754,Milan (MXP),08:25,Ha salido,,,R11
,23/11/2025 15-34-22,Ryanair,FR878,Venice (VCE),08:30,Ha salido,,,U34
,23/11/2025 15-34-22,easyJet Europe,EC1376,Geneva (GVA),08:35,Ha salido,,,R12
,23/11/2025 15-34-22,Volotea,V73735,,08:40,"Retrasado, Ha salido",,,U35
,23/11/2025 15-34-22,BUZZ,RR1786,Vilnius (VNO),09:00,Ha salido,,,S25
,23/11/2025 15-34-22,Ryanair,FR3028,Ibiza (IBZ),09:05,Ha salido,,,U31
,23/11/2025 15-34-22,Wizz Air,W62048,Krakow (KRK),09:05,"Retrasado, Ha salido",,,S20
,23/11/2025 15-34-22,BUZZ,RR3193,Riga (RIX),09:10,Ha salido,,,S22
,23/11/2025 15-34-22,,E69441,Dusseldorf (DUS),09:15,Ha salido,,,S21
,23/11/2025 15-34-22,Eurowings,EW7521,Hamburg (HAM),09:25,Ha salido,,,S24
,23/11/2025 15-34-22,Wizz Air Malta,W43176,Bucharest (OTP),09:25,Ha salido,,,U33
,23/11/2025 15-34-22,Wizz Air Malta,W45088,Tirana (TIA),09:25,Ha salido,,,W46
,23/11/2025 15-34-22,Wizz Air,W62376,Budapest (BUD),09:25,"Retrasado, Ha salido",,,U32
,23/11/2025 15-34-22,Ryanair,FR4545,Porto (OPO),09:35,Ha salido,,,U36
,23/11/2025 15-34-22,Wizz Air Malta,W42938,Vienna (VIE),09:35,"Retrasado, Ha salido",,,R12
,23/11/2025 15-34-22,easyJet Europe,EC7656,Lisbon (LIS),09:45,Ha salido,,,R10
,23/11/2025 15-34-22,BUZZ,RR333,Gdansk (GDN),09:45,Ha salido,,,U35
,23/11/2025 15-34-22,BUZZ,RR8384,Budapest (BUD),09:45,"Retrasado, Ha salido",,,U34
,23/11/2025 15-34-22,Ryanair,FR2495,,09:50,Ha salido,,,R14
,23/11/2025 15-34-22,Ryanair,FR6341,Rome (FCO),09:55,Ha salido,,,U37
,23/11/2025 15-34-22,BUZZ,RR3049,Krakow (KRK),09:55,"Retrasado, Ha salido",,,S21
,23/11/2025 15-34-22,Ryanair,FR8231,London (STN),10:00,Ha salido,,,Y55
,23/11/2025 15-34-22,Wizz Air Malta,W46018,Rome (FCO),10:00,Ha salido,,,S23
,23/11/2025 15-34-22,Ryanair,FR6874,Dublin (DUB),10:05,Ha salido,,,W45
,23/11/2025 15-34-22,Lauda Europe,LW7351,Vienna (VIE),10:10,"Retrasado, Ha salido",,,R11
,23/11/2025 15-34-22,Wizz Air,W61476,Warsaw (WAW),10:15,Ha salido,,,S22
,23/11/2025 15-34-22,Ryanair,FR575,Bologna (BLQ),10:20,Ha salido,,,R13
,23/11/2025 15-34-22,Ryanair,FR6267,Edinburgh (EDI),10:30,Ha salido,,,Y58
,23/11/2025 15-34-22,Ryanair,FR7543,Manchester (MAN),10:40,Ha salido,,,Y57
,23/11/2025 15-34-22,Ryanair,FR1279,Copenhagen (CPH),10:45,"Retrasado, Ha salido",,,U31
,23/11/2025 15-34-22,Ryanair,FR3143,Milan (BGY),10:45,Ha salido,,,S20
,23/11/2025 15-34-22,Azerbaijan Airlines,J246,Baku (GYD),10:45,"Retrasado, Ha salido",,,W44
,23/11/2025 15-34-22,Ryanair,FR3166,Palermo (PMO),11:00,Ha salido,,,U33
,23/11/2025 15-34-22,Norwegian Air Sweden AOC,D81741,Oslo (OSL),11:15,Ha salido,,,U35
,23/11/2025 15-34-22,Aer Lingus,EI563,Dublin (DUB),11:30,Ha salido,,,W46
,23/11/2025 15-34-22,easyJet Europe,EC7139,Rennes/Saint-Jacques (RNS),11:45,Ha salido,,,R15
,23/11/2025 15-34-22,Icelandair,FI597,Keflavik (KEF),11:50,"Retrasado, Ha salido",,,U41
,23/11/2025 15-34-22,Lauda Europe,LW2889,,11:55,Ha salido,,,R14
,23/11/2025 15-34-22,Ryanair,FR3129,Ibiza (IBZ),12:05,Ha salido,,,S23
,23/11/2025 15-34-22,Ryanair,FR3976,Dublin (DUB),12:25,Ha salido,,,W42
,23/11/2025 15-34-22,Ryanair,FR1527,Valletta (MLA),12:30,Ha salido,,,U34
,23/11/2025 15-34-22,Ryanair,FR2402,,12:30,"Retrasado, Ha salido",,,S25
,23/11/2025 15-34-22,Volotea,V72167,Lille/Lesquin (LIL),12:35,"Retrasado, Ha salido",,,U35
,23/11/2025 15-34-22,Ryanair,FR6300,Sofia (SOF),12:45,"Retrasado, Ha salido",,,S22
,23/11/2025 15-34-22,Pegasus Airlines,PC1092,Istanbul (SAW),12:45,Ha salido,,,Y54
,23/11/2025 15-34-22,Ryanair,FR2511,Cologne-Bonn (CGN),12:55,Ha salido,,,U33
,23/11/2025 15-34-22,Ryanair,FR8598,Reggio Calabria (REG),13:05,"Retrasado, Ha salido",,,U31
,23/11/2025 15-34-22,Volotea,V71445,Olbia (OLB),13:05,Ha salido,,,U36
,23/11/2025 15-34-22,Wizz Air Malta,W46330,Milan (MXP),13:10,Ha salido,,,U32
,23/11/2025 15-34-22,Ryanair,FR3121,Beauvais (BVA),13:20,Ha salido,,,S20
,23/11/2025 15-34-22,Easyjet,U28056,London (LGW),13:25,Ha salido,,,M6
,23/11/2025 15-34-22,easyJet Europe,EC1380,Geneva (GVA),13:40,Ha salido,,,R10
,23/11/2025 15-34-22,Ryanair,FR9811,London (STN),13:40,Ha salido,,,W45
,23/11/2025 15-34-22,Ryanair,FR483,,13:50,Ha salido,,,R13
,23/11/2025 15-34-22,Air Baltic,BT684,Riga (RIX),14:05,Ha salido,,,S24
,23/11/2025 15-34-22,easyJet Europe,EC7153,Milan (MXP),14:05,"Retrasado, Ha salido",,,R12
,23/11/2025 15-34-22,Ryanair,FR1342,,14:05,"Retrasado, Ha salido",,,S23
,23/11/2025 15-34-22,Ryanair,FR6920,Dublin (DUB),14:05,"Retrasado, Ha salido",,,W44
,23/11/2025 15-34-22,Ryanair,FR4585,Porto (OPO),14:10,Ha salido,,,U34
,23/11/2025 15-34-22,SunExpress,XQ895,Izmir (ADB),14:15,"Retrasado, Ha salido",,,Y58
,23/11/2025 15-34-22,Transavia,HV5132,Amsterdam (AMS),14:20,"Retrasado, Ha salido",,,U32
,23/11/2025 15-34-22,easyJet Europe,EC7107,Geneva (GVA),14:25,Ha salido,,,R11
,23/11/2025 15-34-22,Norwegian Air Sweden AOC,D85502,Stockholm (ARN),14:40,"Retrasado, Programado",,,S22
,23/11/2025 15-34-22,Bluebird Airways,BZ251,Tel Aviv (TLV),14:45,Programado,,,
,23/11/2025 15-34-22,Ryanair,FR269,Milan (MXP),14:55,"Retrasado, Ha salido",,,S25
,23/11/2025 15-34-22,SmartWings,QS1059,Prague (PRG),14:55,Ha salido,,,U35
,23/11/2025 15-34-22,Ryanair,FR3320,Milan (BGY),15:00,Ha salido,,,R14
,23/11/2025 15-34-22,Ryanair,FR774,Torino (TRN),15:15,"En hora, Ha salido",,,R14
,23/11/2025 15-34-22,BUZZ,RR3072,Prague (PRG),15:15,"Retrasado, Ha salido 15:30",,,U33
,23/11/2025 15-34-22,Transavia,TO4755,Paris (ORY),15:15,"En hora, Ha salido",,,S21
,23/11/2025 15-34-22,easyJet Europe,EC7694,Lisbon (LIS),15:20,"Retrasado, Ha salido 15:25",,,U36
,23/11/2025 15-34-22,Ryanair,FR6973,Rome (FCO),15:30,"Retrasado, Ha salido 15:40",,,R10
,23/11/2025 15-34-22,Air Arabia Maroc,3O378,Tanger (TNG),15:35,"En hora, Ha salido",,,S20
,23/11/2025 15-34-22,Wizz Air Malta,W46728,Venice (VCE),15:40,"En hora, Ha salido",,,Y55
,23/11/2025 15-34-22,Ryanair,FR133,Berlin (BER),16:15,"En hora, Ha salido",,,U34
,23/11/2025 15-34-22,Ryanair,FR2922,Brussels (BRU),16:15,"En hora, Ha salido",,,U31
,23/11/2025 15-34-22,easyJet Europe,EC7173,Berlin (BER),16:30,"Retrasado, Ha salido 16:30",,,U32
,23/11/2025 15-34-22,Ryanair,FR9814,London (STN),16:40,"En hora, Ha salido",,,R11
,23/11/2025 15-34-22,Ryanair,FR8669,Dublin (DUB),16:55,"Retrasado, Ha salido 17:10",,,W42
,23/11/2025 15-34-22,Air Arabia Maroc,3O374,Casablanca (CMN),17:00,"En hora, Ha salido",,B738,W45
,23/11/2025 15-34-22,Ryanair,FR2250,Marrakech (RAK),17:00,"Retrasado, Ha salido 17:14",,,W46
,23/11/2025 15-34-22,BUZZ,RR8394,Budapest (BUD),17:15,"Retrasado, Ha salido 17:20",,,Y55
,23/11/2025 15-34-22,Ryanair,FR5718,Bratislava (BTS),17:20,"Retrasado, Ha salido 17:32",,,S21
,23/11/2025 15-34-22,Ryanair,FR12,Vienna (VIE),17:40,"Retrasado, Ha salido 17:31",,,S22
,23/11/2025 15-34-22,Volotea,V73573,Asturias (OVD),17:40,"En hora, Ha salido",,B738,U34
,23/11/2025 15-34-22,BUZZ,RR5252,Krakow (KRK),17:50,"En hora, Ha salido",,,S25
,23/11/2025 15-34-22,Ryanair,FR1681,Frankfurt-Hahn (HHN),18:00,"Retrasado, Ha salido 21:04",,,R9
,23/11/2025 15-34-22,Ryanair,FR777,Venice (VCE),18:00,"En hora, Ha salido",,,R10
,23/11/2025 15-34-22,Ryanair,FR6305,Milan (BGY),18:05,"En hora, Ha salido",,,U37
,23/11/2025 15-34-22,easyJet Europe,EC7109,Geneva (GVA),18:15,"En hora, Ha salido",,,S20
,23/11/2025 15-34-22,Volotea,V73700,Vitoria (VIT),18:20,"En hora, Ha salido",,,R15
,23/11/2025 15-34-22,Ryanair,FR2406,,18:30,"En hora, Ha salido",,,S24
,23/11/2025 15-34-22,Wizz Air Malta,W43686,Iasi (IAS),18:30,"En hora, Ha salido",,,S26
,23/11/2025 15-34-22,Jet2,LS804,Manchester (MAN),18:35,"En hora, Ha salido",,,S23
,23/11/2025 15-34-22,easyJet Europe,EC7103,"Basel, Switzerland/Mulhouse (BSL)",18:45,"Retrasado, Ha salido 19:32",,,Y54
,23/11/2025 15-34-22,Ryanair,FR8631,Tanger (TNG),18:45,"Retrasado, Ha salido 18:58",,,R11
,23/11/2025 15-34-22,Transavia,HV6066,Rotterdam (RTM),18:50,"Retrasado, Ha salido 19:20",,,W42
,23/11/2025 15-34-22,Easyjet,U25716,Southend (SEN),18:55,"En hora, Ha salido",,B738,U31
,23/11/2025 15-34-22,Wizz Air,W61176,Katowice (KTW),18:55,"Retrasado, Ha salido 19:14",,,M6
,23/11/2025 15-34-22,Wizz Air,W61478,Warsaw (WAW),19:00,"En hora, Ha salido",,,U32
,23/11/2025 15-34-22,easyJet Europe,EC7159,Milan (LIN),19:05,"Retrasado, Ha salido 19:50",,,U33
,23/11/2025 15-34-22,Wizz Air Malta,W43180,Bucharest (OTP),19:05,"En hora, Ha salido",,,R12
,23/11/2025 15-34-22,Ryanair,FR6394,Dublin (DUB),19:10,"En hora, Ha salido",,,U35
,23/11/2025 15-34-22,Ryanair,FR3160,Bristol (BRS),19:25,"En hora, Ha salido",,,Y57
,23/11/2025 15-34-22,Volotea,V72165,Nantes/Atlantique (NTE),19:30,"En hora, Ha salido",,,Y58
,23/11/2025 15-34-22,Eurowings,EW9443,Dusseldorf (DUS),19:35,"En hora, Ha salido",,,S25
,23/11/2025 15-34-22,Wizz Air,W64406,Sofia (SOF),19:35,"En hora, Ha salido",,A319,U34
,23/11/2025 15-34-22,Ryanair,FR2233,Al Aaroui (NDR),19:40,"En hora, Ha salido",,,U36
,23/11/2025 15-34-22,easyJet Europe,EC3750,Milan (MXP),19:45,"Retrasado, Ha salido 20:25",,,R13
,23/11/2025 15-34-22,Ryanair,FR5710,Napoli (NAP),19:45,"Retrasado, Ha salido 20:23",,,R10
,23/11/2025 15-34-22,Ryanair,FR9015,London (STN),19:45,"Retrasado, Ha salido 20:05",,,W49
,23/11/2025 15-34-22,Easyjet,U28058,London (LGW),19:45,"En hora, Ha salido",,,M8
,23/11/2025 15-34-22,Jet2,LS1338,Birmingham (BHX),19:55,"Retrasado, Programado 01:15",,,W46
,23/11/2025 15-34-22,Wizz Air,W64666,Larnaca (LCA),19:55,"Retrasado, Ha salido 20:27",,,W45
,23/11/2025 15-34-22,Ryanair,FR8136,Ibiza (IBZ),20:10,"Retrasado, Ha salido 21:08",,,S20
,23/11/2025 15-34-22,Wizz Air,W62096,Krakow (KRK),20:10,"Retrasado, Programado 01:44",,,
,23/11/2025 15-34-22,easyJet Europe,EC4212,Napoli (NAP),20:20,"En hora, Ha salido",,,R12
,23/11/2025 15-34-22,Transavia,HV6788,Eindhoven (EIN),20:20,"Retrasado, Ha salido 20:35",,,S22
,23/11/2025 15-34-22,Wizz Air,W67022,Bratislava (BTS),20:20,"En hora, Ha salido",,,S24
,23/11/2025 15-34-22,Ryanair,FR6985,Rome (FCO),20:30,"En hora, Ha salido",,,U35
,23/11/2025 15-34-22,,E6521,Cologne-Bonn (CGN),20:35,"Retrasado, Ha salido 21:09",,,S23
,23/11/2025 15-34-22,Air Serbia,JU585,Belgrade (BEG),20:35,"En hora, Ha salido",,A319,Y55
,23/11/2025 15-34-22,Norwegian Air Sweden AOC,D83659,Copenhagen (CPH),20:40,"En hora, Ha salido",,B38M,S21
,23/11/2025 15-34-22,Eurowings,EW2521,Stuttgart (STR),20:40,"Retrasado, Ha salido 21:03",,,U31
,23/11/2025 15-34-22,Ryanair,FR4587,Porto (OPO),20:40,"En hora, Ha salido",,B738,R11
,23/11/2025 15-34-22,Luxair,LG3596,Luxembourg (LUX),20:40,"Retrasado, Ha salido 21:51",,,R10
,23/11/2025 15-34-22,Transavia,TO4759,Paris (ORY),20:45,"En hora, Ha salido",,,U32
,23/11/2025 15-34-22,Wizz Air,W62378,Budapest (BUD),20:45,"Retrasado, Ha salido 20:57",,,S25
,23/11/2025 15-34-22,Ryanair,FR6275,Edinburgh (EDI),20:50,"En hora, Ha salido",,,W42
,23/11/2025 15-34-22,Transavia,HV5134,Amsterdam (AMS),20:50,"Retrasado, Ha salido 21:02",,,U34
,23/11/2025 15-34-22,BUZZ,RR6944,Warsaw (WMI),20:50,"Retrasado, Ha salido 21:40",,,S22
,23/11/2025 15-34-22,Easyjet,U22326,London (LTN),20:55,"En hora, Ha salido",,,M6
,23/11/2025 15-34-22,Wizz Air,W64738,Skopje (SKP),20:55,"En hora, Ha salido",,,Y54
,23/11/2025 15-34-22,BUZZ,RR8615,Budapest (BUD),21:00,"Retrasado, Ha salido 21:15",,,U36
,23/11/2025 15-34-22,Aer Lingus,EI565,Dublin (DUB),21:05,"Retrasado, Ha salido 21:15",,,W44
,23/11/2025 15-34-22,Ryanair,FR2896,,21:15,"Retrasado, Ha salido 22:01",,,R14
,23/11/2025 15-34-22,Ryanair,FR3792,Birmingham (BHX),21:20,"Retrasado, Ha salido 22:06",,,Y57
,23/11/2025 15-34-22,Wizz Air Malta,W43178,Bucharest (BBU),21:20,"En hora, Ha salido",,,U33
,23/11/2025 15-34-22,Wizz Air Malta,W43406,Cluj-Napoca (CLJ),21:25,"En hora, Ha salido",,,S24
,23/11/2025 15-34-22,Easyjet,U28060,London (LGW),21:30,"En hora, Ha salido",,,M8
,23/11/2025 15-34-22,Wizz Air Malta,W46020,Rome (FCO),21:35,"Retrasado, Ha salido 22:14",,,S21
,23/11/2025 15-34-22,Ryanair,FR5752,Valletta (MLA),21:45,"Retrasado, Ha salido 22:20",,,S20
,23/11/2025 15-34-22,Easyjet,U22706,Bristol (BRS),21:50,"En hora, Ha salido",,,M6
,23/11/2025 15-34-22,Volotea,V71415,Verona (VRN),21:55,"Retrasado, Ha salido 22:21",,,S23
,23/11/2025 15-34-22,Wizz Air,W64116,Belgrade (BEG),21:55,"Retrasado, Ha salido 22:11",,,W45
,23/11/2025 15-34-22,Wizz Air Malta,W45154,Tirana (TIA),22:45,"En hora, Programado",,,W42
,23/11/2025 15-34-22,Ryanair,FR5220,Bologna (BLQ),22:50,"En hora, Programado",,,R13
,23/11/2025 15-34-22,Wizz Air,W61706,Gdansk (GDN),22:50,"En hora, Ha salido",,,U31
,23/11/2025 15-34-22,Ryanair,FR9406,Fes (FEZ),23:15,"En hora, Ha salido",,,W44
,24/Nov/2025,Ryanair,FR3180,Rome (FCO),06:00,"En hora, Ha salido",,,U36
,24/Nov/2025,Ryanair,FR846,Milan (BGY),06:10,"En hora, Ha salido",,,S21
,24/Nov/2025,easyJet Europe,EC7105,Geneva (GVA),06:15,"En hora, Ha salido",,,R11
,24/Nov/2025,Ryanair,FR2233,Al Aaroui (NDR),06:20,"En hora, Ha salido",,,W44
,24/Nov/2025,Ryanair,FR8384,Budapest (BUD),06:25,"En hora, Ha salido",,B38M,S24
,24/Nov/2025,Ryanair,FR3078,Lisbon (LIS),06:30,"En hora, Ha salido",,,U35
,24/Nov/2025,easyJet Europe,EC8062,London (LGW),06:45,"En hora, Ha salido",,,M8
,24/Nov/2025,Ryanair,FR3035,Krakow (KRK),06:45,"Retrasado, Ha salido 07:00",,,U32
,24/Nov/2025,Ryanair,FR8215,London (STN),06:45,"En hora, Ha salido",,,Y55
,24/Nov/2025,easyJet Europe,EC7141,Strasbourg (SXB),07:20,"En hora, Ha salido",,,R10
,24/Nov/2025,easyJet Europe,EC7151,Milan (MXP),07:20,"En hora, Ha salido",,,R12
,24/Nov/2025,Ryanair,FR3028,Ibiza (IBZ),07:35,"En hora, Ha salido",,,U34
,24/Nov/2025,Lauda Europe,LW1342,,07:40,"En hora, Ha salido",,,R14
,24/Nov/2025,Ryanair,FR1165,,07:55,"En hora, Ha salido",,,S20
,24/Nov/2025,Norwegian Air Sweden AOC,D85510,Copenhagen (CPH),08:00,"En hora, Ha salido",,,U33
,24/Nov/2025,Ryanair,FR58,Napoli (NAP),08:35,"Retrasado, Ha salido 09:28",,,U36
,24/Nov/2025,Ryanair,FR575,Bologna (BLQ),08:40,"En hora, Ha salido",,,U41
,24/Nov/2025,easyJet Europe,EC1376,Geneva (GVA),08:45,"Retrasado, Ha salido 08:55",,,R9
,24/Nov/2025,Lauda Europe,LW12,Vienna (VIE),09:00,"Retrasado, Ha salido 11:03",,,S21
,24/Nov/2025,Ryanair,FR6078,Ouarzazate (OZZ),09:05,"En hora, Ha salido",,,W45
,24/Nov/2025,Wizz Air,W62048,Krakow (KRK),09:05,"Retrasado, Ha salido 09:24",,,S21
,24/Nov/2025,Volotea,V72327,Strasbourg (SXB),09:10,"Retrasado, Ha salido 09:20",,,S22
,24/Nov/2025,Air Arabia Maroc,3O398,Rabat (RBA),09:20,"En hora, Ha salido",,,Y54
,24/Nov/2025,Eurowings,EW2521,Stuttgart (STR),09:20,"Retrasado, Ha salido 09:36",,,S20
,24/Nov/2025,Wizz Air Malta,W43176,Bucharest (OTP),09:25,"En hora, Ha salido",,,U38
,24/Nov/2025,Wizz Air Malta,W45088,Tirana (TIA),09:25,"En hora, Ha salido",,,W46
,24/Nov/2025,Wizz Air,W62376,Budapest (BUD),09:25,"Retrasado, Ha salido 09:45",,,S25
,24/Nov/2025,Volotea,V73573,Asturias (OVD),09:30,"En hora, Ha salido",,,U32
,24/Nov/2025,easyJet Europe,EC1030,"Basel, Switzerland/Mulhouse (BSL)",09:35,"En hora, Ha salido",,,R11
,24/Nov/2025,Ryanair,FR2834,Charleroi (CRL),09:40,"En hora, Ha salido",,,R13
,24/Nov/2025,Transavia,HV6062,Rotterdam (RTM),09:40,"En hora, Ha salido",,,U31
,24/Nov/2025,Eurowings,EW9441,Dusseldorf (DUS),09:45,"Retrasado, Ha salido 09:59",,,U34
,24/Nov/2025,Ryanair,FR2495,,09:45,"En hora, Ha salido",,,R14
,24/Nov/2025,Ryanair,FR4545,Porto (OPO),09:50,"En hora, Ha salido",,B738,R12
,24/Nov/2025,Air Serbia,JU581,Belgrade (BEG),09:55,"Retrasado, Ha salido 10:48",,A319,Y55
,24/Nov/2025,easyJet Europe,EC7656,Lisbon (LIS),10:00,"Retrasado, Ha salido 10:17",,,R10
,24/Nov/2025,Transavia,HV5132,Amsterdam (AMS),10:05,"Retrasado, Ha salido 10:20",,,U33
,24/Nov/2025,Wizz Air Malta,W46018,Rome (FCO),10:05,"En hora, Ha salido",,,U35
,24/Nov/2025,Ryanair,FR6559,Liverpool (LPL),10:15,"En hora, Ha salido",,,W42
,24/Nov/2025,Wizz Air,W61476,Warsaw (WAW),10:15,"Retrasado, Ha salido 10:38",,,U
,24/Nov/2025,Ryanair,FR3143,Milan (BGY),10:20,"En hora, Ha salido",,B738,S23
,24/Nov/2025,Easyjet,U22324,London (LTN),10:25,"En hora, Ha salido",,A20N,M6
,24/Nov/2025,Ryanair,FR7808,London (LTN),10:35,"En hora, Ha salido",,B38M,W44
,24/Nov/2025,easyJet Europe,EC7131,Nice/Cote D'Azur (NCE),10:40,"En hora, Ha salido",,,R11
,24/Nov/2025,Easyjet,U28056,London (LGW),10:40,"En hora, Ha salido",,,M8
,24/Nov/2025,Ryanair,FR2239,Marrakech (RAK),10:45,"En hora, Ha salido",,B738,W45
,24/Nov/2025,Ryanair,FR3121,Beauvais (BVA),10:45,"Retrasado, Ha salido 11:17",,B738,S25
,24/Nov/2025,Ryanair,FR3976,Dublin (DUB),10:45,"En hora, Ha salido",,,Y57
,24/Nov/2025,Ryanair,FR3039,Prague (PRG),10:55,"En hora, Ha salido",,,U31
,24/Nov/2025,Ryanair,FR9045,London (STN),11:00,"En hora, Ha salido",,B738,Y58
,24/Nov/2025,Easyjet,U22002,Manchester (MAN),11:20,"En hora, Ha salido",,A320,M6
,24/Nov/2025,Aer Lingus,EI563,Dublin (DUB),11:30,"En hora, Ha salido",,,W46
,24/Nov/2025,Ryanair,FR7539,Milan (MXP),11:30,"En hora, Ha salido",,,U32
,24/Nov/2025,Transavia,TO4755,Paris (ORY),11:30,"En hora, Ha salido",,,S20
,24/Nov/2025,Ryanair,FR1279,Copenhagen (CPH),11:35,"Retrasado, Ha salido 11:47",,,S22
,24/Nov/2025,easyJet Europe,EC7197,Birmingham (BHX),11:40,"En hora, Ha salido",,,M8
,24/Nov/2025,Ryanair,FR777,Venice (VCE),11:55,"En hora, Ha salido",,,U35
,24/Nov/2025,Ryanair,FR8217,London (STN),12:00,"En hora, Ha salido",,,Y54
,24/Nov/2025,Jet2,LS232,Leeds Bradford (LBA),12:00,"En hora, Ha salido",,,W44
,24/Nov/2025,Ryanair,FR3129,Ibiza (IBZ),12:35,"En hora, Ha salido",,,S25
,24/Nov/2025,Ryanair,FR6973,Rome (FCO),12:35,"Retrasado, Ha salido 13:11",,,S20
,24/Nov/2025,Ryanair,FR774,Torino (TRN),12:40,"En hora, Ha salido",,,U32
,24/Nov/2025,Pegasus Airlines,PC1092,Istanbul (SAW),12:45,"Retrasado, Ha salido 13:19",,,W46
,24/Nov/2025,Norwegian Air Sweden AOC,D83657,Copenhagen (CPH),12:50,"En hora, Ha salido",,,S21
,24/Nov/2025,easyJet Europe,EC7137,Lyon (LYS),12:55,"En hora, Ha salido",,,R12
,24/Nov/2025,Wizz Air,W67022,Bratislava (BTS),12:55,"En hora, Ha salido",,,S22
,24/Nov/2025,Ryanair,FR3108,Luxembourg (LUX),13:00,"Retrasado, Ha salido 13:11",,,U31
,24/Nov/2025,Wizz Air Malta,W46330,Milan (MXP),13:10,"Retrasado, Ha salido 14:01",,,S23
,24/Nov/2025,Ryanair,FR8631,Tanger (TNG),13:20,"Retrasado, Ha salido 13:45",,,Y58
,24/Nov/2025,HiSky,H4264,Bucharest (OTP),13:20,"En hora, Ha salido",,,U36
,24/Nov/2025,Norwegian Air Sweden AOC,D81741,Oslo (OSL),13:25,"En hora, Ha salido",,,U34
,24/Nov/2025,Eurowings,EW521,Cologne-Bonn (CGN),13:25,"En hora, Ha salido",,,S24
,24/Nov/2025,Pegasus Airlines,PC1528,Izmir (ADB),13:30,"Retrasado, Programado 14:30",,,W46
,24/Nov/2025,Luxair,LG3592,Luxembourg (LUX),13:35,"Retrasado, Ha salido 13:59",,,U41
,24/Nov/2025,easyJet Europe,EC7153,Milan (MXP),13:40,"Retrasado, Programado 14:09",,,R10
,24/Nov/2025,Ryanair,FR4585,Porto (OPO),13:40,"Retrasado, Ha salido 13:51",,,U33
,24/Nov/2025,Turkish Airlines,TK608,Ankara (ESB),13:40,"Retrasado, Programado 14:05",,,Y55
,24/Nov/2025,Ryanair,FR3189,Fes (FEZ),13:50,"En hora, Ha salido",,,W42
,24/Nov/2025,Jet2,LS804,Manchester (MAN),13:50,"En hora, Programado",,,W44
,24/Nov/2025,Ryanair,FR3792,Birmingham (BHX),13:55,"En hora, Programado",,,W45
,24/Nov/2025,Air Baltic,BT684,Riga (RIX),14:05,"Retrasado, Programado 14:30",,,S25
,24/Nov/2025,Ryanair,FR2889,,14:05,"En hora, Programado",,,S21
,24/Nov/2025,Norwegian Air Sweden AOC,D85502,Stockholm (ARN),14:40,"En hora, Programado",,,U37
,24/Nov/2025,Bluebird Airways,BZ251,Tel Aviv (TLV),14:45,"En hora, Programado",,,Y59
,24/Nov/2025,easyJet Europe,EC7107,Geneva (GVA),14:45,"Retrasado, Programado 15:10",,,R12
,24/Nov/2025,Volotea,V71443,Ancona (AOI),14:45,"En hora, Programado",,,U31
,24/Nov/2025,Wizz Air,W64406,Sofia (SOF),14:50,"Retrasado, Programado 15:00",,,
,24/Nov/2025,easyJet Europe,EC4212,Napoli (NAP),14:55,"Retrasado, Programado 15:20",,,
,24/Nov/2025,SmartWings,QS1059,Prague (PRG),14:55,"En hora, Programado",,,
,24/Nov/2025,Air Arabia Maroc,3O376,Al Aaroui (NDR),15:00,"En hora, Ha salido",,,Y63
,24/Nov/2025,Ryanair,FR3146,Oujda (OUD),15:10,"En hora, Ha salido",,,W42
,24/Nov/2025,Ryanair,FR1681,Frankfurt-Hahn (HHN),15:35,"En hora, Ha salido",,,S23
,24/Nov/2025,Wizz Air Malta,W46728,Venice (VCE),15:40,"Retrasado, Ha salido 16:08",,A21N,U33
,24/Nov/2025,Pegasus Airlines,PC1094,Istanbul (SAW),15:45,"Retrasado, Ha salido 16:19",,,W46
,24/Nov/2025,Ryanair,FR867,Venice (VCE),16:05,"En hora, Ha salido",,,U34
,24/Nov/2025,Ryanair,FR9811,London (STN),16:05,"En hora, Ha salido",,B738,W44
,24/Nov/2025,Wizz Air Malta,W43564,Timisoara (TSR),16:25,"En hora, Ha salido",,A320,U36
,24/Nov/2025,Volotea,V73735,,16:35,"En hora, Ha salido",,,S20
,24/Nov/2025,Ryanair,FR2507,Cologne-Bonn (CGN),16:45,"Retrasado, Ha salido 17:02",,B38M,U31
,24/Nov/2025,Ryanair,FR5718,Bratislava (BTS),16:50,"En hora, Ha salido",,,S24
,24/Nov/2025,Ryanair,FR6305,Milan (BGY),16:50,"Retrasado, Ha salido 17:07",,,U33
,24/Nov/2025,BUZZ,RR6874,Dublin (DUB),16:55,"En hora, Ha salido",,,W45
,24/Nov/2025,Easyjet,U23372,Liverpool (LPL),17:00,"En hora, Ha salido",,A319,M6
,24/Nov/2025,Ryanair,FR5270,Manchester (MAN),17:05,"En hora, Ha salido",,B738,Y57
,24/Nov/2025,BUZZ,RR6300,Sofia (SOF),17:05,"Retrasado, Ha salido 17:15",,,S25
,24/Nov/2025,easyJet Europe,EC7173,Berlin (BER),17:10,"En hora, Ha salido",,,R10
,24/Nov/2025,Volotea,V73700,Vitoria (VIT),17:15,"En hora, Ha salido",,,S21
,24/Nov/2025,Wizz Air,W67920,Kopitnari (KUT),17:15,"En hora, Ha salido",,,W44
,24/Nov/2025,Ryanair,FR1786,Vilnius (VNO),17:30,"En hora, Ha salido",,,U32
,24/Nov/2025,Ryanair,FR2922,Brussels (BRU),17:30,"En hora, Ha salido",,,U35
,24/Nov/2025,easyJet Europe,EC3737,Milan (MXP),17:35,"En hora, Programado",,,R
,24/Nov/2025,easyJet Europe,EC7199,Edinburgh (EDI),17:35,"En hora, Ha salido",,,M8
,24/Nov/2025,Transavia,HV5134,Amsterdam (AMS),17:50,"En hora, Ha salido",,,U34
,24/Nov/2025,BUZZ,RR333,Gdansk (GDN),17:55,"Retrasado, Ha salido 18:11",,,S20
,24/Nov/2025,Ryanair,FR269,Milan (MXP),18:00,"En hora, Ha salido",,,U31
,24/Nov/2025,easyJet Europe,EC7205,Southampton (SOU),18:05,"En hora, Ha salido",,,M3
,24/Nov/2025,Ryanair,FR3320,Milan (BGY),18:30,"En hora, Ha salido",,,U33
,24/Nov/2025,Wizz Air Malta,W43686,Iasi (IAS),18:30,"En hora, Ha salido",,,S23
,24/Nov/2025,Ryanair,FR3174,Ibiza (IBZ),18:45,"En hora, Ha salido",,,S22
,24/Nov/2025,Wizz Air,W61478,Warsaw (WAW),19:00,"Retrasado, Ha salido 19:37",,,S25
,24/Nov/2025,Ryanair,FR3185,Rabat (RBA),19:05,"Retrasado, Ha salido 19:18",,,Y55
,24/Nov/2025,Ryanair,FR9307,Cork (ORK),19:15,"En hora, Ha salido",,,W49
,24/Nov/2025,Ryanair,FR8231,London (STN),19:25,"En hora, Ha salido",,B738,Y57
,24/Nov/2025,Eurowings,EW7521,Hamburg (HAM),19:40,"En hora, Ha salido",,,U31
,24/Nov/2025,Lauda Europe,LW2896,,19:40,"Retrasado, Ha salido 20:09",,,R14
,24/Nov/2025,Wizz Air,W61706,Gdansk (GDN),19:40,"Retrasado, Ha salido 19:55",,A321,U32
,24/Nov/2025,Ryanair,FR133,Berlin (BER),19:45,"En hora, Ha salido",,,R12
,24/Nov/2025,Lauda Europe,LW7351,Vienna (VIE),19:45,"Retrasado, Ha salido 20:05",,,S22
,24/Nov/2025,Easyjet,U28058,London (LGW),19:45,"En hora, Ha salido",,,M6
,24/Nov/2025,Volotea,V71415,Verona (VRN),19:55,"En hora, Ha salido",,,U33
,24/Nov/2025,Wizz Air,W64666,Larnaca (LCA),19:55,"En hora, Ha salido",,A321,W45
,24/Nov/2025,Ryanair,FR3080,,20:00,"En hora, Ha salido",,,S24
,24/Nov/2025,Air Arabia Maroc,3O378,Tanger (TNG),20:05,"En hora, Ha salido",,,Y54
,24/Nov/2025,Ryanair,FR3807,Charleroi (CRL),20:05,"Retrasado, Ha salido 20:39",,,U36
,24/Nov/2025,Ryanair,FR6341,Rome (FCO),20:10,"En hora, Ha salido",,,U34
,24/Nov/2025,Ryanair,FR6597,Manchester (MAN),20:10,"En hora, Ha salido",,,Y58
,24/Nov/2025,easyJet Europe,EC1956,Milan (LIN),20:15,"Retrasado, Ha salido 20:31",,,R10
,24/Nov/2025,Wizz Air Malta,W42940,Vienna (VIE),20:20,"En hora, Ha salido",,,S23
,24/Nov/2025,easyJet Europe,EC1010,"Basel, Switzerland/Mulhouse (BSL)",20:30,"En hora, Ha salido",,,R13
,24/Nov/2025,T'Way Air,TW408,Seoul/Incheon (ICN),20:30,"Retrasado, Ha salido 21:33",,,W44
,24/Nov/2025,Volotea,V72135,Bordeaux (BOD),20:30,"En hora, Ha salido",,,U35
,24/Nov/2025,Ryanair,FR5710,Napoli (NAP),20:40,"Retrasado, Ha salido 21:12",,,U31
,24/Nov/2025,BUZZ,RR8394,Budapest (BUD),20:40,"Retrasado, Ha salido 21:25",,,U34
,24/Nov/2025,Transavia,TO4759,Paris (ORY),20:45,"En hora, Ha salido",,,S20
,24/Nov/2025,Wizz Air,W62378,Budapest (BUD),20:45,"Retrasado, Ha salido 21:10",,,S21
,24/Nov/2025,Ryanair,FR2098,Bologna (BLQ),20:50,"Retrasado, Ha salido 21:43",,,R14
,24/Nov/2025,Ryanair,FR3928,Trieste (TRS),20:50,"En hora, Ha salido",,,U32
,24/Nov/2025,Volotea,V72165,Nantes/Atlantique (NTE),20:50,"Retrasado, Ha salido 21:24",,,S25
,24/Nov/2025,Ryanair,FR878,Venice (VCE),20:55,"Retrasado, Ha salido 21:16",,,U33
,24/Nov/2025,Aer Lingus,EI565,Dublin (DUB),21:05,"En hora, Ha salido",,,W46
,24/Nov/2025,Ryanair,FR6275,Edinburgh (EDI),21:05,"Retrasado, Ha salido 21:25",,,Y55
,24/Nov/2025,Ryanair,FR6920,Dublin (DUB),21:10,"Retrasado, Ha salido 21:54",,,W42
,24/Nov/2025,easyJet Europe,EC1380,Geneva (GVA),21:20,"Retrasado, Ha salido 21:32",,,R12
,24/Nov/2025,Wizz Air Malta,W43178,Bucharest (BBU),21:20,"Retrasado, Ha salido 21:31",,,S22
,24/Nov/2025,Wizz Air Malta,W43406,Cluj-Napoca (CLJ),21:25,"Retrasado, Ha salido 21:55",,,S24
,24/Nov/2025,Ryanair,FR2402,,21:30,"Retrasado, Ha salido 22:10",,,R9
,24/Nov/2025,BUZZ,RR4084,Warsaw (WMI),21:30,"Retrasado, Ha salido 21:53",,,U36
,24/Nov/2025,Wizz Air Malta,W46020,Rome (FCO),21:35,"Retrasado, Ha salido 22:49",,,S23
,24/Nov/2025,Ryanair,FR3168,Newcastle (NCL),21:45,"En hora, Ha salido",,,Y54
,24/Nov/2025,Ryanair,FR4587,Porto (OPO),21:45,"En hora, Ha salido",,,U35
,24/Nov/2025,Ryanair,FR1527,Valletta (MLA),21:50,"Retrasado, Ha salido 22:07",,,S21
,24/Nov/2025,Ryanair,FR2250,Marrakech (RAK),21:50,"Retrasado, Ha salido 22:00",,,Y58
,24/Nov/2025,Easyjet,U22706,Bristol (BRS),21:55,"En hora, Ha salido",,,M6
,24/Nov/2025,Wizz Air,W64116,Belgrade (BEG),21:55,"Retrasado, Ha salido 22:10",,,W45
,24/Nov/2025,Ryanair,FR8574,Rome (FCO),22:20,"En hora, Ha salido",,,U32
,24/Nov/2025,Wizz Air Malta,W45154,Tirana (TIA),22:45,"En hora, Programado",,,W44
,25/Nov/2025,easyJet Europe,EC7105,Geneva (GVA),06:00,"En hora, Ha salido",,,R11
,25/Nov/2025,Ryanair,FR3189,Fes (FEZ),06:15,"En hora, Ha salido",,,W46
,25/Nov/2025,Ryanair,FR2507,Cologne-Bonn (CGN),06:20,"En hora, Ha salido",,,S20
,25/Nov/2025,Ryanair,FR4545,Porto (OPO),06:35,"En hora, Ha salido",,,U32
,25/Nov/2025,easyJet Europe,EC7101,"Basel, Switzerland/Mulhouse (BSL)",07:25,"En hora, Ha salido",,,R10
,25/Nov/2025,easyJet Europe,EC8062,London (LGW),07:30,"En hora, Ha salido",,,M6
,25/Nov/2025,Ryanair,FR3166,Palermo (PMO),07:35,"En hora, Ha salido",,,S24
,25/Nov/2025,Ryanair,FR5718,Bratislava (BTS),07:35,"En hora, Ha salido",,,U35
,25/Nov/2025,Ryanair,FR3193,Riga (RIX),07:55,"En hora, Ha salido",,,U34
,25/Nov/2025,easyJet Europe,EC3737,Milan (MXP),08:00,"En hora, Ha salido",,,R12
,25/Nov/2025,Ryanair,FR133,Berlin (BER),08:50,"Retrasado, Ha salido 10:05",,,U37
,25/Nov/2025,Wizz Air Malta,W43938,Chisinau (KIV),09:00,"Retrasado, Ha salido 09:28",,,Y58
,25/Nov/2025,Wizz Air,W62048,Krakow (KRK),09:05,"En hora, Ha salido",,,U33
,25/Nov/2025,Ryanair,FR3035,Krakow (KRK),09:10,"En hora, Ha salido",,B738,R15
,25/Nov/2025,Ryanair,FR3807,Charleroi (CRL),09:10,"En hora, Ha salido",,B38M,U34
,25/Nov/2025,Wizz Air,W61914,Vilnius (VNO),09:20,"Retrasado, Ha salido 09:31",,,U32
,25/Nov/2025,Wizz Air Malta,W43176,Bucharest (OTP),09:25,"Retrasado, Ha salido 10:03",,,U39
,25/Nov/2025,Wizz Air,W62376,Budapest (BUD),09:25,"Retrasado, Ha salido 09:46",,,U31
,25/Nov/2025,Wizz Air Malta,W42938,Vienna (VIE),09:35,"Retrasado, Ha salido 10:15",,A21N,S22
,25/Nov/2025,Air Arabia Maroc,3O378,Tanger (TNG),09:45,"En hora, Ha salido",,,Y57
,25/Nov/2025,Air Serbia,JU581,Belgrade (BEG),09:55,"Retrasado, Ha salido 10:11",,,W46
,25/Nov/2025,Lauda Europe,LW12,Vienna (VIE),10:15,"Retrasado, Ha salido 10:29",,,R14
,25/Nov/2025,Wizz Air,W61476,Warsaw (WAW),10:15,"En hora, Ha salido",,,U35
,25/Nov/2025,Ryanair,FR1279,Copenhagen (CPH),10:25,"En hora, Ha salido",,,S25
,25/Nov/2025,Ryanair,FR5270,Manchester (MAN),10:30,"Retrasado, Ha salido 10:55",,,Y58
,25/Nov/2025,Azerbaijan Airlines,J246,Baku (GYD),10:45,"En hora, Ha salido",,,W45
,25/Nov/2025,Aer Lingus,EI563,Dublin (DUB),11:30,"En hora, Ha salido",,,Y54
,25/Nov/2025,Ryanair,FR58,Napoli (NAP),11:40,"En hora, Ha salido",,,S20
,25/Nov/2025,Icelandair,FI597,Keflavik (KEF),11:50,"Retrasado, Ha salido 12:19",,,U37
,25/Nov/2025,Ryanair,FR3108,Luxembourg (LUX),12:15,"En hora, Ha salido",,,U33
,25/Nov/2025,easyJet Europe,EC7151,Milan (MXP),12:20,"En hora, Ha salido",,,R10
,25/Nov/2025,Norwegian Air Sweden AOC,D83657,Copenhagen (CPH),12:30,"En hora, Ha salido",,,S21
,25/Nov/2025,Ryanair,FR8384,Budapest (BUD),12:35,"En hora, Ha salido",,,S22
,25/Nov/2025,Pegasus Airlines,PC1092,Istanbul (SAW),12:45,"En hora, Ha salido",,,W45
,25/Nov/2025,Ryanair,FR6267,Edinburgh (EDI),12:55,"En hora, Ha salido",,,Y57
,25/Nov/2025,Norwegian Air Sweden AOC,D81741,Oslo (OSL),13:25,"En hora, Ha salido",,,S24
,25/Nov/2025,FlyOne,5F5512,Chisinau (KIV),13:30,"En hora, Ha salido",,,Y58
,25/Nov/2025,Ryanair,FR2239,Marrakech (RAK),14:00,"En hora, Ha salido",,,Y55
,25/Nov/2025,Ryanair,FR3076,Stockholm (ARN),14:05,"En hora, Programado",,,U31
,25/Nov/2025,Kuwait Airways,KU136,Kuwait City (KWI),14:25,"En hora, Programado",,,W44
,25/Nov/2025,Bluebird Airways,BZ251,Tel Aviv (TLV),14:45,"En hora, Programado",,,
,25/Nov/2025,Ryanair,FR3792,Birmingham (BHX),16:20,"En hora, Ha salido",,B38M,Y55
,25/Nov/2025,Ryanair,FR846,Milan (BGY),16:55,"En hora, Ha salido",,,U32
,25/Nov/2025,Ryanair,FR1165,Sevilla (SVQ),17:05,"Retrasado, Ha salido 17:17",,,S23
,25/Nov/2025,Ryanair,FR575,Bologna (BLQ),17:25,"En hora, Ha salido",,,U35
,25/Nov/2025,Transavia,HV5134,Amsterdam (AMS),17:45,"En hora, Ha salido",,,U31
,25/Nov/2025,Ryanair,FR3180,Rome (FCO),18:00,"En hora, Ha salido",,,U34
,25/Nov/2025,easyJet Europe,EC7103,"Basel, Switzerland/Mulhouse (BSL)",18:10,"En hora, Ha salido",,,R11
,25/Nov/2025,BUZZ,RR6300,Sofia (SOF),18:15,"En hora, Ha salido",,,U33
,25/Nov/2025,Ryanair,FR777,Venice (VCE),18:40,"En hora, Ha salido",,,U32
,25/Nov/2025,Ryanair,FR2834,Charleroi (CRL),18:45,"En hora, Ha salido",,,S22
,25/Nov/2025,Wizz Air,W61176,Katowice (KTW),18:55,"En hora, Ha salido",,,S24
,25/Nov/2025,Wizz Air,W61478,Warsaw (WAW),19:00,"En hora, Ha salido",,,U35
,25/Nov/2025,Ryanair,FR9015,London (STN),19:25,"En hora, Ha salido",,,Y59
,25/Nov/2025,Eurowings,EW9443,Dusseldorf (DUS),19:35,"En hora, Ha salido",,,U31
,25/Nov/2025,Wizz Air,W64406,Sofia (SOF),19:35,"En hora, Ha salido",,,U34
,25/Nov/2025,Easyjet,U28058,London (LGW),19:45,"Retrasado, Ha salido 20:17",,,M8
,25/Nov/2025,Transavia,HV6790,Eindhoven (EIN),19:55,"Retrasado, Ha salido 20:09",,,S23
,25/Nov/2025,Air Arabia Maroc,3O642,Tanger (TNG),20:00,"En hora, Ha salido",,,Y58
,25/Nov/2025,easyJet Europe,EC1956,Milan (LIN),20:15,"En hora, Ha salido",,,R10
,25/Nov/2025,BUZZ,RR4084,Warsaw (WMI),20:15,"Retrasado, Ha salido 20:31",,,S24
,25/Nov/2025,Transavia,TO4759,Paris (ORY),20:45,"En hora, Ha salido",,,U32
,25/Nov/2025,easyJet Europe,EC1380,Geneva (GVA),21:15,"Retrasado, Ha salido 21:55",,,R11
,25/Nov/2025,Ryanair,FR6394,Dublin (DUB),21:15,"En hora, Ha salido",,,W46
,25/Nov/2025,Wizz Air Malta,W46020,Rome (FCO),21:35,"En hora, Ha salido",,,U33
,25/Nov/2025,Ryanair,FR4585,Porto (OPO),22:00,"En hora, Ha salido",,,S25
,26/Nov/2025,Ryanair,FR2918,Brussels (BRU),06:05,"En hora, Ha salido",,,S20
,26/Nov/2025,Ryanair,FR3185,Rabat (RBA),06:05,"En hora, Ha salido",,,W46
,26/Nov/2025,Ryanair,FR9406,Fes (FEZ),06:05,"En hora, Ha salido",,,Y59
,26/Nov/2025,easyJet Europe,EC7105,Geneva (GVA),06:10,"Retrasado, Ha salido 06:31",,,R15
,26/Nov/2025,Ryanair,FR483,Malaga (AGP),06:15,"En hora, Ha salido",,,U32
,26/Nov/2025,easyJet Europe,EC7193,Leeds Bradford (LBA),06:30,"En hora, Ha salido",,,M8
,26/Nov/2025,Ryanair,FR2239,Marrakech (RAK),06:35,"En hora, Ha salido",,,W44
,26/Nov/2025,Ryanair,FR3028,Ibiza (IBZ),06:45,"En hora, Ha salido",,,S21
,26/Nov/2025,Ryanair,FR3108,Luxembourg (LUX),06:50,"En hora, Ha salido",,,S22
,26/Nov/2025,easyJet Europe,EC7101,"Basel, Switzerland/Mulhouse (BSL)",07:20,"En hora, Ha salido",,,R15
,26/Nov/2025,easyJet Europe,EC8062,London (LGW),07:20,"En hora, Ha salido",,,M6
,26/Nov/2025,easyJet Europe,EC3737,Milan (MXP),08:25,"En hora, Ha salido",,,R10
,26/Nov/2025,easyJet Europe,EC7161,Napoli (NAP),09:20,"En hora, Ha salido",,,R11
,26/Nov/2025,Wizz Air Malta,W43176,Bucharest (OTP),09:25,"En hora, Ha salido",,A321,U38
,26/Nov/2025,Wizz Air,W62376,Budapest (BUD),09:25,"En hora, Ha salido",,A21N,U33
,26/Nov/2025,BUZZ,RR8384,Budapest (BUD),09:30,"Retrasado, Ha salido 09:47",,,S21
,26/Nov/2025,Air Arabia Maroc,3O376,Al Aaroui (NDR),09:35,"Retrasado, Ha salido 09:47",,,Y57
,26/Nov/2025,Wizz Air Malta,W42940,Vienna (VIE),09:35,"En hora, Ha salido",,,U34
,26/Nov/2025,Ryanair,FR2834,Charleroi (CRL),09:45,Cancelado 09:45,,,
,26/Nov/2025,Ryanair,FR4545,Porto (OPO),09:45,"En hora, Ha salido",,,S25
,26/Nov/2025,BUZZ,RR3049,Krakow (KRK),09:55,"En hora, Ha salido",,B38M,S23
,26/Nov/2025,Air Arabia Maroc,3O642,Tanger (TNG),10:05,"Retrasado, Ha salido 10:25",,,Y58
,26/Nov/2025,Transavia,HV5132,Amsterdam (AMS),10:05,"En hora, Ha salido",,,U35
,26/Nov/2025,Ryanair,FR3078,Lisbon (LIS),10:15,"En hora, Ha salido",,,S20
,26/Nov/2025,Wizz Air,W61476,Warsaw (WAW),10:15,"En hora, Ha salido",,,U36
,26/Nov/2025,Ryanair,FR3039,Prague (PRG),10:20,"En hora, Ha salido",,,S22
,26/Nov/2025,Air Baltic,BT878,Tallinn (TLL),10:35,"En hora, Ha salido",,,U32
,26/Nov/2025,Ryanair,FR6267,Edinburgh (EDI),10:45,"En hora, Ha salido",,,W44
,26/Nov/2025,SkyUp MT,U5406,Chisinau (KIV),10:50,"En hora, Ha salido",,,W46
,26/Nov/2025,Easyjet,U22704,Bristol (BRS),10:55,"En hora, Ha salido",,A20N,M8
,26/Nov/2025,Ryanair,FR2507,Cologne-Bonn (CGN),11:00,"En hora, Ha salido",,,U31
,26/Nov/2025,Aer Lingus,EI563,Dublin (DUB),11:30,"En hora, Ha salido",,A320,Y55
,26/Nov/2025,Ryanair,FR575,Bologna (BLQ),11:40,"En hora, Ha salido",,,U33
,26/Nov/2025,Ryanair,FR9925,Frankfurt-Hahn (HHN),12:35,"En hora, Ha salido",,,U34
,26/Nov/2025,Pegasus Airlines,PC1092,Istanbul (SAW),12:45,"Retrasado, Ha salido 13:04",,,W45
,26/Nov/2025,Ryanair,FR6597,Manchester (MAN),13:00,"En hora, Ha salido",,,W42
,26/Nov/2025,Ryanair,FR3792,Birmingham (BHX),13:10,"En hora, Ha salido",,,Y58
,26/Nov/2025,Norwegian Air Sweden AOC,D81741,Oslo (OSL),13:25,"En hora, Ha salido",,,U31
,26/Nov/2025,Eurowings,EW521,Cologne-Bonn (CGN),13:25,"En hora, Ha salido",,,S20
,26/Nov/2025,Luxair,LG3592,Luxembourg (LUX),13:40,"En hora, Ha salido",,,U37
,26/Nov/2025,Turkish Airlines,TK608,Ankara (ESB),13:40,"En hora, Ha salido",,,Y57
,26/Nov/2025,Bluebird Airways,BZ251,Tel Aviv (TLV),14:45,"Retrasado, Programado 14:56",,,
,26/Nov/2025,Norwegian Air Sweden AOC,D83659,Copenhagen (CPH),14:45,"En hora, Programado",,,U32
,26/Nov/2025,Eurowings,EW2521,Stuttgart (STR),15:10,"En hora, Ha salido",,,S21
,26/Nov/2025,Ryanair,FR777,Venice (VCE),15:10,"Retrasado, Ha salido 15:20",,,S23
,26/Nov/2025,Ryanair,FR12,Vienna (VIE),15:15,"En hora, Ha salido",,,S24
,26/Nov/2025,Wizz Air Malta,W46728,Venice (VCE),15:40,"En hora, Ha salido",,A21N,U31
,26/Nov/2025,Pegasus Airlines,PC1094,Istanbul (SAW),15:45,"Retrasado, Ha salido 16:10",,,Y55
,26/Nov/2025,Volotea,V71415,Verona (VRN),15:45,"En hora, Ha salido",,,U33
,26/Nov/2025,Ryanair,FR3035,Krakow (KRK),16:15,"En hora, Ha salido",,,S22
,26/Nov/2025,Transavia,TO4755,Paris (ORY),16:45,"Retrasado, Ha salido 17:00",,,U32
,26/Nov/2025,Ryanair,FR3928,Trieste (TRS),16:50,"En hora, Ha salido",,,U35
,26/Nov/2025,Ryanair,FR5718,Bratislava (BTS),16:50,"En hora, Ha salido",,B738,U38
,26/Nov/2025,Wizz Air,W67920,Kopitnari (KUT),17:15,"En hora, Ha salido",,,Y57
,26/Nov/2025,Ryanair,FR4585,Porto (OPO),17:30,"En hora, Ha salido",,,U33
,26/Nov/2025,Iberojet,E9803,Palmerola (XPL),17:40,"En hora, Ha salido",,,W44
,26/Nov/2025,Ryanair,FR3180,Rome (FCO),18:00,"En hora, Ha salido",,,U41
,26/Nov/2025,Wizz Air Malta,W43686,Iasi (IAS),18:30,"En hora, Ha salido",,,U31
,26/Nov/2025,easyJet Europe,EC7103,"Basel, Switzerland/Mulhouse (BSL)",18:35,"En hora, Ha salido",,,R10
,26/Nov/2025,easyJet Europe,EC7155,Milan (MXP),19:00,"En hora, Ha salido",,,R12
,26/Nov/2025,Ryanair,FR8231,London (STN),19:00,"En hora, Ha salido",,B738,W42
,26/Nov/2025,Wizz Air,W61478,Warsaw (WAW),19:00,"En hora, Ha salido",,,U33
,26/Nov/2025,Ryanair,FR1165,Sevilla (SVQ),19:10,"Retrasado, Ha salido 19:48",,,S23
,26/Nov/2025,Ryanair,FR9334,Marrakech (RAK),19:10,"Retrasado, Ha salido 19:20",,,Y54
,26/Nov/2025,Ryanair,FR1342,Palma de Mallorca (PMI),19:15,"En hora, Ha salido",,,U37
,26/Nov/2025,Eurowings,EW9443,Dusseldorf (DUS),19:35,"En hora, Ha salido",,,U35
,26/Nov/2025,Ryanair,FR133,Berlin (BER),19:35,"En hora, Ha salido",,,S20
,26/Nov/2025,Transavia,HV6064,Rotterdam (RTM),19:40,"En hora, Ha salido",,,U32
,26/Nov/2025,Easyjet,U28058,London (LGW),19:45,"Retrasado, Programado 22:00",,,M6
,26/Nov/2025,Wizz Air,W61706,Gdansk (GDN),19:50,"En hora, Ha salido",,A21N,U34
,26/Nov/2025,Ryanair,FR3143,Milan (BGY),19:55,"Retrasado, Ha salido 20:20",,,U36
,26/Nov/2025,Ryanair,FR58,Napoli (NAP),20:10,"En hora, Ha salido",,,S24
,26/Nov/2025,BUZZ,RR5246,Vilnius (VNO),20:10,"Retrasado, Ha salido 20:50",,,U37
,26/Nov/2025,easyJet Europe,EC1956,Milan (LIN),20:15,"En hora, Ha salido",,,R9
,26/Nov/2025,Air Arabia Maroc,3O378,Tanger (TNG),20:20,"Retrasado, Ha salido 20:58",,,Y54
,26/Nov/2025,T'Way Air,TW408,Seoul/Incheon (ICN),20:30,"Retrasado, Ha salido 20:41",,,Y56
,26/Nov/2025,Air Serbia,JU585,Belgrade (BEG),20:35,"En hora, Ha salido",,,Y57
,26/Nov/2025,Wizz Air,W62378,Budapest (BUD),20:45,"En hora, Ha salido",,,U33
,26/Nov/2025,Transavia,TO4759,Paris (ORY),20:50,"En hora, Ha salido",,,U31
,26/Nov/2025,Easyjet,U22326,London (LTN),20:55,"En hora, Ha salido",,,M8
,26/Nov/2025,easyJet Europe,EC1380,Geneva (GVA),21:15,"Retrasado, Programado 21:41",,,R10
,26/Nov/2025,Wizz Air Malta,W43406,Cluj-Napoca (CLJ),21:25,"En hora, Ha salido",,,U35
,26/Nov/2025,Wizz Air Malta,W46020,Rome (FCO),21:35,"En hora, Ha salido",,,U34
,26/Nov/2025,Ryanair,FR6394,Dublin (DUB),22:05,"En hora, Programado",,,Y57
,27/Nov/2025,Ryanair,FR8215,London (STN),06:00,"En hora, Ha salido",,,W42
,27/Nov/2025,Ryanair,FR2918,Brussels (BRU),06:05,"En hora, Ha salido",,B738,U32
,27/Nov/2025,easyJet Europe,EC7105,Geneva (GVA),06:10,"En hora, Ha salido",,,R13
,27/Nov/2025,Ryanair,FR3976,Dublin (DUB),06:15,"En hora, Ha salido",,,W46
,27/Nov/2025,easyJet Europe,EC7191,Glasgow (GLA),06:40,"En hora, Ha salido",,,M3
,27/Nov/2025,Ryanair,FR3049,Krakow (KRK),06:40,"En hora, Ha salido",,,U33
,27/Nov/2025,Ryanair,FR3028,Ibiza (IBZ),06:45,"En hora, Ha salido",,,U41
,27/Nov/2025,Lauda Europe,LW2495,Palma de Mallorca (PMI),07:20,"En hora, Ha salido",,,S23
,27/Nov/2025,Ryanair,FR133,Berlin (BER),07:25,"En hora, Ha salido",,B738,U34
,27/Nov/2025,easyJet Europe,EC7101,"Basel, Switzerland/Mulhouse (BSL)",07:30,"En hora, Ha salido",,,R11
,27/Nov/2025,easyJet Europe,EC7151,Milan (MXP),07:30,"En hora, Ha salido",,,R12
,27/Nov/2025,Ryanair,FR2507,Cologne-Bonn (CGN),07:45,"En hora, Ha salido",,,S25
,27/Nov/2025,Norwegian Air Sweden AOC,D85510,Copenhagen (CPH),07:55,"En hora, Ha salido",,B738,U37
,27/Nov/2025,Ryanair,FR575,Bologna (BLQ),08:05,"En hora, Ha salido",,,U36
,27/Nov/2025,Ryanair,FR774,Torino (TRN),08:05,"En hora, Ha salido",,,S20
,27/Nov/2025,Ryanair,FR3928,Trieste (TRS),08:40,"Retrasado, Ha salido 09:10",,,U41
,27/Nov/2025,Ryanair,FR6973,Rome (FCO),08:40,"En hora, Ha salido",,,S22
,27/Nov/2025,Wizz Air Malta,W43938,Chisinau (KIV),09:00,"En hora, Ha salido",,,Y54
,27/Nov/2025,Ryanair,FR5710,Napoli (NAP),09:05,"Retrasado, Ha salido 09:15",,,S21
,27/Nov/2025,Wizz Air,W62048,Krakow (KRK),09:05,"En hora, Ha salido",,,U31
,27/Nov/2025,Lauda Europe,LW12,Vienna (VIE),09:10,"En hora, Ha salido",,,R14
,27/Nov/2025,Wizz Air,W61914,Vilnius (VNO),09:20,"En hora, Ha salido",,A21N,U32
,27/Nov/2025,Wizz Air Malta,W43176,Bucharest (OTP),09:25,"En hora, Ha salido",,,U39
,27/Nov/2025,Wizz Air,W62376,Budapest (BUD),09:25,"En hora, Ha salido",,,U35
,27/Nov/2025,Ryanair,FR3320,Milan (BGY),09:30,"En hora, Ha salido",,,S20
,27/Nov/2025,Wizz Air Malta,W42938,Vienna (VIE),09:35,"En hora, Ha salido",,A321,S23
,27/Nov/2025,Air Serbia,JU581,Belgrade (BEG),09:55,"En hora, Ha salido",,,Y57
,27/Nov/2025,easyJet Europe,EC7656,Lisbon (LIS),10:00,"En hora, Ha salido",,,R11
,27/Nov/2025,Ryanair,FR1279,Copenhagen (CPH),10:00,"En hora, Ha salido",,,S25
,27/Nov/2025,Transavia,HV5132,Amsterdam (AMS),10:05,"En hora, Ha salido",,,U36
,27/Nov/2025,Wizz Air,W61476,Warsaw (WAW),10:15,"En hora, Ha salido",,A21N,U34
,27/Nov/2025,Ryanair,FR1165,Sevilla (SVQ),10:20,"En hora, Ha salido",,,S24
,27/Nov/2025,Ryanair,FR3121,Beauvais (BVA),10:25,"En hora, Ha salido",,B738,S22
,27/Nov/2025,BUZZ,RR8384,Budapest (BUD),10:25,"Retrasado, Ha salido 10:45",,,U32
,27/Nov/2025,Easyjet,U28056,London (LGW),10:35,"En hora, Ha salido",,A320,M8
,27/Nov/2025,Easyjet,U25716,Southend (SEN),10:40,"En hora, Ha salido",,,M6
,27/Nov/2025,Azerbaijan Airlines,J246,Baku (GYD),10:45,"En hora, Ha salido",,,W45
,27/Nov/2025,Ryanair,FR3792,Birmingham (BHX),11:00,"En hora, Ha salido",,,W44
,27/Nov/2025,Ryanair,FR4545,Porto (OPO),11:00,"En hora, Ha salido",,,U31
,27/Nov/2025,Easyjet,U22704,Bristol (BRS),11:05,"En hora, Ha salido",,,M1
,27/Nov/2025,Ryanair,FR3076,Stockholm (ARN),11:10,"Retrasado, Ha salido 11:26",,,S20
,27/Nov/2025,Ryanair,FR483,Malaga (AGP),11:10,"Retrasado, Ha salido 11:22",,,S21
,27/Nov/2025,Ryanair,FR6597,Manchester (MAN),11:20,"En hora, Ha salido",,,Y55
,27/Nov/2025,Aer Lingus,EI563,Dublin (DUB),11:30,"Retrasado, Ha salido 11:41",,,W46
,27/Nov/2025,easyJet Europe,EC7131,Nice/Cote D'Azur (NCE),12:00,"En hora, Ha salido",,,R11
,27/Nov/2025,easyJet Europe,EC8064,London (LGW),12:10,"En hora, Ha salido",,,M8
,27/Nov/2025,Ryanair,FR2239,Marrakech (RAK),12:30,"En hora, Ha salido",,,W42
,27/Nov/2025,Ryanair,FR3160,Bristol (BRS),12:45,"En hora, Ha salido",,,W45
,27/Nov/2025,Pegasus Airlines,PC1092,Istanbul (SAW),12:45,"Retrasado, Ha salido 12:57",,,Y54
,27/Nov/2025,Wizz Air,W67022,Bratislava (BTS),12:55,"En hora, Ha salido",,,U31
,27/Nov/2025,Ryanair,FR1681,Frankfurt-Hahn (HHN),13:00,"Retrasado, Ha salido 13:14",,,S24
,27/Nov/2025,Volotea,V71445,Olbia (OLB),13:05,"En hora, Ha salido",,A320,S22
,27/Nov/2025,Norwegian Air Shuttle,DY1741,Oslo (OSL),13:25,"En hora, Ha salido",,B738,S20
,27/Nov/2025,Ryanair,FR3039,Prague (PRG),13:30,"En hora, Ha salido",,B38M,S25
,27/Nov/2025,Luxair,LG3592,Luxembourg (LUX),13:35,"Retrasado, Ha salido 13:54",,,U37
,27/Nov/2025,Ryanair,FR269,Milan (MXP),13:40,"En hora, Ha salido",,B738,U35
,27/Nov/2025,Ryanair,FR6267,Edinburgh (EDI),13:45,"En hora, Ha salido",,,W46
,27/Nov/2025,Ryanair,FR846,Milan (BGY),13:45,"En hora, Ha salido",,B38M,R14
,27/Nov/2025,Transavia,TO4755,Paris (ORY),13:45,"En hora, Ha salido",,B738,U33
,27/Nov/2025,Jet2,LS804,Manchester (MAN),13:50,"En hora, Programado",,,Y58
,27/Nov/2025,Ryanair,FR2233,Al Aaroui (NDR),14:00,"En hora, Programado",,,Y59
,27/Nov/2025,Air Baltic,BT684,Riga (RIX),14:05,"En hora, Ha salido",,,S23
,27/Nov/2025,easyJet Europe,EC7153,Milan (MXP),14:10,"En hora, Ha salido",,,R12
,27/Nov/2025,SunExpress,XQ895,Izmir (ADB),14:15,"En hora, Programado",,,Y57
,27/Nov/2025,Kuwait Airways,KU136,Kuwait City (KWI),14:25,"En hora, Programado",,,W44
,27/Nov/2025,Norwegian Air Sweden AOC,D85502,Stockholm (ARN),14:40,"En hora, Programado",,,U37
,27/Nov/2025,Bluebird Airways,BZ251,Tel Aviv (TLV),14:45,"En hora, Programado",,,
,27/Nov/2025,SmartWings,QS1059,Prague (PRG),14:55,"En hora, Programado",,,
,27/Nov/2025,Ryanair,FR3189,Fes (FEZ),15:00,"Retrasado, Ha salido 15:14",,,Y55
,27/Nov/2025,Ryanair,FR149,Berlin (BER),15:40,"En hora, Ha salido",,,S21
,27/Nov/2025,Wizz Air Malta,W46728,Venice (VCE),15:40,"En hora, Ha salido",,,S25
,27/Nov/2025,Ryanair,FR2922,Brussels (BRU),16:05,"En hora, Ha salido",,,U32
,27/Nov/2025,Volotea,V73573,Asturias (OVD),16:05,"En hora, Ha salido",,,S24
,27/Nov/2025,Volotea,V73700,Vitoria (VIT),16:15,"En hora, Ha salido",,,S23
,27/Nov/2025,Ryanair,FR9045,London (STN),16:30,"En hora, Ha salido",,,Y58
,27/Nov/2025,Ryanair,FR9913,Tallinn (TLL),16:30,"En hora, Ha salido",,,U37
,27/Nov/2025,Ryanair,FR4585,Porto (OPO),16:35,"En hora, Ha salido",,,U31
,27/Nov/2025,easyJet Europe,EC1378,Geneva (GVA),16:50,"Retrasado, Ha salido 17:02",,,R11
,27/Nov/2025,Ryanair,FR2098,Bologna (BLQ),17:15,"En hora, Ha salido",,,U41
,27/Nov/2025,easyJet Europe,EC7173,Berlin (BER),17:25,"En hora, Ha salido",,,R9
,27/Nov/2025,BUZZ,RR8394,Budapest (BUD),17:30,"Retrasado, Ha salido 17:40",,,U33
,27/Nov/2025,Volotea,V72327,Strasbourg (SXB),17:30,"En hora, Ha salido",,,S21
,27/Nov/2025,Transavia,HV5136,Amsterdam (AMS),17:45,"En hora, Ha salido",,,U35
,27/Nov/2025,BUZZ,RR6300,Sofia (SOF),17:45,"En hora, Ha salido",,,S20
,27/Nov/2025,Ryanair,FR5718,Bratislava (BTS),18:00,"Retrasado, Ha salido 18:15",,,U37
,27/Nov/2025,Ryanair,FR6341,Rome (FCO),18:00,"En hora, Ha salido",,,S26
,27/Nov/2025,easyJet Europe,EC7139,Rennes/Saint-Jacques (RNS),18:15,"En hora, Ha salido",,,R10
,27/Nov/2025,Ryanair,FR3078,Lisbon (LIS),18:30,"En hora, Ha salido",,,U31
,27/Nov/2025,Ryanair,FR6394,Dublin (DUB),18:30,"En hora, Ha salido",,,W42
,27/Nov/2025,easyJet Europe,EC7103,"Basel, Switzerland/Mulhouse (BSL)",18:40,"En hora, Ha salido",,,R13
,27/Nov/2025,Ryanair,FR3800,Birmingham (BHX),18:45,"En hora, Ha salido",,,Y55
,27/Nov/2025,Wizz Air Malta,W43180,Bucharest (OTP),18:45,"En hora, Ha salido",,,S25
,27/Nov/2025,Wizz Air,W61176,Katowice (KTW),18:55,"En hora, Ha salido",,A320,U34
,27/Nov/2025,BUZZ,RR3193,Riga (RIX),19:05,"En hora, Ha salido",,,U36
,27/Nov/2025,easyJet Europe,EC7155,Milan (MXP),19:15,"En hora, Ha salido",,,R12
,27/Nov/2025,Ryanair,FR1342,Palma de Mallorca (PMI),19:25,"En hora, Ha salido",,,R14
,27/Nov/2025,Ryanair,FR8217,London (STN),19:25,"En hora, Ha salido",,B738,W45
,27/Nov/2025,,E69443,Dusseldorf (DUS),19:35,"Retrasado, Ha salido 20:02",,,S20
,27/Nov/2025,Wizz Air,W64406,Sofia (SOF),19:35,"En hora, Ha salido",,A21N,U33
,27/Nov/2025,Air Arabia Maroc,3O378,Tanger (TNG),19:40,"Retrasado, Ha salido 19:57",,,Y57
,27/Nov/2025,Eurowings,EW2521,Stuttgart (STR),19:40,"Retrasado, Ha salido 20:37",,,S25
,27/Nov/2025,Wizz Air,W61478,Warsaw (WAW),19:40,"En hora, Ha salido",,,U32
,27/Nov/2025,Ryanair,FR8598,Reggio Calabria (REG),19:45,"En hora, Ha salido",,,U35
,27/Nov/2025,Easyjet,U28058,London (LGW),19:45,"En hora, Ha salido",,,M8
,27/Nov/2025,Ryanair,FR8631,Tanger (TNG),19:55,"En hora, Ha salido",,,Y58
,27/Nov/2025,Volotea,V72167,Lille/Lesquin (LIL),19:55,"En hora, Ha salido",,,S23
,27/Nov/2025,Transavia,HV6788,Eindhoven (EIN),20:00,"En hora, Ha salido",,,U31
,27/Nov/2025,easyJet Europe,EC1956,Milan (LIN),20:15,"En hora, Ha salido",,,R9
,27/Nov/2025,Air Arabia Maroc,3O376,Al Aaroui (NDR),20:25,"Retrasado, Ha salido 21:40",,,Y54
,27/Nov/2025,Ryanair,FR3143,Milan (BGY),20:25,"En hora, Ha salido",,,R11
,27/Nov/2025,Ryanair,FR4587,Porto (OPO),20:45,"En hora, Ha salido",,,R13
,27/Nov/2025,Wizz Air,W62378,Budapest (BUD),20:45,"En hora, Ha salido",,,S24
,27/Nov/2025,Transavia,TO4759,Paris (ORY),20:50,"En hora, Ha salido",,,U36
,27/Nov/2025,Easyjet,U22324,London (LTN),20:55,"En hora, Ha salido",,,M6
,27/Nov/2025,Wizz Air,W64738,Skopje (SKP),20:55,"En hora, Ha salido",,,W46
,27/Nov/2025,BUZZ,RR333,Gdansk (GDN),21:00,"En hora, Ha salido",,,R10
,27/Nov/2025,Aer Lingus,EI565,Dublin (DUB),21:05,"En hora, Ha salido",,,Y55
,27/Nov/2025,easyJet Europe,EC1380,Geneva (GVA),21:15,"Retrasado, Ha salido 21:53",,,R12
,27/Nov/2025,Ryanair,FR1527,Valletta (MLA),21:20,"Retrasado, Ha salido 21:45",,,U37
,27/Nov/2025,Wizz Air Malta,W43178,Bucharest (BBU),21:20,"En hora, Ha salido",,,S23
,27/Nov/2025,Wizz Air Malta,W43406,Cluj-Napoca (CLJ),21:25,"En hora, Ha salido",,,R14
,27/Nov/2025,BUZZ,RR3035,Krakow (KRK),21:30,"En hora, Ha salido",,,U32
,27/Nov/2025,BUZZ,RR4084,Warsaw (WMI),21:30,"En hora, Ha salido",,,S21
,27/Nov/2025,Wizz Air Malta,W46020,Rome (FCO),21:35,"En hora, Ha salido",,,S20
,27/Nov/2025,Wizz Air,W64116,Belgrade (BEG),22:10,"Retrasado, Programado 22:27",,,W45
,27/Nov/2025,Wizz Air Malta,W45154,Tirana (TIA),22:45,"En hora, Programado",,,Y57
,28/Nov/2025,easyJet Europe,EC7105,Geneva (GVA),06:10,"En hora, Ha salido",,,R11
,28/Nov/2025,Ryanair,FR8183,Bologna (BLQ),06:10,"En hora, Ha salido",,,U33
,28/Nov/2025,Ryanair,FR8231,London (STN),06:10,"En hora, Ha salido",,,W44
,28/Nov/2025,Ryanair,FR777,Venice (VCE),06:20,"En hora, Ha salido",,B738,U35
,28/Nov/2025,Ryanair,FR846,Milan (BGY),06:25,"Retrasado, Ha salido 06:35",,,S23
,28/Nov/2025,Ryanair,FR133,Berlin (BER),06:35,"Retrasado, Ha salido 06:45",,,U31
,28/Nov/2025,Ryanair,FR4545,Porto (OPO),06:45,"En hora, Ha salido",,,S21
,28/Nov/2025,easyJet Europe,EC7101,"Basel, Switzerland/Mulhouse (BSL)",07:20,"En hora, Ha salido",,,R10
,28/Nov/2025,easyJet Europe,EC7199,Edinburgh (EDI),07:20,"En hora, Ha salido",,,M3
,28/Nov/2025,Lauda Europe,LW2889,Palma de Mallorca (PMI),07:40,"En hora, Ha salido",,Airbus A320,R13
,28/Nov/2025,Norwegian Air Sweden AOC,D85502,Stockholm (ARN),08:00,"En hora, Ha salido",,,U37
,28/Nov/2025,Ryanair,FR3976,Dublin (DUB),08:00,"En hora, Ha salido",,,Y59
,28/Nov/2025,Ryanair,FR3185,Rabat (RBA),08:10,"En hora, Ha salido",,,W46
,28/Nov/2025,Ryanair,FR6973,Rome (FCO),08:15,"En hora, Ha salido",,,U32
,28/Nov/2025,easyJet Europe,EC1376,Geneva (GVA),08:40,"En hora, Ha salido",,,R11
,28/Nov/2025,Ryanair,FR5752,Valletta (MLA),08:40,"Retrasado, Ha salido 08:51",,,U31
,28/Nov/2025,Ryanair,FR1165,Sevilla (SVQ),09:00,"En hora, Ha salido",,Boeing 737-800,S20
,28/Nov/2025,Wizz Air,W62048,Krakow (KRK),09:05,"Retrasado, Ha salido 11:23",,,S24
,28/Nov/2025,easyJet Europe,EC3737,Milan (MXP),09:10,"Retrasado, Ha salido 10:04",,,R10
,28/Nov/2025,Ryanair,FR2834,Charleroi (CRL),09:15,"En hora, Ha salido",,,U33
,28/Nov/2025,Air Arabia Maroc,3O374,Casablanca (CMN),09:25,"En hora, Ha salido",,,W44
,28/Nov/2025,Lauda Europe,LW12,Vienna (VIE),09:25,"Retrasado, Ha salido 09:50",,,R13
,28/Nov/2025,Wizz Air Malta,W43176,Bucharest (OTP),09:25,"En hora, Ha salido",,,S23
,28/Nov/2025,Wizz Air Malta,W45088,Tirana (TIA),09:25,"En hora, Ha salido",,A21N,Y54
,28/Nov/2025,Wizz Air,W62376,Budapest (BUD),09:25,"En hora, Ha salido",,,U35
,28/Nov/2025,Ryanair,FR3028,Ibiza (IBZ),09:40,"En hora, Ha salido",,,S26
,28/Nov/2025,Ryanair,FR3320,Milan (BGY),09:45,"Retrasado, Ha salido 10:45",,,R11
,28/Nov/2025,Transavia,HV6788,Eindhoven (EIN),09:45,"En hora, Ha salido",,,R14
,28/Nov/2025,Easyjet,U26654,Birmingham (BHX),09:45,"Retrasado, Ha salido",,Airbus A320,M
,28/Nov/2025,Air Arabia Maroc,3O378,Tanger (TNG),09:50,"En hora, Ha salido",,,W45
,28/Nov/2025,easyJet Europe,EC7656,Lisbon (LIS),09:55,"Retrasado, Ha salido 10:12",,,R11
,28/Nov/2025,Air Serbia,JU581,Belgrade (BEG),09:55,"En hora, Ha salido",,,Y58
,28/Nov/2025,Ryanair,FR9015,London (STN),10:00,"En hora, Ha salido",,,W42
,28/Nov/2025,Wizz Air Malta,W46018,Rome (FCO),10:00,"Retrasado, Ha salido 10:17",,A21N,S24
,28/Nov/2025,Ryanair,FR6920,Dublin (DUB),10:05,"En hora, Ha salido",,,Y55
,28/Nov/2025,Transavia,HV5132,Amsterdam (AMS),10:05,"Retrasado, Ha salido 10:19",,,U31
,28/Nov/2025,Eurowings,EW7521,Hamburg (HAM),10:10,"En hora, Ha salido",,A320,S20
,28/Nov/2025,Wizz Air,W61476,Warsaw (WAW),10:15,Ha salido,,Airbus A320,S
,28/Nov/2025,Ryanair,FR2239,Marrakech (RAK),10:20,"En hora, Ha salido",,,Y57
,28/Nov/2025,Easyjet,U22002,Manchester (MAN),10:25,"En hora, Ha salido",,,M8
,28/Nov/2025,easyJet Europe,EC7131,Nice/Cote D'Azur (NCE),10:30,"Retrasado, Ha salido 10:41",,,R15
,28/Nov/2025,Ryanair,FR6267,Edinburgh (EDI),10:30,"En hora, Ha salido",,,W44
,28/Nov/2025,easyJet Europe,EC4212,Napoli (NAP),10:35,"En hora, Ha salido",,,R9
,28/Nov/2025,Transavia,HV6064,Rotterdam (RTM),10:40,"En hora, Ha salido",,,U35
,28/Nov/2025,Easyjet,U22704,Bristol (BRS),10:50,"Retrasado, Ha salido 11:07",,,M3
,28/Nov/2025,Ryanair,FR5270,Manchester (MAN),10:55,"En hora, Ha salido",,,Y54
,28/Nov/2025,BUZZ,RR8384,Budapest (BUD),11:00,"En hora, Ha salido",,,S21
,28/Nov/2025,Ryanair,FR3166,Palermo (PMO),11:10,"En hora, Ha salido",,,S25
,28/Nov/2025,Ryanair,FR269,Milan (MXP),11:20,Cancelado 11:20,,,
,28/Nov/2025,FLYONE Armenia,3F232,Yerevan (EVN),11:30,Ha salido,,Airbus A320,W
,28/Nov/2025,Aer Lingus,EI563,Dublin (DUB),11:35,"En hora, Ha salido",,,Y58
,28/Nov/2025,Ryanair,FR3121,Beauvais (BVA),11:35,"En hora, Ha salido",,B38M,R14
,28/Nov/2025,Lauda Europe,LW2896,Palma de Mallorca (PMI),11:35,"En hora, Ha salido",,Airbus A320,S20
,28/Nov/2025,easyJet Europe,EC7141,Strasbourg (SXB),11:45,"En hora, Ha salido",,,R12
,28/Nov/2025,BUZZ,RR3049,Krakow (KRK),11:45,"En hora, Ha salido",,,U33
,28/Nov/2025,Easyjet,U28056,London (LGW),11:45,"En hora, Ha salido",,,M6
,28/Nov/2025,Icelandair,FI597,Keflavik (KEF),11:50,"Retrasado, Ha salido 12:56",,B752,S22
,28/Nov/2025,Ryanair,FR774,Torino (TRN),11:55,"En hora, Ha salido",,,U31
,28/Nov/2025,easyJet Europe,EC8064,London (LGW),12:15,"Retrasado, Ha salido 12:27",,,M8
,28/Nov/2025,Ryanair,FR4585,Porto (OPO),12:15,"En hora, Ha salido",,,U35
,28/Nov/2025,Norwegian Air Sweden AOC,D83657,Copenhagen (CPH),12:30,"Retrasado, Ha salido 12:47",,,U32
,28/Nov/2025,Ryanair,FR575,Bologna (BLQ),12:45,"En hora, Ha salido",,B38M,R11
,28/Nov/2025,Ryanair,FR58,Napoli (NAP),12:45,"Retrasado, Ha salido",,Boeing 737-800,U
,28/Nov/2025,Pegasus Airlines,PC1092,Istanbul (SAW),12:45,"En hora, Ha salido",,,Y55
,28/Nov/2025,Ryanair,FR6874,Dublin (DUB),12:55,"Retrasado, Ha salido 13:18",,B738,W42
,28/Nov/2025,Wizz Air,W67022,Bratislava (BTS),12:55,"Retrasado, Programado 15:25",,,
,28/Nov/2025,Wizz Air Malta,W46330,Milan (MXP),13:10,"Retrasado, Ha salido 13:42",,,S24
,28/Nov/2025,HiSky,H4264,Bucharest (OTP),13:20,"En hora, Ha salido",,A320,R13
,28/Nov/2025,Norwegian Air Shuttle,DY1741,Oslo (OSL),13:25,"En hora, Ha salido",,,S23
,28/Nov/2025,Pegasus Airlines,PC1528,Izmir (ADB),13:30,"En hora, Ha salido",,A320,Y57
,28/Nov/2025,Turkish Airlines,TK608,Ankara (ESB),13:40,"En hora, Ha salido",,B738,W45
,28/Nov/2025,Ryanair,FR6078,Ouarzazate (OZZ),13:50,"Retrasado, Programado 14:32",,,W42
,28/Nov/2025,Jet2,LS804,Manchester (MAN),13:50,"Retrasado, Ha salido 14:06",,,W44
,28/Nov/2025,Ryanair,FR3180,Rome (FCO),13:55,"En hora, Ha salido",,B738,S21
,28/Nov/2025,Air Baltic,BT684,Riga (RIX),14:05,"En hora, Ha salido",,BCS3,U35
,28/Nov/2025,easyJet Europe,EC7153,Milan (MXP),14:20,"En hora, Ha salido",,,R15
,28/Nov/2025,Lauda Europe,LW7351,Vienna (VIE),14:20,"En hora, Programado",,,R14
,28/Nov/2025,Transavia,TO4755,Paris (ORY),14:20,"Retrasado, Programado 14:40",,,U31
,28/Nov/2025,Ryanair,FR8215,London (STN),14:35,"En hora, Programado",,,Y58
,28/Nov/2025,easyJet Europe,EC7107,Geneva (GVA),14:40,"En hora, Programado",,,R11
,28/Nov/2025,Volotea,V71443,Ancona (AOI),14:45,"En hora, Programado",,,S20
,28/Nov/2025,Wizz Air,W64406,Sofia (SOF),14:50,"Retrasado, Programado 15:20",,,
,28/Nov/2025,Ryanair,FR2507,Cologne-Bonn (CGN),14:55,"En hora, Programado",,,S24
,28/Nov/2025,Ryanair,FR867,Venice (VCE),14:55,"En hora, Programado",,,U37
,28/Nov/2025,SmartWings,QS1059,Prague (PRG),14:55,"En hora, Programado",,,U32
,28/Nov/2025,Ryanair,FR1342,Palma de Mallorca (PMI),15:00,"En hora, Programado",,Boeing 737-800,U41
,28/Nov/2025,Ryanair,FR5718,Bratislava (BTS),15:10,"En hora, Ha salido",,,S22
,28/Nov/2025,Volotea,V73735,Corvera (RMU),15:15,"En hora, Ha salido",,Airbus A319,S21
,28/Nov/2025,Ryanair,FR483,Malaga (AGP),15:25,"Retrasado, Ha salido 17:08",,Boeing 737 MAX 8,R14
,28/Nov/2025,Wizz Air Malta,W46728,Venice (VCE),15:40,"En hora, Ha salido",,,S23
,28/Nov/2025,Pegasus Airlines,PC1094,Istanbul (SAW),15:45,"Retrasado, Ha salido 16:01",,,Y55
,28/Nov/2025,Ryanair,FR9045,London (STN),16:05,"Retrasado, Ha salido 17:18",,,Y57
,28/Nov/2025,Norwegian Air Sweden AOC,D85510,Copenhagen (CPH),16:15,"En hora, Ha salido",,,U41
,28/Nov/2025,Ryanair,FR2925,Brussels (BRU),16:15,"En hora, Ha salido",,,U35
,28/Nov/2025,Ryanair,FR6985,Rome (FCO),16:15,"En hora, Ha salido",,,U31
,28/Nov/2025,Wizz Air Malta,W43564,Timisoara (TSR),16:25,"En hora, Ha salido",,,S20
,28/Nov/2025,Ryanair,FR3129,Ibiza (IBZ),16:45,"En hora, Ha salido",,,R12
,28/Nov/2025,easyJet Europe,EC7173,Berlin (BER),16:50,"Retrasado, Ha salido 17:05",,,R11
,28/Nov/2025,Volotea,V73700,Vitoria (VIT),16:50,"En hora, Ha salido",,,S22
,28/Nov/2025,Ryanair,FR878,Venice (VCE),16:55,"En hora, Ha salido",,,U33
,28/Nov/2025,Ryanair,FR4587,Porto (OPO),17:05,"En hora, Ha salido",,,S24
,28/Nov/2025,Wizz Air,W67920,Kopitnari (KUT),17:15,"En hora, Ha salido",,,Y54
,28/Nov/2025,Ryanair,FR3076,Stockholm (ARN),17:30,"En hora, Ha salido",,,U34
,28/Nov/2025,Volotea,V73573,Asturias (OVD),17:40,"En hora, Ha salido",,,S21
,28/Nov/2025,Transavia,HV5134,Amsterdam (AMS),17:45,"Retrasado, Ha salido 19:37",,,U35
,28/Nov/2025,Ryanair,FR6341,Rome (FCO),18:00,"En hora, Ha salido",,,U33
,28/Nov/2025,Ryanair,FR6353,Milan (BGY),18:00,"En hora, Ha salido",,,S20
,28/Nov/2025,easyJet Europe,EC7205,Southampton (SOU),18:10,"En hora, Ha salido",,,M8
,28/Nov/2025,Air Arabia Maroc,3O398,Rabat (RBA),18:30,"Retrasado, Ha salido 18:46",,,W45
,28/Nov/2025,FlyOne,5F5512,Chisinau (KIV),18:30,"En hora, Ha salido",,,Y55
,28/Nov/2025,Wizz Air Malta,W43686,Iasi (IAS),18:30,"En hora, Ha salido",,,S22
,28/Nov/2025,Ryanair,FR2098,Bologna (BLQ),18:35,"En hora, Ha salido",,,U31
,28/Nov/2025,easyJet Europe,EC7103,"Basel, Switzerland/Mulhouse (BSL)",18:45,"En hora, Ha salido",,,R11
,28/Nov/2025,Ryanair,FR3189,Fes (FEZ),18:50,"Retrasado, Ha salido 19:01",,,Y58
,28/Nov/2025,Wizz Air,W61478,Warsaw (WAW),19:00,"En hora, Ha salido",,,S25
,28/Nov/2025,easyJet Europe,EC7155,Milan (MXP),19:10,"En hora, Ha salido",,,R12
,28/Nov/2025,Ryanair,FR149,Berlin (BER),19:15,"En hora, Ha salido",,,U32
,28/Nov/2025,Ryanair,FR3078,Lisbon (LIS),19:20,"En hora, Ha salido",,,S23
,28/Nov/2025,BUZZ,RR6330,Sofia (SOF),19:20,"En hora, Ha salido",,,S24
,28/Nov/2025,Volotea,V72165,Nantes/Atlantique (NTE),19:30,"En hora, Ha salido",,,S20
,28/Nov/2025,Eurowings,EW9443,Dusseldorf (DUS),19:35,"Retrasado, Ha salido 19:49",,,U34
,28/Nov/2025,Ryanair,FR2330,Al Aaroui (NDR),19:35,"En hora, Ha salido",,,W42
,28/Nov/2025,Lauda Europe,LW7362,Vienna (VIE),19:40,"Retrasado, Ha salido 20:22",,,R14
,28/Nov/2025,Easyjet,U28058,London (LGW),19:40,"En hora, Ha salido",,,M6
,28/Nov/2025,Ryanair,FR6374,Beauvais (BVA),19:45,"Retrasado, Ha salido 20:12",,,U37
,28/Nov/2025,Eurowings,EW2521,Stuttgart (STR),19:55,"Retrasado, Ha salido 20:31",,,U33
,28/Nov/2025,Volotea,V71415,Verona (VRN),19:55,"En hora, Ha salido",,,S21
,28/Nov/2025,Wizz Air,W64666,Larnaca (LCA),19:55,"En hora, Ha salido",,,Y54
,28/Nov/2025,Ryanair,FR1527,Valletta (MLA),20:05,"En hora, Ha salido",,,R13
,28/Nov/2025,Ryanair,FR2402,Sevilla (SVQ),20:10,"Retrasado, Ha salido 21:05",,Boeing 737 MAX 8,R13
,28/Nov/2025,Ryanair,FR6275,Edinburgh (EDI),20:10,"Retrasado, Ha salido 20:24",,,Y55
,28/Nov/2025,Ryanair,FR6305,Milan (BGY),20:10,"En hora, Ha salido",,,U31
,28/Nov/2025,Wizz Air,W62096,Krakow (KRK),20:10,"En hora, Ha salido",,,S25
,28/Nov/2025,easyJet Europe,EC1956,Milan (LIN),20:15,"En hora, Ha salido",,,R11
,28/Nov/2025,Wizz Air Malta,W42940,Vienna (VIE),20:20,"En hora, Ha salido",,,S22
,28/Nov/2025,Ryanair,FR3792,Birmingham (BHX),20:25,"En hora, Ha salido",,,W45
,28/Nov/2025,T'Way Air,TW408,Seoul/Incheon (ICN),20:30,"En hora, Ha salido",,,W44
,28/Nov/2025,Volotea,V72135,Bordeaux (BOD),20:30,"Retrasado, Ha salido 20:40",,,S24
,28/Nov/2025,Ryanair,FR7539,Milan (MXP),20:35,"En hora, Ha salido",,,S23
,28/Nov/2025,Ryanair,FR8631,Tanger (TNG),20:35,"Retrasado, Programado 21:40",,,Y55
,28/Nov/2025,Air Serbia,JU585,Belgrade (BEG),20:35,"En hora, Ha salido",,,Y58
,28/Nov/2025,BUZZ,RR1786,Vilnius (VNO),20:35,"Retrasado, Ha salido 20:58",,,U34
,28/Nov/2025,Luxair,LG3592,Luxembourg (LUX),20:40,"Retrasado, Ha salido 20:59",,,R12
,28/Nov/2025,Wizz Air,W62378,Budapest (BUD),20:45,"Retrasado, Ha salido 21:02",,,S20
,28/Nov/2025,Ryanair,FR5710,Napoli (NAP),20:50,"Retrasado, Ha salido 21:25",,,U35
,28/Nov/2025,Transavia,TO4759,Paris (ORY),20:50,"Retrasado, Ha salido 21:13",,,U32
,28/Nov/2025,Easyjet,U22326,London (LTN),20:55,"En hora, Ha salido",,,M8
,28/Nov/2025,BUZZ,RR8394,Budapest (BUD),21:00,"En hora, Ha salido",,,R9
,28/Nov/2025,Aer Lingus,EI565,Dublin (DUB),21:05,"Retrasado, Ha salido 21:56",,,Y54
,28/Nov/2025,Easyjet,U23374,Liverpool (LPL),21:05,"Retrasado, Ha salido 21:34",,,M6
,28/Nov/2025,Ryanair,FR3174,Ibiza (IBZ),21:10,"Retrasado, Ha salido 21:23",,,R10
,28/Nov/2025,easyJet Europe,EC1380,Geneva (GVA),21:15,"En hora, Ha salido",,,R14
,28/Nov/2025,Wizz Air Malta,W43178,Bucharest (BBU),21:20,"En hora, Ha salido",,,S21
,28/Nov/2025,Wizz Air Malta,W43406,Cluj-Napoca (CLJ),21:25,"En hora, Ha salido",,,S25
,28/Nov/2025,BUZZ,RR6944,Warsaw (WMI),21:30,"En hora, Ha salido",,,R11
,28/Nov/2025,Ryanair,FR7808,London (LTN),21:35,"En hora, Ha salido",,,Y57
,28/Nov/2025,Wizz Air Malta,W46020,Rome (FCO),21:35,"En hora, Ha salido",,,S22
,28/Nov/2025,Ryanair,FR8669,Dublin (DUB),21:40,"Retrasado, Ha salido 21:53",,,W46
,28/Nov/2025,Ryanair,FR9811,London (STN),21:40,"En hora, Ha salido",,,W45
,28/Nov/2025,easyJet Europe,EC7682,Lisbon (LIS),21:45,"En hora, Ha salido",,,R12
,28/Nov/2025,Ryanair,FR2495,Palma de Mallorca (PMI),21:45,"En hora, Ha salido",,Boeing 737-800,S23
,28/Nov/2025,Ryanair,FR6597,Manchester (MAN),21:45,"En hora, Ha salido",,,W42
,28/Nov/2025,Ryanair,FR2250,Marrakech (RAK),21:55,"En hora, Programado",,,Y58
,28/Nov/2025,Wizz Air,W64116,Belgrade (BEG),21:55,"En hora, Ha salido",,,W44
,28/Nov/2025,Ryanair,FR3080,Malaga (AGP),22:30,"En hora, Programado",,Boeing 737 MAX 8,R
,28/Nov/2025,Wizz Air Malta,W45154,Tirana (TIA),22:45,"En hora, Programado",,,Y57
,28/Nov/2025,Wizz Air,W61706,Gdansk (GDN),22:50,"En hora, Programado",,,S24
,28/Nov/2025,Ryanair,FR9814,London (STN),23:10,"En hora, Programado",,,Y58
,29/Nov/2025,Ryanair,FR846,Milan (BGY),06:00,"En hora, Ha salido",,,U31
,29/Nov/2025,easyJet Europe,EC7105,Geneva (GVA),06:10,"En hora, Ha salido",,,R11
,29/Nov/2025,Ryanair,FR5718,Bratislava (BTS),06:10,"En hora, Ha salido",,,S22
,29/Nov/2025,Ryanair,FR4545,Porto (OPO),06:15,"En hora, Ha salido",,,U35
,29/Nov/2025,Ryanair,FR1342,Palma de Mallorca (PMI),06:20,"En hora, Ha salido",189.0,Boeing 737-800,S25
,29/Nov/2025,Ryanair,FR777,Venice (VCE),06:30,"En hora, Ha salido",,,U32
,29/Nov/2025,easyJet Europe,EC7151,Milan (MXP),07:30,"En hora, Ha salido",,,R15
,29/Nov/2025,Ryanair,FR2918,Brussels (BRU),08:05,"En hora, Ha salido",,,U34
,29/Nov/2025,Ryanair,FR3180,Rome (FCO),08:15,"En hora, Ha salido",,,R13
,29/Nov/2025,Air Arabia Maroc,3O376,Al Aaroui (NDR),08:35,"En hora, Ha salido",,,W44
,29/Nov/2025,Ryanair,FR1165,Sevilla (SVQ),08:50,"En hora, Ha salido",197.0,Boeing 737 MAX 8,U35
,29/Nov/2025,Ryanair,FR575,Bologna (BLQ),08:50,"En hora, Ha salido",,,U31
,29/Nov/2025,Ryanair,FR3166,Palermo (PMO),09:00,"En hora, Ha salido",,,S23
,29/Nov/2025,Wizz Air Malta,W43938,Chisinau (KIV),09:00,"Retrasado, Ha salido 09:15",,,W45
,29/Nov/2025,Wizz Air,W62048,Krakow (KRK),09:05,"En hora, Ha salido",,,S21
,29/Nov/2025,Ryanair,FR2834,Charleroi (CRL),09:15,"En hora, Ha salido",,,R14
,29/Nov/2025,Ryanair,FR133,Berlin (BER),09:20,"En hora, Ha salido",,,S22
,29/Nov/2025,Ryanair,FR2239,Marrakech (RAK),09:20,"En hora, Ha salido",,,Y55
,29/Nov/2025,Ryanair,FR3028,Ibiza (IBZ),09:20,"En hora, Ha salido",,,R11
,29/Nov/2025,Wizz Air,W61914,Vilnius (VNO),09:20,"Retrasado, Ha salido 11:55",,,S24
,29/Nov/2025,Wizz Air Malta,W43176,Bucharest (OTP),09:25,"Retrasado, Ha salido 09:41",,,U38
,29/Nov/2025,Wizz Air,W62376,Budapest (BUD),09:25,"Retrasado, Ha salido 11:45",,,S25
,29/Nov/2025,BUZZ,RR3049,Krakow (KRK),09:30,"En hora, Ha salido",,,R12
,29/Nov/2025,Wizz Air Malta,W42938,Vienna (VIE),09:35,"En hora, Ha salido",,,U32
,29/Nov/2025,Air Serbia,JU581,Belgrade (BEG),09:55,"Retrasado, Ha salido 11:03",,A319,W46
,29/Nov/2025,Ryanair,FR6559,Liverpool (LPL),10:00,"En hora, Ha salido",,B738,Y58
,29/Nov/2025,Wizz Air Malta,W46018,Rome (FCO),10:00,"En hora, Ha salido",,,U35
,29/Nov/2025,Transavia,HV5132,Amsterdam (AMS),10:05,"En hora, Ha salido",,,U34
,29/Nov/2025,Wizz Air,W61476,Warsaw (WAW),10:15,"En hora, Ha salido",,,U31
,29/Nov/2025,Ryanair,FR9171,Stockholm (ARN),10:20,"En hora, Ha salido",,B38M,S21
,29/Nov/2025,Easyjet,U22326,London (LTN),10:20,"En hora, Ha salido",,,M8
,29/Nov/2025,Ryanair,FR3168,Newcastle (NCL),10:25,"En hora, Ha salido",,B738,Y55
,29/Nov/2025,Ryanair,FR9307,Cork (ORK),10:30,"Retrasado, Ha salido 10:50",,,W44
,29/Nov/2025,Lauda Europe,LW12,Vienna (VIE),10:30,"En hora, Ha salido",,,R13
,29/Nov/2025,Easyjet,U28056,London (LGW),10:35,"En hora, Ha salido",,,M1
,29/Nov/2025,Azerbaijan Airlines,J246,Baku (GYD),10:45,"Retrasado, Ha salido 11:03",,A319,W45
,29/Nov/2025,SkyUp MT,U5406,Chisinau (KIV),10:50,"En hora, Ha salido",,,W42
,29/Nov/2025,Easyjet,U22704,Bristol (BRS),10:55,"En hora, Ha salido",,A20N,M3
,29/Nov/2025,Ryanair,FR6394,Dublin (DUB),11:00,"En hora, Ha salido",,B38M,Y59
,29/Nov/2025,Ryanair,FR4597,Porto (OPO),11:20,"En hora, Ha salido",,,U31
,29/Nov/2025,easyJet Europe,EC7193,Leeds Bradford (LBA),11:30,"En hora, Ha salido",,,M8
,29/Nov/2025,Aer Lingus,EI563,Dublin (DUB),11:30,"Retrasado, Ha salido 11:57",,,Y54
,29/Nov/2025,Ryanair,FR2507,Cologne-Bonn (CGN),11:55,"En hora, Ha salido",,,S23
,29/Nov/2025,Ryanair,FR3108,Luxembourg (LUX),12:05,"Retrasado, Ha salido 12:20",,,U37
,29/Nov/2025,easyJet Europe,EC8064,London (LGW),12:10,"En hora, Ha salido",,,M6
,29/Nov/2025,Ryanair,FR8231,London (STN),12:25,"Retrasado, Ha salido 12:38",,,Y58
,29/Nov/2025,Pegasus Airlines,PC1092,Istanbul (SAW),12:45,"Retrasado, Ha salido 13:00",,,W45
,29/Nov/2025,Wizz Air,W67022,Bratislava (BTS),12:55,"En hora, Ha salido",,,U31
,29/Nov/2025,Ryanair,FR483,Malaga (AGP),13:05,"Retrasado, Ha salido 13:40",189.0,Boeing 737-800,S21
,29/Nov/2025,Boliviana de Aviacion,OB775,Santa Cruz (VVI),13:10,"Retrasado, Programado 14:21",,,Y56
,29/Nov/2025,Wizz Air Malta,W46330,Milan (MXP),13:10,"En hora, Ha salido",,,S25
,29/Nov/2025,easyJet Europe,EC7101,"Basel, Switzerland/Mulhouse (BSL)",13:20,"En hora, Ha salido",,,R9
,29/Nov/2025,Ryanair,FR7808,London (LTN),13:20,"Retrasado, Ha salido 13:33",,,Y59
,29/Nov/2025,Ryanair UK,RK6597,Manchester (MAN),13:25,"En hora, Ha salido",,,Y54
,29/Nov/2025,Ryanair,FR2098,Bologna (BLQ),13:30,"En hora, Ha salido",,,S20
,29/Nov/2025,Air Arabia Maroc,3O378,Tanger (TNG),13:35,"Retrasado, Ha salido 14:00",,,W46
,29/Nov/2025,easyJet Europe,EC7153,Milan (MXP),13:35,"En hora, Ha salido",,,R10
,29/Nov/2025,AJet 608,VF608,Ankara (ESB),13:40,"En hora, Programado",186.0,Airbus A320,W42
,29/Nov/2025,Ryanair,FR1681,Frankfurt-Hahn (HHN),14:00,"En hora, Ha salido",,,S23
,29/Nov/2025,Air Baltic,BT684,Riga (RIX),14:05,"Retrasado, Programado 14:21",,,U35
,29/Nov/2025,BUZZ,RR6920,Dublin (DUB),14:05,"En hora, Programado",,,W45
,29/Nov/2025,Ryanair,FR58,Napoli (NAP),14:15,"En hora, Programado",,,U32
,29/Nov/2025,Kuwait Airways,KU136,Kuwait City (KWI),14:25,"En hora, Programado",,,
,29/Nov/2025,Ryanair,FR3070,Palma de Mallorca (PMI),14:40,"En hora, Programado",189.0,Boeing 737-800,U41
,29/Nov/2025,Ryanair,FR774,Torino (TRN),14:45,"En hora, Programado",,,S24
,29/Nov/2025,Ryanair,FR3121,Beauvais (BVA),14:50,"En hora, Programado",,,U33
,29/Nov/2025,Ryanair,FR6300,Sofia (SOF),14:55,"En hora, Programado",,,U37
,29/Nov/2025,Ryanair,FR3189,Fes (FEZ),15:30,"En hora, Ha salido",,B738,Y57
,29/Nov/2025,Wizz Air Malta,W46728,Venice (VCE),15:40,"En hora, Ha salido",,,U34
,29/Nov/2025,Ryanair,FR3807,Charleroi (CRL),16:05,"En hora, Ha salido",,,U37
,29/Nov/2025,BUZZ,RR8384,Budapest (BUD),16:10,"En hora, Ha salido",,,U31
,29/Nov/2025,Ryanair,FR7543,Manchester (MAN),16:20,"Retrasado, Ha salido 16:31",,,Y55
,29/Nov/2025,Ryanair,FR3146,Oujda (OUD),16:45,"En hora, Ha salido",,,Y59
,29/Nov/2025,Ryanair,FR269,Milan (MXP),16:50,"En hora, Ha salido",,,U41
,29/Nov/2025,Ryanair,FR9015,London (STN),17:00,"En hora, Ha salido",,,W46
,29/Nov/2025,Ryanair,FR5752,Valletta (MLA),17:10,"Retrasado, Ha salido 18:04",,B738,S25
,29/Nov/2025,Ryanair,FR6874,Dublin (DUB),17:40,"En hora, Ha salido",,,Y54
,29/Nov/2025,Ryanair,FR2233,Al Aaroui (NDR),17:50,"En hora, Ha salido",,,W42
,29/Nov/2025,Ryanair,FR2925,Brussels (BRU),17:50,"En hora, Ha salido",,B38M,S24
,29/Nov/2025,Ryanair,FR6353,Milan (BGY),17:55,"En hora, Ha salido",,,U31
,29/Nov/2025,Bluebird Airways,BZ251,Tel Aviv (TLV),18:00,"Retrasado, Ha salido 18:28",,,Y59
,29/Nov/2025,easyJet Europe,EC7103,"Basel, Switzerland/Mulhouse (BSL)",18:00,"En hora, Ha salido",,,R11
,29/Nov/2025,Norwegian Air Shuttle,DY1741,Oslo (OSL),18:15,"Retrasado, Ha salido 18:40",,B738,U32
,29/Nov/2025,Ryanair,FR878,Venice (VCE),18:15,"Retrasado, Ha salido 18:37",,,U33
,29/Nov/2025,Transavia,HV5134,Amsterdam (AMS),18:15,"Retrasado, Ha salido 18:28",,,U35
,29/Nov/2025,Ryanair,FR3035,Krakow (KRK),18:20,"En hora, Ha salido",,,S20
,29/Nov/2025,Ryanair,FR3792,Birmingham (BHX),18:55,"En hora, Ha salido",,B38M,Y55
,29/Nov/2025,Wizz Air,W61176,Katowice (KTW),18:55,"En hora, Ha salido",,A21N,S22
,29/Nov/2025,Wizz Air,W61478,Warsaw (WAW),19:00,"En hora, Ha salido",,,S21
,29/Nov/2025,Ryanair,FR9045,London (STN),19:05,"En hora, Ha salido",,,W45
,29/Nov/2025,Ryanair,FR5270,Manchester (MAN),19:20,"En hora, Ha salido",,,W42
,29/Nov/2025,Volotea,V72327,Strasbourg (SXB),19:20,"Retrasado, Ha salido 19:32",,A320,S25
,29/Nov/2025,Transavia,TO4757,Paris (ORY),19:25,"En hora, Ha salido",,,U31
,29/Nov/2025,Ryanair,FR149,Berlin (BER),19:35,"Retrasado, Ha salido 19:54",,,U32
,29/Nov/2025,Wizz Air,W64406,Sofia (SOF),19:35,"Retrasado, Ha salido 20:22",,,S23
,29/Nov/2025,Air Baltic,BT878,Tallinn (TLL),19:40,"Retrasado, Ha salido 19:51",,BCS3,S24
,29/Nov/2025,Ryanair,FR3078,Lisbon (LIS),19:55,"En hora, Ha salido",,,S20
,29/Nov/2025,Lauda Europe,LW7351,Vienna (VIE),20:05,"En hora, Ha salido",,,R14
,29/Nov/2025,easyJet Europe,EC1380,Geneva (GVA),20:10,"En hora, Ha salido",,,R11
,29/Nov/2025,Ryanair,FR867,Venice (VCE),20:20,"Retrasado, Ha salido 20:44",,,U31
,29/Nov/2025,Ryanair,FR9581,Sevilla (SVQ),20:25,"En hora, Ha salido",,,S22
,29/Nov/2025,T'Way Air,TW408,Seoul/Incheon (ICN),20:30,"Retrasado, Programado 21:50",,,W44
,29/Nov/2025,Ryanair,FR3182,Malaga (AGP),20:45,"En hora, Ha salido",,,S21
,29/Nov/2025,Ryanair,FR3928,Trieste (TRS),20:45,"En hora, Ha salido",,,U33
,29/Nov/2025,Transavia,TO4759,Paris (ORY),20:45,"En hora, Ha salido",,,S25
,29/Nov/2025,Wizz Air,W62378,Budapest (BUD),20:45,"En hora, Ha salido",,,U35
,29/Nov/2025,Ryanair,FR4585,Porto (OPO),20:50,"En hora, Ha salido",,,U34
,29/Nov/2025,Ryanair,FR6267,Edinburgh (EDI),20:55,"En hora, Ha salido",,,W46
,29/Nov/2025,Ryanair,FR3174,Ibiza (IBZ),21:20,"En hora, Ha salido",,,S22
,29/Nov/2025,Wizz Air Malta,W43178,Bucharest (BBU),21:20,"En hora, Ha salido",,,U32
,29/Nov/2025,Wizz Air Malta,W43406,Cluj-Napoca (CLJ),21:25,"En hora, Ha salido",,,S24
,29/Nov/2025,Ryanair,FR5220,Bologna (BLQ),21:30,"En hora, Ha salido",,,S20
,29/Nov/2025,BUZZ,RR3039,Prague (PRG),21:35,"En hora, Ha salido",,,R14
,29/Nov/2025,Wizz Air Malta,W46020,Rome (FCO),21:35,"En hora, Programado",,,S23
,29/Nov/2025,Ryanair,FR3800,Birmingham (BHX),21:55,"Retrasado, Programado 22:05",,,Y55
,29/Nov/2025,Ryanair,FR8574,Rome (FCO),22:10,"En hora, Programado",,,U35
,29/Nov/2025,Wizz Air,W64116,Belgrade (BEG),22:10,"Retrasado, Programado 22:45",239.0,Airbus A321neo,W
,29/Nov/2025,Air Arabia Maroc,3O642,Tanger (TNG),22:15,"En hora, Programado",,,Y57
,30/Nov/2025,Ryanair,FR3180,Rome (FCO),06:00,"En hora, Ha salido",,,S20
,30/Nov/2025,Ryanair,FR2834,Charleroi (CRL),06:10,"En hora, Ha salido",,,U34
,30/Nov/2025,Ryanair,FR2918,Brussels (BRU),06:25,"En hora, Ha salido",,,S24
,30/Nov/2025,Ryanair,FR4084,Warsaw (WMI),06:25,"En hora, Ha salido",,,U35
,30/Nov/2025,Ryanair,FR2239,Marrakech (RAK),06:30,"En hora, Ha salido",,B738,W45
,30/Nov/2025,Ryanair,FR2507,Cologne-Bonn (CGN),06:40,"En hora, Ha salido",,,U31
,30/Nov/2025,easyJet Europe,EC7101,"Basel, Switzerland/Mulhouse (BSL)",06:50,"En hora, Ha salido",,,R10
,30/Nov/2025,easyJet Europe,EC7191,Glasgow (GLA),07:20,"En hora, Ha salido",,,M8
,30/Nov/2025,Ryanair,FR6597,Manchester (MAN),07:30,"En hora, Ha salido",,B738,W44
,30/Nov/2025,Ryanair,FR3108,Luxembourg (LUX),07:35,"En hora, Ha salido",,,S23
,30/Nov/2025,Ryanair,FR1165,Sevilla (SVQ),07:50,"En hora, Ha salido",189.0,Boeing 737-800,S25
,30/Nov/2025,Norwegian Air Sweden AOC,D85510,Copenhagen (CPH),08:00,"En hora, Ha salido",,,U37
,30/Nov/2025,easyJet Europe,EC7131,Nice/Cote D'Azur (NCE),08:00,"En hora, Ha salido",,,R12
,30/Nov/2025,easyJet Europe,EC3754,Milan (MXP),08:25,"En hora, Ha salido",,,R10
,30/Nov/2025,Ryanair,FR878,Venice (VCE),08:30,"En hora, Ha salido",,,U35
,30/Nov/2025,easyJet Europe,EC1376,Geneva (GVA),08:35,"En hora, Ha salido",,,R11
,30/Nov/2025,Volotea,V73735,Murcia (RMU),08:40,"En hora, Ha salido",180.0,Airbus A320,S20
,30/Nov/2025,BUZZ,RR1786,Vilnius (VNO),09:00,"En hora, Ha salido",,,U33
,30/Nov/2025,Ryanair,FR3028,Ibiza (IBZ),09:05,"En hora, Ha salido",,,S21
,30/Nov/2025,Wizz Air,W62048,Krakow (KRK),09:05,"Retrasado, Ha salido 09:48",,A21N,S24
,30/Nov/2025,BUZZ,RR3193,Riga (RIX),09:10,"En hora, Ha salido",,,U34
,30/Nov/2025,Eurowings,EW7521,Hamburg (HAM),09:25,"Retrasado, Ha salido 09:37",,,U31
,30/Nov/2025,Wizz Air Malta,W43176,Bucharest (OTP),09:25,"En hora, Ha salido",,,S23
,30/Nov/2025,Wizz Air Malta,W45088,Tirana (TIA),09:25,"En hora, Ha salido",,,W45
,30/Nov/2025,Wizz Air,W62376,Budapest (BUD),09:25,"Retrasado, Ha salido 09:43",,A20N,S25
,30/Nov/2025,Ryanair,FR4545,Porto (OPO),09:35,"En hora, Ha salido",,,R12
,30/Nov/2025,Wizz Air Malta,W42938,Vienna (VIE),09:35,"En hora, Ha salido",,A21N,S22
,30/Nov/2025,easyJet Europe,EC7656,Lisbon (LIS),09:45,"En hora, Ha salido",,,R10
,30/Nov/2025,BUZZ,RR333,Gdansk (GDN),09:45,"Retrasado, Ha salido 11:36",,,U35
,30/Nov/2025,BUZZ,RR8384,Budapest (BUD),09:45,"Retrasado, Ha salido 10:34",,,S20
,30/Nov/2025,Ryanair,FR2495,Palma de Mallorca (PMI),09:50,"En hora, Ha salido",189.0,Boeing 737-800,R11
,30/Nov/2025,Ryanair,FR6341,Rome (FCO),09:55,"En hora, Ha salido",,,U37
,30/Nov/2025,BUZZ,RR3049,Krakow (KRK),09:55,"Retrasado, Ha salido 10:19",,,R14
,30/Nov/2025,Ryanair,FR8231,London (STN),10:00,"En hora, Ha salido",,,W46
,30/Nov/2025,Wizz Air Malta,W46018,Rome (FCO),10:00,"En hora, Ha salido",,,U35
,30/Nov/2025,Ryanair,FR6874,Dublin (DUB),10:05,"En hora, Ha salido",,B38M,Y54
,30/Nov/2025,Lauda Europe,LW7351,Vienna (VIE),10:10,"En hora, Ha salido",,,S21
,30/Nov/2025,Wizz Air,W61476,Warsaw (WAW),10:15,"En hora, Ha salido",,,U33
,30/Nov/2025,Ryanair,FR575,Bologna (BLQ),10:20,"En hora, Ha salido",,,U34
,30/Nov/2025,Ryanair,FR6267,Edinburgh (EDI),10:30,"En hora, Ha salido",,,Y57
,30/Nov/2025,Ryanair,FR7543,Manchester (MAN),10:40,"En hora, Ha salido",,,W44
,30/Nov/2025,Ryanair,FR1279,Copenhagen (CPH),10:45,"En hora, Ha salido",,,S23
,30/Nov/2025,Ryanair,FR3143,Milan (BGY),10:45,"En hora, Ha salido",,,U31
,30/Nov/2025,Azerbaijan Airlines,J246,Baku (GYD),10:45,"Retrasado, Ha salido 11:12",,,Y58
,30/Nov/2025,Ryanair,FR3166,Palermo (PMO),11:00,"Retrasado, Ha salido 11:20",,,S25
,30/Nov/2025,Norwegian Air Shuttle,DY1741,Oslo (OSL),11:15,En hora,189.0,Boeing 737 MAX 8,S
,30/Nov/2025,Aer Lingus,EI563,Dublin (DUB),11:30,"En hora, Ha salido",,,W45
,30/Nov/2025,easyJet Europe,EC7139,Rennes/Saint-Jacques (RNS),11:45,"En hora, Ha salido",,,R9
,30/Nov/2025,Icelandair,FI597,Keflavik (KEF),11:50,"En hora, Ha salido",,,R13
,30/Nov/2025,Lauda Europe,LW2889,Palma de Mallorca (PMI),11:55,"En hora, Ha salido",180.0,Airbus A320,R14
,30/Nov/2025,Volotea,V72327,Strasbourg (SXB),11:55,"En hora, Ha salido",,,S20
,30/Nov/2025,Ryanair,FR3129,Ibiza (IBZ),12:05,"En hora, Ha salido",,,S21
,30/Nov/2025,Ryanair,FR3976,Dublin (DUB),12:25,"En hora, Ha salido",,,W42
,30/Nov/2025,Ryanair,FR1527,Valletta (MLA),12:30,"En hora, Ha salido",,,U33
,30/Nov/2025,Ryanair,FR2402,Sevilla (SVQ),12:30,"En hora, Ha salido",189.0,Boeing 737-800,S25
,30/Nov/2025,Volotea,V72167,Lille/Lesquin (LIL),12:35,"En hora, Ha salido",,,S22
,30/Nov/2025,Ryanair,FR6300,Sofia (SOF),12:45,"En hora, Ha salido",,,S23
,30/Nov/2025,Pegasus Airlines,PC1092,Istanbul (SAW),12:45,"En hora, Ha salido",,,Y55
,30/Nov/2025,Ryanair,FR2511,Cologne-Bonn (CGN),12:55,"En hora, Ha salido",,,U34
,30/Nov/2025,Ryanair,FR8598,Reggio Calabria (REG),13:05,"En hora, Ha salido",,,U32
,30/Nov/2025,Volotea,V71445,Olbia (OLB),13:05,"En hora, Ha salido",,,S20
,30/Nov/2025,Wizz Air Malta,W46330,Milan (MXP),13:10,"Retrasado, Ha salido 13:27",,,S24
,30/Nov/2025,Ryanair,FR3121,Beauvais (BVA),13:20,"En hora, Ha salido",,,U31
,30/Nov/2025,Easyjet,U28056,London (LGW),13:25,"En hora, Ha salido",,,M6
,30/Nov/2025,easyJet Europe,EC1380,Geneva (GVA),13:40,"En hora, Ha salido",,,R9
,30/Nov/2025,Ryanair,FR9811,London (STN),13:40,"En hora, Ha salido",,,W45
,30/Nov/2025,Ryanair,FR483,Malaga (AGP),13:50,En hora,189.0,Boeing 737-800,S
,30/Nov/2025,Air Baltic,BT684,Riga (RIX),14:05,"En hora, Programado",,,S23
,30/Nov/2025,easyJet Europe,EC7153,Milan (MXP),14:05,"En hora, Ha salido",,,R10
,30/Nov/2025,Ryanair,FR1342,Palma de Mallorca (PMI),14:05,"En hora, Ha salido",189.0,Boeing 737-800,U35
,30/Nov/2025,Ryanair,FR6920,Dublin (DUB),14:05,"En hora, Programado",,,W44
,30/Nov/2025,Ryanair,FR4585,Porto (OPO),14:10,"En hora, Programado",,,S25
,30/Nov/2025,SunExpress,XQ895,Izmir (ADB),14:15,"En hora, Programado",,,Y54
,30/Nov/2025,Transavia,HV5132,Amsterdam (AMS),14:20,"En hora, Programado",,,
,30/Nov/2025,easyJet Europe,EC7107,Geneva (GVA),14:25,"En hora, Programado",,,R12
,30/Nov/2025,Norwegian Air Sweden AOC,D85502,Stockholm (ARN),14:40,"En hora, Programado",,,U37
,30/Nov/2025,Bluebird Airways,BZ251,Tel Aviv (TLV),14:45,"En hora, Programado",,,
,30/Nov/2025,Ryanair,FR269,Milan (MXP),14:55,"En hora, Programado",,,S21
,30/Nov/2025,SmartWings,QS1059,Prague (PRG),14:55,"En hora, Programado",,,
,30/Nov/2025,Ryanair,FR3320,Milan (BGY),15:00,"En hora, Programado",,,S22
,30/Nov/2025,Ryanair,FR774,Torino (TRN),15:15,"En hora, Ha salido",,,S22
,30/Nov/2025,BUZZ,RR3072,Prague (PRG),15:15,"En hora, Ha salido",,,S20
,30/Nov/2025,Transavia,TO4755,Paris (ORY),15:15,"Retrasado, Ha salido 15:28",,,U31
,30/Nov/2025,easyJet Europe,EC7694,Lisbon (LIS),15:20,"Retrasado, Ha salido 15:33",,,U33
,30/Nov/2025,Ryanair,FR6973,Rome (FCO),15:30,"Retrasado, Ha salido 15:33",,,R10
,30/Nov/2025,Air Arabia Maroc,3O378,Tanger (TNG),15:35,"Retrasado, Ha salido 15:54",,,S24
,30/Nov/2025,Wizz Air Malta,W46728,Venice (VCE),15:40,"En hora, Ha salido",,,Y55
,30/Nov/2025,Ryanair,FR133,Berlin (BER),16:15,"En hora, Ha salido",,,U35
,30/Nov/2025,Ryanair,FR2922,Brussels (BRU),16:15,"En hora, Ha salido",,,S25
,30/Nov/2025,easyJet Europe,EC7173,Berlin (BER),16:30,"En hora, Ha salido",,,S23
,30/Nov/2025,Ryanair,FR9814,London (STN),16:40,"En hora, Ha salido",,,R11
,30/Nov/2025,Ryanair,FR8669,Dublin (DUB),16:55,"En hora, Ha salido",,,W44
,30/Nov/2025,Air Arabia Maroc,3O374,Casablanca (CMN),17:00,"En hora, Ha salido",,,W42
,30/Nov/2025,Ryanair,FR2250,Marrakech (RAK),17:00,"Retrasado, Ha salido 17:10",,,Y57
,30/Nov/2025,BUZZ,RR8394,Budapest (BUD),17:15,"Retrasado, Ha salido 17:18",,,Y55
,30/Nov/2025,Ryanair,FR5718,Bratislava (BTS),17:20,"Retrasado, Ha salido 17:25",,,U33
,30/Nov/2025,Ryanair,FR12,Vienna (VIE),17:40,"En hora, Ha salido",,,S21
,30/Nov/2025,Volotea,V73573,Asturias (OVD),17:40,"Retrasado, Ha salido 18:08",,,S23
,30/Nov/2025,BUZZ,RR5252,Krakow (KRK),17:50,"En hora, Ha salido",,,U35
,30/Nov/2025,Ryanair,FR1681,Frankfurt-Hahn (HHN),18:00,"En hora, Ha salido",,,U32
,30/Nov/2025,Ryanair,FR777,Venice (VCE),18:00,"En hora, Ha salido",,,U31
,30/Nov/2025,Ryanair,FR6305,Milan (BGY),18:05,"En hora, Ha salido",,,U37
,30/Nov/2025,easyJet Europe,EC7109,Geneva (GVA),18:15,"En hora, Ha salido",,,S24
,30/Nov/2025,Volotea,V73700,Vitoria (VIT),18:20,"En hora, Ha salido",,,R12
,30/Nov/2025,Ryanair,FR2406,Sevilla (SVQ),18:30,"En hora, Ha salido",189.0,Boeing 737-800,U33
,30/Nov/2025,Wizz Air Malta,W43686,Iasi (IAS),18:30,"En hora, Ha salido",,,U34
,30/Nov/2025,Jet2,LS804,Manchester (MAN),18:35,"En hora, Ha salido",,,S20
,30/Nov/2025,easyJet Europe,EC7103,"Basel, Switzerland/Mulhouse (BSL)",18:45,"Retrasado, Ha salido 18:48",,,W45
,30/Nov/2025,Ryanair,FR8631,Tanger (TNG),18:45,"En hora, Ha salido",,,R10
,30/Nov/2025,Transavia,HV6066,Rotterdam (RTM),18:50,"En hora, Ha salido",,,W42
,30/Nov/2025,Easyjet,U25716,Southend (SEN),18:55,"En hora, Ha salido",,,S25
,30/Nov/2025,Wizz Air,W61176,Katowice (KTW),18:55,"En hora, Ha salido",,,M8
,30/Nov/2025,Wizz Air,W61478,Warsaw (WAW),19:00,"En hora, Ha salido",,,S21
,30/Nov/2025,easyJet Europe,EC7159,Milan (LIN),19:05,"Retrasado, Ha salido 19:56",,,S24
,30/Nov/2025,Wizz Air Malta,W43180,Bucharest (OTP),19:05,"En hora, Ha salido",,,R13
,30/Nov/2025,Ryanair,FR6394,Dublin (DUB),19:10,"En hora, Ha salido",,,S22
,30/Nov/2025,Ryanair,FR3160,Bristol (BRS),19:25,"Retrasado, Ha salido 19:25",,,Y54
,30/Nov/2025,Volotea,V72165,Nantes/Atlantique (NTE),19:30,"En hora, Ha salido",,,Y57
,30/Nov/2025,Wizz Air,W64406,Sofia (SOF),19:35,"En hora, Ha salido",,,S20
,30/Nov/2025,Ryanair,FR2233,Al Aaroui (NDR),19:40,"En hora, Ha salido",,,U31
,30/Nov/2025,easyJet Europe,EC3750,Milan (MXP),19:45,"Retrasado, Ha salido 19:56",,,R11
,30/Nov/2025,Ryanair,FR5710,Napoli (NAP),19:45,"En hora, Ha salido",,,U35
,30/Nov/2025,Ryanair,FR9015,London (STN),19:45,"En hora, Ha salido",,,Y55
,30/Nov/2025,Easyjet,U28058,London (LGW),19:45,"En hora, Ha salido",,,M6
,30/Nov/2025,Wizz Air,W64666,Larnaca (LCA),19:55,"Retrasado, Ha salido 20:52",,,W44
,30/Nov/2025,Ryanair,FR8136,Ibiza (IBZ),20:10,"En hora, Ha salido",,,R14
,30/Nov/2025,Wizz Air,W62096,Krakow (KRK),20:10,"Retrasado, Ha salido 21:04",,,S20
,30/Nov/2025,easyJet Europe,EC4212,Napoli (NAP),20:20,"En hora, Ha salido",,,R9
,30/Nov/2025,Transavia,HV6788,Eindhoven (EIN),20:20,"En hora, Ha salido",,,S25
,30/Nov/2025,Wizz Air,W67022,Bratislava (BTS),20:20,"Retrasado, Ha salido 20:30",,,S21
,30/Nov/2025,Ryanair,FR6985,Rome (FCO),20:30,"Retrasado, Ha salido 20:58",,,R13
,30/Nov/2025,Eurowings,EW521,Cologne-Bonn (CGN),20:35,"Retrasado, Programado 21:30",,,U35
,30/Nov/2025,Air Serbia,JU585,Belgrade (BEG),20:35,"Retrasado, Ha salido 20:47",,,Y57
,30/Nov/2025,Norwegian Air Sweden AOC,D83659,Copenhagen (CPH),20:40,"En hora, Ha salido",,,S23
,30/Nov/2025,Eurowings,EW2521,Stuttgart (STR),20:40,"En hora, Ha salido",,,U32
,30/Nov/2025,Ryanair,FR4587,Porto (OPO),20:40,"En hora, Ha salido",,,R10
,30/Nov/2025,Luxair,LG3596,Luxembourg (LUX),20:40,"Retrasado, Ha salido 21:30",,,U33
,30/Nov/2025,Transavia,TO4759,Paris (ORY),20:45,"En hora, Ha salido",,,U34
,30/Nov/2025,Wizz Air,W62378,Budapest (BUD),20:45,"Retrasado, Ha salido 21:17",,,S22
,30/Nov/2025,Ryanair,FR6275,Edinburgh (EDI),20:50,"En hora, Ha salido",,,W45
,30/Nov/2025,BUZZ,RR6944,Warsaw (WMI),20:50,"En hora, Ha salido",,,R12
,30/Nov/2025,Easyjet,U22326,London (LTN),20:55,"En hora, Ha salido",,,M8
,30/Nov/2025,Wizz Air,W64738,Skopje (SKP),20:55,"Retrasado, Ha salido 21:06",,,W46
,30/Nov/2025,BUZZ,RR8615,Budapest (BUD),21:00,"En hora, Ha salido",,,R11
,30/Nov/2025,Aer Lingus,EI565,Dublin (DUB),21:05,"En hora, Ha salido",,,W42
,30/Nov/2025,Ryanair,FR2896,Palma de Mallorca (PMI),21:15,"En hora, Ha salido",189.0,Boeing 737-800,R14
,30/Nov/2025,Transavia,HV5134,Amsterdam (AMS),21:15,"Retrasado, Ha salido 21:45",,,S26
,30/Nov/2025,Ryanair,FR3792,Birmingham (BHX),21:20,"En hora, Ha salido",,,Y58
,30/Nov/2025,Wizz Air Malta,W43178,Bucharest (BBU),21:20,"En hora, Ha salido",,,U31
,30/Nov/2025,Wizz Air Malta,W43406,Cluj-Napoca (CLJ),21:25,"Retrasado, Ha salido 21:49",,,U38
,30/Nov/2025,Easyjet,U28060,London (LGW),21:30,"En hora, Ha salido",,,M6
,30/Nov/2025,Wizz Air Malta,W46020,Rome (FCO),21:35,"Retrasado, Programado 22:04",,,S21
,30/Nov/2025,Ryanair,FR5752,Valletta (MLA),21:45,"En hora, Ha salido",,,S25
,30/Nov/2025,Easyjet,U22706,Bristol (BRS),21:50,"En hora, Ha salido",,,M3
,30/Nov/2025,Volotea,V71415,Verona (VRN),21:55,"En hora, Ha salido",,,U34
,30/Nov/2025,Wizz Air,W64116,Belgrade (BEG),21:55,"En hora, Ha salido",,,W44
,30/Nov/2025,Wizz Air Malta,W45154,Tirana (TIA),22:45,"Retrasado, Programado 23:18",,,W
,30/Nov/2025,Ryanair,FR5220,Bologna (BLQ),22:50,"En hora, Programado",,,S24
,30/Nov/2025,Wizz Air,W61706,Gdansk (GDN),22:50,"En hora, Programado",,,U31
,30/Nov/2025,Ryanair,FR9406,Fes (FEZ),23:15,"En hora, Programado",,,Y
,01/Dic/2025,Ryanair,FR3180,Rome (FCO),06:00,"En hora, Ha salido",,,S25
,01/Dic/2025,Ryanair,FR846,Milan (BGY),06:10,"En hora, Ha salido",,,S20
,01/Dic/2025,easyJet Europe,EC7105,Geneva (GVA),06:15,"En hora, Ha salido",,,R11
,01/Dic/2025,Ryanair,FR2233,Al Aaroui (NDR),06:20,"En hora, Ha salido",,,W45
,01/Dic/2025,Ryanair,FR8384,Budapest (BUD),06:25,"En hora, Ha salido",,,U33
,01/Dic/2025,Ryanair,FR3078,Lisbon (LIS),06:30,"En hora, Ha salido",,,S23
,01/Dic/2025,easyJet Europe,EC8062,London (LGW),06:45,"Retrasado, Ha salido 07:04",,,M6
,01/Dic/2025,Ryanair,FR3035,Krakow (KRK),06:45,"En hora, Ha salido",,B738,U32
,01/Dic/2025,Ryanair,FR8215,London (STN),06:45,"En hora, Ha salido",,B38M,Y54
,01/Dic/2025,easyJet Europe,EC7141,Strasbourg (SXB),07:20,"En hora, Ha salido",,,R9
,01/Dic/2025,easyJet Europe,EC7151,Milan (MXP),07:20,"En hora, Ha salido",,,R10
,01/Dic/2025,Ryanair,FR3028,Ibiza (IBZ),07:35,"En hora, Ha salido",,,S22
,01/Dic/2025,Lauda Europe,LW1342,Palma de Mallorca (PMI),07:40,"En hora, Ha salido",180.0,Airbus A320,R14
,01/Dic/2025,Ryanair,FR1165,Sevilla (SVQ),07:55,"En hora, Ha salido",189.0,Boeing 737-800,U35
,01/Dic/2025,Norwegian Air Sweden AOC,D85510,Copenhagen (CPH),08:00,"En hora, Ha salido",,,R13
,01/Dic/2025,Ryanair,FR58,Napoli (NAP),08:35,"Retrasado, Ha salido 08:45",,,U31
,01/Dic/2025,Ryanair,FR575,Bologna (BLQ),08:40,"En hora, Ha salido",,,S21
,01/Dic/2025,easyJet Europe,EC1376,Geneva (GVA),08:45,"En hora, Ha salido",,,R11
,01/Dic/2025,Lauda Europe,LW12,Vienna (VIE),09:00,"En hora, Ha salido",,,S24
,01/Dic/2025,Ryanair,FR6078,Ouarzazate (OZZ),09:05,"En hora, Ha salido",,,Y55
,01/Dic/2025,Wizz Air,W62048,Krakow (KRK),09:05,"En hora, Ha salido",,,U33
,01/Dic/2025,Volotea,V72327,Strasbourg (SXB),09:10,"Retrasado, Ha salido 09:23",,A319,R13
,01/Dic/2025,Air Arabia Maroc,3O398,Rabat (RBA),09:20,"En hora, Ha salido",,,Y58
,01/Dic/2025,Eurowings,EW2521,Stuttgart (STR),09:20,"Retrasado, Ha salido 09:59",,,S21
,01/Dic/2025,Wizz Air Malta,W43176,Bucharest (OTP),09:25,"En hora, Ha salido",,,U34
,01/Dic/2025,Wizz Air Malta,W45088,Tirana (TIA),09:25,"En hora, Ha salido",,,W46
,01/Dic/2025,Wizz Air,W62376,Budapest (BUD),09:25,"Retrasado, Ha salido 09:38",,,U32
,01/Dic/2025,Volotea,V73573,Asturias (OVD),09:30,"En hora, Ha salido",,,S23
,01/Dic/2025,easyJet Europe,EC1030,"Basel, Switzerland/Mulhouse (BSL)",09:35,"En hora, Ha salido",,,R10
,01/Dic/2025,Ryanair,FR2834,Charleroi (CRL),09:40,"En hora, Ha salido",,,U35
,01/Dic/2025,Transavia,HV6062,Rotterdam (RTM),09:40,"En hora, Ha salido",,,S22
,01/Dic/2025,Eurowings,EW9441,Dusseldorf (DUS),09:45,"En hora, Ha salido",,A321,R14
,01/Dic/2025,Ryanair,FR2495,Palma de Mallorca (PMI),09:45,"En hora, Ha salido",189.0,Boeing 737-800,R12
,01/Dic/2025,Ryanair,FR4545,Porto (OPO),09:50,"En hora, Ha salido",,,S25
,01/Dic/2025,Air Serbia,JU581,Belgrade (BEG),09:55,"Retrasado, Ha salido 10:11",,,W42
,01/Dic/2025,easyJet Europe,EC7656,Lisbon (LIS),10:00,"En hora, Ha salido",,,R11
,01/Dic/2025,Transavia,HV5132,Amsterdam (AMS),10:05,"Retrasado, Ha salido 10:20",,,S20
,01/Dic/2025,Wizz Air Malta,W46018,Rome (FCO),10:05,"Retrasado, Ha salido 10:15",,,U31
,01/Dic/2025,Ryanair,FR9175,Bristol (BRS),10:10,"En hora, Ha salido",,,Y54
,01/Dic/2025,Ryanair,FR6559,Liverpool (LPL),10:15,"En hora, Ha salido",,,Y57
,01/Dic/2025,Wizz Air,W61476,Warsaw (WAW),10:15,"En hora, Ha salido",,,U33
,01/Dic/2025,Ryanair,FR3143,Milan (BGY),10:20,"En hora, Ha salido",,,U37
,01/Dic/2025,Easyjet,U22324,London (LTN),10:25,"En hora, Ha salido",,A20N,M6
,01/Dic/2025,Ryanair,FR7808,London (LTN),10:35,"En hora, Ha salido",,,W45
,01/Dic/2025,easyJet Europe,EC7131,Nice/Cote D'Azur (NCE),10:40,"En hora, Ha salido",,,R9
,01/Dic/2025,Easyjet,U28056,London (LGW),10:40,"En hora, Ha salido",,,M3
,01/Dic/2025,Ryanair,FR2239,Marrakech (RAK),10:45,"Retrasado, Ha salido 11:03",,B738,Y58
,01/Dic/2025,Ryanair,FR3121,Beauvais (BVA),10:45,"En hora, Ha salido",,,U34
,01/Dic/2025,Ryanair,FR3976,Dublin (DUB),10:45,"En hora, Ha salido",,,Y55
,01/Dic/2025,Ryanair,FR3039,Prague (PRG),10:55,"En hora, Ha salido",,B738,R13
,01/Dic/2025,Ryanair,FR9045,London (STN),11:00,"En hora, Ha salido",,B738,W44
,01/Dic/2025,Easyjet,U22002,Manchester (MAN),11:20,"En hora, Ha salido",,,M6
,01/Dic/2025,Aer Lingus,EI563,Dublin (DUB),11:30,"En hora, Ha salido",,,Y54
,01/Dic/2025,Ryanair,FR7539,Milan (MXP),11:30,"En hora, Ha salido",,,U32
,01/Dic/2025,Transavia,TO4755,Paris (ORY),11:30,"Retrasado, Ha salido 11:46",,,R14
,01/Dic/2025,Ryanair,FR1279,Copenhagen (CPH),11:35,"En hora, Ha salido",,,S25
,01/Dic/2025,easyJet Europe,EC7197,Birmingham (BHX),11:40,"En hora, Ha salido",,,M8
,01/Dic/2025,Ryanair,FR777,Venice (VCE),11:55,"En hora, Ha salido",,,S24
,01/Dic/2025,Ryanair,FR8217,London (STN),12:00,"En hora, Ha salido",,,W46
,01/Dic/2025,Ryanair,FR6973,Rome (FCO),12:35,"Retrasado, Ha salido 12:45",,,S20
,01/Dic/2025,Ryanair,FR774,Torino (TRN),12:40,"En hora, Ha salido",,,U35
,01/Dic/2025,Ryanair,FR483,Malaga (AGP),12:45,"Retrasado, Ha salido 13:45",189.0,Boeing 737-800,S26
,01/Dic/2025,Pegasus Airlines,PC1092,Istanbul (SAW),12:45,"Retrasado, Ha salido 13:07",,,W44
,01/Dic/2025,Norwegian Air Sweden AOC,D83657,Copenhagen (CPH),12:50,"En hora, Ha salido",,,S23
,01/Dic/2025,easyJet Europe,EC7137,Lyon (LYS),12:55,"En hora, Ha salido",,,R12
,01/Dic/2025,Wizz Air,W67022,Bratislava (BTS),12:55,"En hora, Ha salido",,,S22
,01/Dic/2025,Ryanair,FR3108,Luxembourg (LUX),13:00,"En hora, Ha salido",,,U34
,01/Dic/2025,Wizz Air Malta,W46330,Milan (MXP),13:10,"Retrasado, Ha salido 13:37",,,U31
,01/Dic/2025,Ryanair,FR8631,Tanger (TNG),13:20,"En hora, Ha salido",,,W42
,01/Dic/2025,HiSky,H4264,Bucharest (OTP),13:20,"En hora, Ha salido",,,R11
,01/Dic/2025,Norwegian Air Sweden AOC,D81741,Oslo (OSL),13:25,"En hora, Ha salido",,,U33
,01/Dic/2025,Eurowings,EW521,Cologne-Bonn (CGN),13:25,"Retrasado, Programado 14:10",,,S21
,01/Dic/2025,Pegasus Airlines,PC1528,Izmir (ADB),13:30,"En hora, Ha salido",,,W45
,01/Dic/2025,Luxair,LG3592,Luxembourg (LUX),13:35,"Retrasado, Ha salido 13:45",,,U37
,01/Dic/2025,easyJet Europe,EC7153,Milan (MXP),13:40,"En hora, Ha salido",,,R10
,01/Dic/2025,Ryanair,FR4585,Porto (OPO),13:40,"En hora, Ha salido",,,U32
,01/Dic/2025,Ryanair,FR3189,Fes (FEZ),13:50,"En hora, Ha salido",,,Y55
,01/Dic/2025,Jet2,LS804,Manchester (MAN),13:50,"En hora, Programado",,,W46
,01/Dic/2025,Ryanair,FR3792,Birmingham (BHX),13:55,"En hora, Ha salido",,,Y57
,01/Dic/2025,Air Baltic,BT684,Riga (RIX),14:05,"En hora, Ha salido",,,S23
,01/Dic/2025,Ryanair,FR2889,Palma de Mallorca (PMI),14:05,"En hora, Programado",189.0,Boeing 737-800,S24
,01/Dic/2025,Norwegian Air Sweden AOC,D85502,Stockholm (ARN),14:40,"En hora, Programado",,,U41
,01/Dic/2025,Bluebird Airways,BZ251,Tel Aviv (TLV),14:45,"Retrasado, Programado 14:56",,,
,01/Dic/2025,easyJet Europe,EC7107,Geneva (GVA),14:45,"En hora, Programado",,,R13
,01/Dic/2025,Turkish Airlines,TK608,Ankara (ESB),14:45,"En hora, Programado",,,W44
,01/Dic/2025,Volotea,V71443,Ancona (AOI),14:45,"En hora, Programado",,,
,01/Dic/2025,Wizz Air,W64406,Sofia (SOF),14:50,"En hora, Programado",,,U33
,01/Dic/2025,easyJet Europe,EC4212,Napoli (NAP),14:55,"Retrasado, Programado 15:23",,,
,01/Dic/2025,SmartWings,QS1059,Prague (PRG),14:55,"En hora, Programado",,,
,01/Dic/2025,Air Arabia Maroc,3O376,Al Aaroui (NDR),15:00,"En hora, Programado",,,Y55
,01/Dic/2025,Ryanair,FR3146,Oujda (OUD),15:10,"Retrasado, Ha salido 15:13",,,Y55
,01/Dic/2025,Ryanair,FR2330,Al Aaroui (NDR),15:15,"En hora, Ha salido",,,W42
,01/Dic/2025,Ryanair,FR1681,Frankfurt-Hahn (HHN),15:35,"En hora, Ha salido",,,Y57
,01/Dic/2025,Wizz Air,W61412,Warsaw (WMI),15:40,"En hora, Ha salido",,,U31
,01/Dic/2025,Pegasus Airlines,PC1094,Istanbul (SAW),15:45,"Retrasado, Ha salido 15:50",,,U32
,01/Dic/2025,Ryanair,FR867,Venice (VCE),16:05,"Retrasado, Ha salido 16:06",,,W45
,01/Dic/2025,Ryanair,FR9811,London (STN),16:05,"En hora, Ha salido",,,U35
,01/Dic/2025,Wizz Air Malta,W43564,Timisoara (TSR),16:25,"Retrasado, Ha salido 16:55",,,Y54
,01/Dic/2025,Volotea,V73735,Murcia (RMU),16:35,"En hora, Ha salido",,,R13
,01/Dic/2025,Ryanair,FR2507,Cologne-Bonn (CGN),16:45,"En hora, Ha salido",,,R14
,01/Dic/2025,Ryanair,FR5718,Bratislava (BTS),16:50,"Retrasado, Ha salido 17:02",,B38M,S21
,01/Dic/2025,Ryanair,FR6305,Milan (BGY),16:50,"Retrasado, Ha salido 18:42",,,S24
,01/Dic/2025,Ryanair,FR6874,Dublin (DUB),16:55,"En hora, Ha salido",,,U33
,01/Dic/2025,Easyjet,U23372,Liverpool (LPL),17:00,"En hora, Ha salido",,,W46
,01/Dic/2025,Ryanair,FR5270,Manchester (MAN),17:05,En hora,156.0,Airbus A319,M
,01/Dic/2025,BUZZ,RR6300,Sofia (SOF),17:05,"En hora, Ha salido",,,W42
,01/Dic/2025,easyJet Europe,EC7173,Berlin (BER),17:10,"En hora, Ha salido",,,S24
,01/Dic/2025,Volotea,V73700,Vitoria (VIT),17:15,"En hora, Ha salido",,,R10
,01/Dic/2025,Wizz Air,W67920,Kopitnari (KUT),17:15,"En hora, Ha salido",,,S23
,01/Dic/2025,Ryanair,FR1786,Vilnius (VNO),17:30,"En hora, Ha salido",,,W44
,01/Dic/2025,Ryanair,FR2922,Brussels (BRU),17:30,"Retrasado, Ha salido 18:20",,,U32
,01/Dic/2025,easyJet Europe,EC3737,Milan (MXP),17:35,"En hora, Ha salido",,B738,U34
,01/Dic/2025,easyJet Europe,EC7199,Edinburgh (EDI),17:35,"En hora, Ha salido",,,M8
,01/Dic/2025,Transavia,HV5134,Amsterdam (AMS),17:50,"Retrasado, Ha salido 18:41",,,S22
,01/Dic/2025,Ryanair,FR269,Milan (MXP),18:00,"En hora, Ha salido",,,U35
,01/Dic/2025,easyJet Europe,EC7205,Southampton (SOU),18:05,"En hora, Ha salido",,,M3
,01/Dic/2025,Ryanair,FR3320,Milan (BGY),18:30,"Retrasado, Ha salido 19:15",,,S20
,01/Dic/2025,Wizz Air Malta,W43686,Iasi (IAS),18:30,"En hora, Ha salido",,,R14
,01/Dic/2025,Ryanair,FR3174,Ibiza (IBZ),18:45,"Retrasado, Ha salido 20:25",,,U31
,01/Dic/2025,Wizz Air,W61478,Warsaw (WAW),19:00,"En hora, Ha salido",,,U31
,01/Dic/2025,Ryanair,FR3185,Rabat (RBA),19:05,"Retrasado, Ha salido 19:25",,,W46
,01/Dic/2025,Ryanair,FR9307,Cork (ORK),19:15,"En hora, Ha salido",,B738,Y54
,01/Dic/2025,Ryanair,FR8231,London (STN),19:25,"Retrasado, Ha salido 19:45",,B38M,W42
,01/Dic/2025,Eurowings,EW7521,Hamburg (HAM),19:40,"Retrasado, Ha salido 20:14",,,U32
,01/Dic/2025,Lauda Europe,LW2896,Palma de Mallorca (PMI),19:40,"Retrasado, Ha salido 20:39",,,S21
,01/Dic/2025,Wizz Air,W61706,Gdansk (GDN),19:40,"En hora, Ha salido",,,R11
,01/Dic/2025,Ryanair,FR133,Berlin (BER),19:45,"En hora, Ha salido",,,U33
,01/Dic/2025,Lauda Europe,LW7351,Vienna (VIE),19:45,"Retrasado, Ha salido 19:57",,,S24
,01/Dic/2025,Easyjet,U28058,London (LGW),19:45,"En hora, Ha salido",,A319,M6
,01/Dic/2025,Volotea,V71415,Verona (VRN),19:55,"En hora, Ha salido",,,R14
,01/Dic/2025,Wizz Air,W64666,Larnaca (LCA),19:55,"En hora, Ha salido",,,W45
,01/Dic/2025,Ryanair,FR3080,Malaga (AGP),20:00,"Retrasado, Ha salido 20:14",,,S22
,01/Dic/2025,Air Arabia Maroc,3O378,Tanger (TNG),20:05,"En hora, Ha salido",,,Y54
,01/Dic/2025,Ryanair,FR3807,Charleroi (CRL),20:05,"En hora, Ha salido",,,U35
,01/Dic/2025,Ryanair,FR6341,Rome (FCO),20:10,"En hora, Ha salido",,,S23
,01/Dic/2025,Ryanair,FR6597,Manchester (MAN),20:10,"Retrasado, Ha salido 20:22",,,Y58
,01/Dic/2025,easyJet Europe,EC1956,Milan (LIN),20:15,"Retrasado, Ha salido 20:26",,,R12
,01/Dic/2025,Wizz Air Malta,W42940,Vienna (VIE),20:20,"En hora, Ha salido",,,U34
,01/Dic/2025,easyJet Europe,EC1010,"Basel, Switzerland/Mulhouse (BSL)",20:30,"En hora, Ha salido",,,R10
,01/Dic/2025,T'Way Air,TW408,Seoul/Incheon (ICN),20:30,"Retrasado, Ha salido 20:50",,,W43
,01/Dic/2025,Volotea,V72135,Bordeaux (BOD),20:30,"En hora, Ha salido",,,S25
,01/Dic/2025,Ryanair,FR5710,Napoli (NAP),20:40,"En hora, Ha salido",,,U36
,01/Dic/2025,BUZZ,RR8394,Budapest (BUD),20:40,"Retrasado, Ha salido 21:00",,,U33
,01/Dic/2025,Transavia,TO4759,Paris (ORY),20:45,"En hora, Ha salido",,,S20
,01/Dic/2025,Wizz Air,W62378,Budapest (BUD),20:45,"En hora, Ha salido",,,R11
,01/Dic/2025,Ryanair,FR2098,Bologna (BLQ),20:50,"En hora, Ha salido",,,S24
,01/Dic/2025,Ryanair,FR3928,Trieste (TRS),20:50,"En hora, Ha salido",,,S29
,01/Dic/2025,Volotea,V72165,Nantes/Atlantique (NTE),20:50,"En hora, Ha salido",,,R9
,01/Dic/2025,Ryanair,FR878,Venice (VCE),20:55,"En hora, Ha salido",,,U35
,01/Dic/2025,Aer Lingus,EI565,Dublin (DUB),21:05,"Retrasado, Ha salido 21:18",,,Y54
,01/Dic/2025,Ryanair,FR6275,Edinburgh (EDI),21:05,"Retrasado, Ha salido 21:28",,,Y55
,01/Dic/2025,Ryanair,FR6920,Dublin (DUB),21:10,"Retrasado, Ha salido 21:37",,,W42
,01/Dic/2025,easyJet Europe,EC1380,Geneva (GVA),21:20,"En hora, Ha salido",,,R12
,01/Dic/2025,Wizz Air Malta,W43178,Bucharest (BBU),21:20,"En hora, Ha salido",,,U32
,01/Dic/2025,Wizz Air Malta,W43406,Cluj-Napoca (CLJ),21:25,"En hora, Ha salido",,,R14
,01/Dic/2025,Ryanair,FR2402,Sevilla (SVQ),21:30,"En hora, Ha salido",,,S25
,01/Dic/2025,BUZZ,RR4084,Warsaw (WMI),21:30,"En hora, Ha salido",,,U34
,01/Dic/2025,Wizz Air Malta,W46020,Rome (FCO),21:35,"En hora, Ha salido",,,S23
,01/Dic/2025,Ryanair,FR3168,Newcastle (NCL),21:45,"En hora, Ha salido",,,W45
,01/Dic/2025,Ryanair,FR4587,Porto (OPO),21:45,"Retrasado, Ha salido 21:55",,,U31
,01/Dic/2025,Ryanair,FR1527,Valletta (MLA),21:50,"En hora, Ha salido",,,S21
,01/Dic/2025,Ryanair,FR2250,Marrakech (RAK),21:50,"Retrasado, Ha salido 22:03",,,Y57
,01/Dic/2025,Easyjet,U22706,Bristol (BRS),21:55,Retrasado,180.0,Airbus A320,M
,01/Dic/2025,Wizz Air,W64116,Belgrade (BEG),21:55,"En hora, Ha salido",,,W46
,01/Dic/2025,Wizz Air Malta,W46728,Venice (VCE),22:00,"En hora, Ha salido",,,S22
,01/Dic/2025,Ryanair,FR8574,Rome (FCO),22:20,"En hora, Programado",,,U33
,01/Dic/2025,easyJet Europe,EC7682,Lisbon (LIS),22:35,"En hora, Programado",,,R11
,01/Dic/2025,Wizz Air Malta,W45154,Tirana (TIA),22:45,"En hora, Programado",,,W44
,01/Dic/2025,Ryanair,FR3800,Birmingham (BHX),23:00,"En hora, Programado",,,Y55
,02/Dic/2025,easyJet Europe,EC7105,Geneva (GVA),06:00,"En hora, Ha salido",,,R10
,02/Dic/2025,Ryanair,FR2918,Brussels (BRU),06:05,"En hora, Ha salido",,,S21
,02/Dic/2025,Ryanair,FR3189,Fes (FEZ),06:15,"En hora, Ha salido",,,Y59
,02/Dic/2025,Ryanair,FR2507,Cologne-Bonn (CGN),06:20,"En hora, Ha salido",,,S23
,02/Dic/2025,Ryanair,FR4545,Porto (OPO),06:35,"En hora, Ha salido",,,U37
,02/Dic/2025,easyJet Europe,EC7101,"Basel, Switzerland/Mulhouse (BSL)",07:25,"En hora, Ha salido",,,R13
,02/Dic/2025,easyJet Europe,EC8062,London (LGW),07:30,"En hora, Ha salido",,,M6
,02/Dic/2025,Ryanair,FR3166,Palermo (PMO),07:35,"En hora, Ha salido",,,S20
,02/Dic/2025,Ryanair,FR5718,Bratislava (BTS),07:35,"En hora, Ha salido",,,S22
,02/Dic/2025,Ryanair,FR3193,Riga (RIX),07:55,"En hora, Ha salido",,,R14
,02/Dic/2025,easyJet Europe,EC3737,Milan (MXP),08:00,"En hora, Ha salido",,,R9
,02/Dic/2025,Ryanair,FR6973,Rome (FCO),08:20,"En hora, Ha salido",,,U31
,02/Dic/2025,Ryanair,FR133,Berlin (BER),08:50,"En hora, Ha salido",,,U35
,02/Dic/2025,Wizz Air Malta,W43938,Chisinau (KIV),09:00,"En hora, Ha salido",,,Y58
,02/Dic/2025,Wizz Air,W62048,Krakow (KRK),09:05,"Retrasado, Ha salido 09:41",,,U36
,02/Dic/2025,Ryanair,FR3035,Krakow (KRK),09:10,"Retrasado, Ha salido 09:48",,B738,S24
,02/Dic/2025,Ryanair,FR3807,Charleroi (CRL),09:10,"En hora, Ha salido",,,U32
,02/Dic/2025,Wizz Air,W61914,Vilnius (VNO),09:20,"En hora, Ha salido",,,U34
,02/Dic/2025,Wizz Air Malta,W43176,Bucharest (OTP),09:25,"En hora, Ha salido",,,S21
,02/Dic/2025,Wizz Air,W62376,Budapest (BUD),09:25,"En hora, Ha salido",,,U33
,02/Dic/2025,Wizz Air Malta,W42938,Vienna (VIE),09:35,"En hora, Ha salido",,,S25
,02/Dic/2025,Air Arabia Maroc,3O378,Tanger (TNG),09:45,"En hora, Ha salido",,,Y57
,02/Dic/2025,Air Serbia,JU581,Belgrade (BEG),09:55,"En hora, Ha salido",,,W44
,02/Dic/2025,easyJet Europe,EC7656,Lisbon (LIS),10:05,"En hora, Ha salido",,,R10
,02/Dic/2025,Lauda Europe,LW12,Vienna (VIE),10:15,"En hora, Ha salido",,,R14
,02/Dic/2025,Wizz Air,W61476,Warsaw (WAW),10:15,"En hora, Ha salido",,,U35
,02/Dic/2025,Ryanair,FR1279,Copenhagen (CPH),10:25,"En hora, Ha salido",,,U31
,02/Dic/2025,Ryanair,FR5270,Manchester (MAN),10:30,"En hora, Ha salido",,,Y58
,02/Dic/2025,Easyjet,U22324,London (LTN),10:35,"En hora, Ha salido",,,M6
,02/Dic/2025,Azerbaijan Airlines,J246,Baku (GYD),10:45,"Retrasado, Ha salido 11:05",,,W45
,02/Dic/2025,Aer Lingus,EI563,Dublin (DUB),11:30,"En hora, Ha salido",,A320,Y54
,02/Dic/2025,Ryanair,FR58,Napoli (NAP),11:40,"Retrasado, Ha salido 11:50",,,S25
,02/Dic/2025,Icelandair,FI597,Keflavik (KEF),11:50,"Retrasado, Ha salido 12:09",,B38M,U37
,02/Dic/2025,Ryanair,FR3108,Luxembourg (LUX),12:15,"En hora, Ha salido",,B738,U41
,02/Dic/2025,easyJet Europe,EC7151,Milan (MXP),12:20,"En hora, Ha salido",,,R10
,02/Dic/2025,easyJet Europe,EC8064,London (LGW),12:25,"En hora, Ha salido",,,M6
,02/Dic/2025,Norwegian Air Sweden AOC,D83657,Copenhagen (CPH),12:30,"En hora, Ha salido",,B738,U31
,02/Dic/2025,Ryanair,FR8384,Budapest (BUD),12:35,"En hora, Ha salido",,B38M,U36
,02/Dic/2025,Pegasus Airlines,PC1092,Istanbul (SAW),12:45,"Retrasado, Ha salido 12:58",,A21N,Y57
,02/Dic/2025,Ryanair,FR6267,Edinburgh (EDI),12:55,"Retrasado, Ha salido 13:23",,B38M,Y58
,02/Dic/2025,FlyOne,5F5512,Chisinau (KIV),13:30,"En hora, Ha salido",,,W46
,02/Dic/2025,Ryanair,FR2239,Marrakech (RAK),14:00,"En hora, Ha salido",,,W42
,02/Dic/2025,Ryanair,FR3076,Stockholm (ARN),14:05,"En hora, Programado",,,U31
,02/Dic/2025,Kuwait Airways,KU136,Kuwait City (KWI),14:25,"En hora, Programado",,,W43
,02/Dic/2025,Bluebird Airways,BZ251,Tel Aviv (TLV),14:45,"En hora, Programado",,,
,02/Dic/2025,easyJet Europe,EC7682,Lisbon (LIS),15:00,"En hora, Ha salido",,,R10
,02/Dic/2025,Ryanair,FR8217,London (STN),15:25,"En hora, Ha salido",,,Y59
,02/Dic/2025,Ryanair,FR846,Milan (BGY),16:55,"En hora, Programado",,,U
,02/Dic/2025,Ryanair,FR1165,Sevilla (SVQ),17:05,"En hora, Ha salido",189.0,Boeing 737-800,U37
,02/Dic/2025,Ryanair,FR575,Bologna (BLQ),17:25,"En hora, Ha salido",,,U41
,02/Dic/2025,Volotea,V72327,Strasbourg (SXB),17:30,"Retrasado, Ha salido 17:49",,,R13
,02/Dic/2025,Transavia,HV5134,Amsterdam (AMS),17:45,"En hora, Ha salido",,,S25
,02/Dic/2025,easyJet Europe,EC7103,"Basel, Switzerland/Mulhouse (BSL)",18:10,"En hora, Ha salido",,,R11
,02/Dic/2025,BUZZ,RR6300,Sofia (SOF),18:15,"Retrasado, Ha salido 18:30",,,S20
,02/Dic/2025,Ryanair,FR777,Venice (VCE),18:40,"En hora, Ha salido",,,U32
,02/Dic/2025,Wizz Air,W61176,Katowice (KTW),18:55,"En hora, Ha salido",,,R14
,02/Dic/2025,Wizz Air,W61478,Warsaw (WAW),19:00,"En hora, Ha salido",,,U31
,02/Dic/2025,Wizz Air Malta,W43180,Bucharest (OTP),19:20,"En hora, Ha salido",,,R13
,02/Dic/2025,Ryanair,FR9015,London (STN),19:25,"En hora, Ha salido",,,W42
,02/Dic/2025,Ryanair,FR2495,Palma de Mallorca (PMI),19:30,"En hora, Ha salido",197.0,Boeing 737 MAX 8,S21
,02/Dic/2025,,E69443,Dusseldorf (DUS),19:35,"Retrasado, Ha salido 19:50",,,S24
,02/Dic/2025,Wizz Air,W64406,Sofia (SOF),19:35,"En hora, Ha salido",,,S25
,02/Dic/2025,Easyjet,U28058,London (LGW),19:45,"En hora, Ha salido",,,M8
,02/Dic/2025,Transavia,HV6790,Eindhoven (EIN),19:55,"Retrasado, Ha salido 20:08",,,U36
,02/Dic/2025,Air Arabia Maroc,3O642,Tanger (TNG),20:00,"Retrasado, Ha salido 20:11",,,Y57
,02/Dic/2025,easyJet Europe,EC1956,Milan (LIN),20:15,"En hora, Ha salido",,,R11
,02/Dic/2025,BUZZ,RR4084,Warsaw (WMI),20:15,"En hora, Ha salido",,,U32
,02/Dic/2025,Transavia,TO4759,Paris (ORY),20:45,"En hora, Ha salido",,,S25
,02/Dic/2025,easyJet Europe,EC1380,Geneva (GVA),21:15,"Retrasado, Programado 21:52",,,R13
,02/Dic/2025,Ryanair,FR6394,Dublin (DUB),21:15,"En hora, Ha salido",,,Y58
,02/Dic/2025,Wizz Air Malta,W46020,Rome (FCO),21:35,"En hora, Ha salido",,,S24
,02/Dic/2025,Ryanair,FR4585,Porto (OPO),22:00,"En hora, Ha salido",,,S21
,03/Dic/2025,Ryanair,FR2918,Brussels (BRU),06:05,"En hora, Ha salido",,,S23
,03/Dic/2025,Ryanair,FR3185,Rabat (RBA),06:05,"En hora, Ha salido",,,W46
,03/Dic/2025,Ryanair,FR9406,Fes (FEZ),06:05,"En hora, Ha salido",,,W45
,03/Dic/2025,easyJet Europe,EC7105,Geneva (GVA),06:10,"En hora, Ha salido",,,R10
,03/Dic/2025,Ryanair,FR483,Malaga (AGP),06:15,"En hora, Ha salido",189.0,Boeing 737-800,U41
,03/Dic/2025,easyJet Europe,EC7193,Leeds Bradford (LBA),06:30,"En hora, Ha salido",,,M3
,03/Dic/2025,Ryanair,FR2239,Marrakech (RAK),06:35,"En hora, Ha salido",,,Y59
,03/Dic/2025,Ryanair,FR3028,Ibiza (IBZ),06:45,"En hora, Ha salido",,,U37
,03/Dic/2025,Ryanair,FR3108,Luxembourg (LUX),06:50,"En hora, Ha salido",,B38M,S20
,03/Dic/2025,easyJet Europe,EC7101,"Basel, Switzerland/Mulhouse (BSL)",07:20,"En hora, Ha salido",,,R15
,03/Dic/2025,easyJet Europe,EC8062,London (LGW),07:20,"En hora, Ha salido",,,M8
,03/Dic/2025,Lauda Europe,LW2495,Palma de Mallorca (PMI),07:20,"En hora, Ha salido",180.0,Airbus A320,R13
,03/Dic/2025,Ryanair,FR846,Milan (BGY),08:05,"En hora, Ha salido",,,U37
,03/Dic/2025,easyJet Europe,EC3737,Milan (MXP),08:25,"En hora, Ha salido",,,R10
,03/Dic/2025,easyJet Europe,EC7161,Napoli (NAP),09:20,"En hora, Ha salido",,,R11
,03/Dic/2025,Wizz Air Malta,W43176,Bucharest (OTP),09:25,"En hora, Ha salido",,,S24
,03/Dic/2025,Wizz Air,W62376,Budapest (BUD),09:25,"En hora, Ha salido",,,U36
,03/Dic/2025,BUZZ,RR8384,Budapest (BUD),09:30,"En hora, Ha salido",,,R14
,03/Dic/2025,Air Arabia Maroc,3O376,Al Aaroui (NDR),09:35,"Retrasado, Ha salido 09:52",,,Y58
,03/Dic/2025,Wizz Air Malta,W42940,Vienna (VIE),09:35,"En hora, Ha salido",,,S23
,03/Dic/2025,Ryanair,FR2834,Charleroi (CRL),09:45,"En hora, Ha salido",,,S25
,03/Dic/2025,Ryanair,FR4545,Porto (OPO),09:45,"En hora, Ha salido",,,R13
,03/Dic/2025,BUZZ,RR3049,Krakow (KRK),09:55,"Retrasado, Ha salido 10:30",,,U31
,03/Dic/2025,Air Arabia Maroc,3O642,Tanger (TNG),10:05,"En hora, Ha salido",,,
,03/Dic/2025,Transavia,HV5132,Amsterdam (AMS),10:05,"Retrasado, Ha salido 10:23",,,U32
,03/Dic/2025,Ryanair,FR3078,Lisbon (LIS),10:15,"En hora, Ha salido",,,S20
,03/Dic/2025,Wizz Air,W61476,Warsaw (WAW),10:15,"En hora, Ha salido",,,U35
,03/Dic/2025,Ryanair,FR3039,Prague (PRG),10:20,"En hora, Ha salido",,,U33
,03/Dic/2025,Easyjet,U22002,Manchester (MAN),10:30,"En hora, Ha salido",,,M8
,03/Dic/2025,Air Baltic,BT878,Tallinn (TLL),10:35,"Retrasado, Ha salido 10:54",,,U34
,03/Dic/2025,Norwegian Air Sweden AOC,D85544,Rovaniemi (RVN),10:40,"En hora, Ha salido",,B738,S22
,03/Dic/2025,Ryanair,FR6267,Edinburgh (EDI),10:45,"Retrasado, Ha salido 11:05",,,Y55
,03/Dic/2025,SkyUp MT,U5406,Chisinau (KIV),10:50,"Retrasado, Ha salido 12:24",,,Y58
,03/Dic/2025,Easyjet,U22704,Bristol (BRS),10:55,"Retrasado, Ha salido 11:25",,A320,M6
,03/Dic/2025,Ryanair,FR2507,Cologne-Bonn (CGN),11:00,"En hora, Ha salido",,,U36
,03/Dic/2025,Aer Lingus,EI563,Dublin (DUB),11:30,"Retrasado, Ha salido 11:49",,,W46
,03/Dic/2025,Ryanair,FR575,Bologna (BLQ),11:40,"En hora, Ha salido",,,S24
,03/Dic/2025,Ryanair,FR9925,Frankfurt-Hahn (HHN),12:35,"En hora, Ha salido",,,S25
,03/Dic/2025,Pegasus Airlines,PC1092,Istanbul (SAW),12:45,"En hora, Ha salido",,,Y57
,03/Dic/2025,Ryanair,FR6597,Manchester (MAN),13:00,"En hora, Ha salido",,,W44
,03/Dic/2025,HiSky,H4264,Bucharest (OTP),13:20,"En hora, Ha salido",,,R13
,03/Dic/2025,Eurowings,EW521,Cologne-Bonn (CGN),13:25,"Retrasado, Ha salido 14:08",,,S24
,03/Dic/2025,Turkish Airlines,TK608,Ankara (ESB),14:00,"En hora, Ha salido",,,Y54
,03/Dic/2025,Volotea,V72327,Strasbourg (SXB),14:40,"Retrasado, Programado 14:50",,,R14
,03/Dic/2025,Bluebird Airways,BZ251,Tel Aviv (TLV),14:45,"En hora, Programado",,,Y55
,03/Dic/2025,Norwegian Air Sweden AOC,D83659,Copenhagen (CPH),14:45,"En hora, Programado",,,U32
,03/Dic/2025,Eurowings,EW2521,Stuttgart (STR),15:10,"En hora, Ha salido",,,S23
,03/Dic/2025,Ryanair,FR777,Venice (VCE),15:10,"En hora, Ha salido",,,S25
,03/Dic/2025,Ryanair,FR12,Vienna (VIE),15:15,"En hora, Ha salido",,,U37
,03/Dic/2025,easyJet Europe,EC7682,Lisbon (LIS),15:25,"En hora, Ha salido",,,R12
,03/Dic/2025,Wizz Air,W61412,Warsaw (WMI),15:40,"En hora, Ha salido",,,U36
,03/Dic/2025,Pegasus Airlines,PC1094,Istanbul (SAW),15:45,"Retrasado, Ha salido 16:15",,A21N,Y57
,03/Dic/2025,Volotea,V71415,Verona (VRN),15:45,"En hora, Ha salido",,,R13
,03/Dic/2025,Ryanair,FR3035,Krakow (KRK),16:15,"En hora, Ha salido",,,U41
,03/Dic/2025,Transavia,TO4755,Paris (ORY),16:45,"En hora, Ha salido",,,U31
,03/Dic/2025,Ryanair,FR3928,Trieste (TRS),16:50,"En hora, Ha salido",,,U37
,03/Dic/2025,Ryanair,FR5718,Bratislava (BTS),16:50,"En hora, Ha salido",,,S20
,03/Dic/2025,Wizz Air,W67920,Kopitnari (KUT),17:15,"En hora, Ha salido",,,Y54
,03/Dic/2025,Ryanair,FR4585,Porto (OPO),17:30,"En hora, Ha salido",,,U33
,03/Dic/2025,Iberojet,E9803,Palmerola (XPL),17:40,"Retrasado, Ha salido 18:03",,,W46
,03/Dic/2025,easyJet Europe,EC8060,London (LGW),17:45,"En hora, Ha salido",,,M6
,03/Dic/2025,Ryanair,FR3180,Rome (FCO),18:00,"En hora, Ha salido",,,U37
,03/Dic/2025,Wizz Air Malta,W43686,Iasi (IAS),18:30,"En hora, Ha salido",,,S21
,03/Dic/2025,easyJet Europe,EC7103,"Basel, Switzerland/Mulhouse (BSL)",18:35,"En hora, Ha salido",,,R9
,03/Dic/2025,Ryanair,FR3129,Ibiza (IBZ),18:35,"En hora, Ha salido",,,S25
,03/Dic/2025,BUZZ,RR8394,Budapest (BUD),18:50,"Retrasado, Ha salido 19:06",,,S20
,03/Dic/2025,easyJet Europe,EC7155,Milan (MXP),19:00,"En hora, Ha salido",,,R11
,03/Dic/2025,Ryanair,FR8231,London (STN),19:00,"En hora, Ha salido",,,Y59
,03/Dic/2025,Wizz Air,W61478,Warsaw (WAW),19:00,"En hora, Ha salido",,,U36
,03/Dic/2025,Ryanair,FR1165,Sevilla (SVQ),19:10,"En hora, Ha salido",197.0,,S23
,03/Dic/2025,Ryanair,FR9334,Marrakech (RAK),19:10,"Retrasado, Ha salido 19:29",,B738,Y55
,03/Dic/2025,Ryanair,FR1342,Palma de Mallorca (PMI),19:15,"En hora, Ha salido",197.0,,S22
,03/Dic/2025,Eurowings,EW9443,Dusseldorf (DUS),19:35,"Retrasado, Ha salido 19:48",,,S24
,03/Dic/2025,Ryanair,FR133,Berlin (BER),19:35,"Retrasado, Ha salido 19:55",,,U31
,03/Dic/2025,Transavia,HV6064,Rotterdam (RTM),19:40,"En hora, Ha salido",,B738,U32
,03/Dic/2025,Easyjet,U28058,London (LGW),19:45,"Retrasado, Programado 01:10",,,M
,03/Dic/2025,Ryanair,FR3143,Milan (BGY),19:55,"En hora, Ha salido",,,U41
,03/Dic/2025,Ryanair,FR58,Napoli (NAP),20:10,"En hora, Ha salido",,,U37
,03/Dic/2025,BUZZ,RR5246,Vilnius (VNO),20:10,"En hora, Ha salido",,,U35
,03/Dic/2025,easyJet Europe,EC1956,Milan (LIN),20:15,"En hora, Ha salido",,,R12
,03/Dic/2025,Air Arabia Maroc,3O378,Tanger (TNG),20:20,"En hora, Ha salido",,,Y57
,03/Dic/2025,T'Way Air,TW408,Seoul/Incheon (ICN),20:30,"En hora, Ha salido",,,W43
,03/Dic/2025,Air Europa,FB585,Belgrade (BEG),20:35,"Retrasado, Ha salido 20:49",,,Y58
,03/Dic/2025,Wizz Air,W62378,Budapest (BUD),20:45,"Retrasado, Ha salido 20:57",,,U36
,03/Dic/2025,Transavia,TO4759,Paris (ORY),20:50,"En hora, Ha salido",,,U33
,03/Dic/2025,Easyjet,U22326,London (LTN),20:55,"En hora, Ha salido",,,M6
,03/Dic/2025,easyJet Europe,EC1380,Geneva (GVA),21:15,"Retrasado, Programado 22:17",,,R13
,03/Dic/2025,Wizz Air Malta,W43406,Cluj-Napoca (CLJ),21:25,"En hora, Ha salido",,,S21
,03/Dic/2025,Wizz Air Malta,W46020,Rome (FCO),21:35,"Retrasado, Ha salido 21:46",,,S22
,03/Dic/2025,Ryanair,FR6394,Dublin (DUB),22:05,"En hora, Programado",,,W44
,04/Dic/2025,Ryanair,FR8215,London (STN),06:00,"En hora, Ha salido",,B738,W46
,04/Dic/2025,easyJet Europe,EC7105,Geneva (GVA),06:10,"En hora, Ha salido",,,R10
,04/Dic/2025,Ryanair,FR3976,Dublin (DUB),06:15,"En hora, Ha salido",,B38M,W42
,04/Dic/2025,easyJet Europe,EC7191,Glasgow (GLA),06:40,"Retrasado, Ha salido 07:06",,,M6
,04/Dic/2025,Ryanair,FR3049,Krakow (KRK),06:40,"En hora, Ha salido",,,U33
,04/Dic/2025,Ryanair,FR3028,Ibiza (IBZ),06:45,"En hora, Ha salido",,,U31
,04/Dic/2025,Lauda Europe,LW2495,Palma de Mallorca (PMI),07:20,"En hora, Ha salido",180.0,Airbus A320,R13
,04/Dic/2025,Ryanair,FR133,Berlin (BER),07:25,"En hora, Ha salido",,B738,S23
,04/Dic/2025,easyJet Europe,EC7101,"Basel, Switzerland/Mulhouse (BSL)",07:30,"En hora, Ha salido",,,R15
,04/Dic/2025,easyJet Europe,EC7151,Milan (MXP),07:30,"En hora, Ha salido",,,R12
,04/Dic/2025,Ryanair,FR2507,Cologne-Bonn (CGN),07:45,"En hora, Ha salido",,,S24
,04/Dic/2025,Norwegian Air Sweden AOC,D85510,Copenhagen (CPH),07:55,"En hora, Ha salido",,,S25
,04/Dic/2025,Ryanair,FR575,Bologna (BLQ),08:05,"En hora, Ha salido",,,U37
,04/Dic/2025,Ryanair,FR774,Torino (TRN),08:05,"En hora, Ha salido",,,U36
,04/Dic/2025,Ryanair,FR6973,Rome (FCO),08:40,"En hora, Ha salido",,,S21
,04/Dic/2025,Wizz Air Malta,W43938,Chisinau (KIV),09:00,"En hora, Ha salido",,A320,W45
,04/Dic/2025,Ryanair,FR5710,Napoli (NAP),09:05,"En hora, Ha salido",,,S22
,04/Dic/2025,Wizz Air,W62048,Krakow (KRK),09:05,"Retrasado, Ha salido 09:22",,,U32
,04/Dic/2025,Lauda Europe,LW12,Vienna (VIE),09:10,"Retrasado, Ha salido 09:30",,,R13
,04/Dic/2025,Wizz Air,W61914,Vilnius (VNO),09:20,"Retrasado, Ha salido 09:34",,,U34
,04/Dic/2025,Wizz Air Malta,W43176,Bucharest (OTP),09:25,"En hora, Ha salido",,,U33
,04/Dic/2025,Wizz Air,W62376,Budapest (BUD),09:25,"Retrasado, Ha salido 09:48",,,U35
,04/Dic/2025,Ryanair,FR3320,Milan (BGY),09:30,"En hora, Ha salido",,,S25
,04/Dic/2025,Wizz Air Malta,W42938,Vienna (VIE),09:35,"En hora, Ha salido",,,S20
,04/Dic/2025,Transavia,TO4751,Paris (ORY),09:40,"Retrasado, Ha salido 09:52",,,U31
,04/Dic/2025,Air Serbia,JU581,Belgrade (BEG),09:55,"En hora, Ha salido",,,Y58
,04/Dic/2025,easyJet Europe,EC7656,Lisbon (LIS),10:00,"En hora, Ha salido",,,R10
,04/Dic/2025,Ryanair,FR1279,Copenhagen (CPH),10:00,"En hora, Ha salido",,,S24
,04/Dic/2025,Transavia,HV5132,Amsterdam (AMS),10:05,"En hora, Ha salido",,A21N,R14
,04/Dic/2025,Wizz Air,W61476,Warsaw (WAW),10:15,"En hora, Ha salido",,,U36
,04/Dic/2025,Ryanair,FR1165,Sevilla (SVQ),10:20,"En hora, Ha salido",189.0,Boeing 737-800,U37
,04/Dic/2025,Ryanair,FR3121,Beauvais (BVA),10:25,"En hora, Ha salido",,,S22
,04/Dic/2025,BUZZ,RR8384,Budapest (BUD),10:25,"En hora, Ha salido",,,S21
,04/Dic/2025,Easyjet,U22326,London (LTN),10:35,"En hora, Ha salido",,,M1
,04/Dic/2025,Easyjet,U28056,London (LGW),10:35,"En hora, Ha salido",,,M6
,04/Dic/2025,Easyjet,U25716,Southend (SEN),10:40,"En hora, Ha salido",,,M3
,04/Dic/2025,Azerbaijan Airlines,J246,Baku (GYD),10:45,"Retrasado, Ha salido 10:55",,,W46
,04/Dic/2025,Ryanair,FR3792,Birmingham (BHX),11:00,"En hora, Ha salido",,,Y57
,04/Dic/2025,Ryanair,FR4545,Porto (OPO),11:00,"En hora, Ha salido",,,U32
,04/Dic/2025,Easyjet,U22704,Bristol (BRS),11:05,"En hora, Ha salido",,,M2
,04/Dic/2025,Ryanair,FR483,Malaga (AGP),11:10,"En hora, Ha salido",197.0,Boeing 737 MAX 8,S25
,04/Dic/2025,Ryanair,FR6597,Manchester (MAN),11:20,Retrasado,189.0,Boeing 737-800,Y
,04/Dic/2025,Aer Lingus,EI563,Dublin (DUB),11:30,"En hora, Ha salido",,A320,W45
,04/Dic/2025,easyJet Europe,EC7131,Nice/Cote D'Azur (NCE),12:00,"En hora, Ha salido",,,R10
,04/Dic/2025,easyJet Europe,EC8064,London (LGW),12:10,"En hora, Ha salido",,,M6
,04/Dic/2025,Ryanair,FR2239,Marrakech (RAK),12:30,"En hora, Ha salido",,,Y58
,04/Dic/2025,Ryanair,FR3160,Bristol (BRS),12:45,"En hora, Ha salido",,,W42
,04/Dic/2025,Pegasus Airlines,PC1092,Istanbul (SAW),12:45,"Retrasado, Ha salido 12:55",,,Y55
,04/Dic/2025,Wizz Air,W67022,Bratislava (BTS),12:55,"Retrasado, Ha salido 13:06",,,U36
,04/Dic/2025,Ryanair,FR1681,Frankfurt-Hahn (HHN),13:00,"En hora, Ha salido",,,S21
,04/Dic/2025,Volotea,V71445,Olbia (OLB),13:05,"En hora, Ha salido",,,R14
,04/Dic/2025,Norwegian Air Shuttle,DY1741,Oslo (OSL),13:25,"En hora, Ha salido",,,U32
,04/Dic/2025,Ryanair,FR3039,Prague (PRG),13:30,"En hora, Ha salido",,,U33
,04/Dic/2025,Luxair,LG3592,Luxembourg (LUX),13:35,"Retrasado, Ha salido 13:54",,,U37
,04/Dic/2025,Ryanair,FR269,Milan (MXP),13:40,"En hora, Ha salido",,,U41
,04/Dic/2025,Ryanair,FR6267,Edinburgh (EDI),13:45,"En hora, Ha salido",,,Y58
,04/Dic/2025,Ryanair,FR846,Milan (BGY),13:45,"En hora, Ha salido",,,S25
,04/Dic/2025,Jet2,LS804,Manchester (MAN),13:50,"En hora, Ha salido",,,Y57
,04/Dic/2025,Ryanair,FR2233,Al Aaroui (NDR),14:00,"En hora, Programado",,,Y54
,04/Dic/2025,Air Baltic,BT684,Riga (RIX),14:05,"En hora, Programado",,,U34
,04/Dic/2025,easyJet Europe,EC7153,Milan (MXP),14:10,"En hora, Ha salido",,,R12
,04/Dic/2025,SunExpress,XQ895,Izmir (ADB),14:15,"En hora, Programado",,,W46
,04/Dic/2025,Kuwait Airways,KU136,Kuwait City (KWI),14:25,"En hora, Programado",,,W43
,04/Dic/2025,Ryanair,FR9015,London (STN),14:30,"En hora, Programado",,,Y55
,04/Dic/2025,easyJet Europe,EC4212,Napoli (NAP),14:35,"En hora, Programado",,,R10
,04/Dic/2025,Norwegian Air Sweden AOC,D85502,Stockholm (ARN),14:40,"En hora, Programado",,,U39
,04/Dic/2025,Bluebird Airways,BZ251,Tel Aviv (TLV),14:45,"En hora, Programado",,,W45
,04/Dic/2025,SmartWings,QS1059,Prague (PRG),14:55,"Retrasado, Programado 15:06",,,
,04/Dic/2025,Ryanair,FR3189,Fes (FEZ),15:00,"Retrasado, Ha salido 15:30",,,Y58
,04/Dic/2025,Ryanair,FR2922,Brussels (BRU),16:05,"En hora, Ha salido",,,U32
,04/Dic/2025,Volotea,V73573,Asturias (OVD),16:05,"En hora, Ha salido",,,R14
,04/Dic/2025,Volotea,V73700,Vitoria (VIT),16:15,"En hora, Ha salido",,,R13
,04/Dic/2025,Ryanair,FR9045,London (STN),16:30,"En hora, Ha salido",,,W42
,04/Dic/2025,Ryanair,FR9913,Tallinn (TLL),16:30,"En hora, Ha salido",,,U37
,04/Dic/2025,Ryanair,FR4585,Porto (OPO),16:35,"En hora, Ha salido",,,U31
,04/Dic/2025,easyJet Europe,EC1378,Geneva (GVA),16:50,"Retrasado, Ha salido 17:05",,,R12
,04/Dic/2025,easyJet Europe,EC7173,Berlin (BER),17:25,"En hora, Ha salido",,,R11
,04/Dic/2025,BUZZ,RR8394,Budapest (BUD),17:30,"En hora, Ha salido",,,S20
,04/Dic/2025,Volotea,V72327,Strasbourg (SXB),17:30,"En hora, Ha salido",,,R14
,04/Dic/2025,BUZZ,RR6300,Sofia (SOF),17:45,"En hora, Ha salido",,,U32
,04/Dic/2025,Ryanair,FR5718,Bratislava (BTS),18:00,"En hora, Ha salido",,B738,U33
,04/Dic/2025,easyJet Europe,EC7139,Rennes/Saint-Jacques (RNS),18:15,"En hora, Ha salido",,,R10
,04/Dic/2025,Ryanair,FR3078,Lisbon (LIS),18:30,"En hora, Ha salido",,,S24
,04/Dic/2025,Ryanair,FR6394,Dublin (DUB),18:30,"En hora, Ha salido",,B38M,W42
,04/Dic/2025,easyJet Europe,EC7103,"Basel, Switzerland/Mulhouse (BSL)",18:40,"Retrasado, Ha salido 19:14",,,R12
,04/Dic/2025,Wizz Air Malta,W43180,Bucharest (OTP),18:45,"En hora, Ha salido",,,S22
,04/Dic/2025,Wizz Air,W61176,Katowice (KTW),18:55,"Retrasado, Ha salido 19:06",,,U36
,04/Dic/2025,BUZZ,RR3193,Riga (RIX),19:05,"En hora, Ha salido",,,S20
,04/Dic/2025,easyJet Europe,EC7155,Milan (MXP),19:15,"En hora, Ha salido",,,R9
,04/Dic/2025,Ryanair,FR1342,Palma de Mallorca (PMI),19:25,"En hora, Ha salido",189.0,,S21
,04/Dic/2025,Ryanair,FR8217,London (STN),19:25,"En hora, Ha salido",,,W44
,04/Dic/2025,,E69443,Dusseldorf (DUS),19:35,"En hora, Ha salido",,,S23
,04/Dic/2025,Wizz Air,W64406,Sofia (SOF),19:35,"En hora, Ha salido",,,U34
,04/Dic/2025,Air Arabia Maroc,3O378,Tanger (TNG),19:40,"Retrasado, Ha salido 20:12",,,Y55
,04/Dic/2025,Eurowings,EW2521,Stuttgart (STR),19:40,"Retrasado, Ha salido 20:55",,A21N,S25
,04/Dic/2025,Wizz Air,W61478,Warsaw (WAW),19:40,"En hora, Ha salido",,,U35
,04/Dic/2025,Ryanair,FR8598,Reggio Calabria (REG),19:45,"En hora, Ha salido",,,U31
,04/Dic/2025,Easyjet,U28058,London (LGW),19:45,"En hora, Ha salido",,,M6
,04/Dic/2025,Ryanair,FR8631,Tanger (TNG),19:55,"En hora, Ha salido",,B738,Y57
,04/Dic/2025,Volotea,V72167,Lille/Lesquin (LIL),19:55,"En hora, Ha salido",,A320,S24
,04/Dic/2025,Transavia,HV6788,Eindhoven (EIN),20:00,"Retrasado, Ha salido 20:30",,B738,U32
,04/Dic/2025,easyJet Europe,EC1956,Milan (LIN),20:15,"En hora, Ha salido",,,R11
,04/Dic/2025,Air Arabia Maroc,3O376,Al Aaroui (NDR),20:25,"Retrasado, Ha salido 20:55",,A320,Y54
,04/Dic/2025,Ryanair,FR3143,Milan (BGY),20:25,"En hora, Ha salido",,,R13
,04/Dic/2025,Ryanair,FR4587,Porto (OPO),20:45,"En hora, Ha salido",,B38M,R12
,04/Dic/2025,Transavia,HV5136,Amsterdam (AMS),20:45,"En hora, Ha salido",,A21N,U33
,04/Dic/2025,Wizz Air,W62378,Budapest (BUD),20:45,"En hora, Ha salido",,A21N,U36
,04/Dic/2025,Transavia,TO4759,Paris (ORY),20:50,"En hora, Ha salido",,A20N,U31
,04/Dic/2025,Easyjet,U22324,London (LTN),20:55,"En hora, Ha salido",,A20N,M6
,04/Dic/2025,Wizz Air,W64738,Skopje (SKP),20:55,"En hora, Ha salido",,,W45
,04/Dic/2025,BUZZ,RR333,Gdansk (GDN),21:00,"En hora, Ha salido",,,U35
,04/Dic/2025,Aer Lingus,EI565,Dublin (DUB),21:05,"Retrasado, Ha salido 21:16",,A320,W46
,04/Dic/2025,easyJet Europe,EC1380,Geneva (GVA),21:15,"Retrasado, Ha salido 21:30",,,R10
,04/Dic/2025,Ryanair,FR1527,Valletta (MLA),21:20,"Retrasado, Ha salido 21:37",,B38M,R14
,04/Dic/2025,Wizz Air Malta,W43178,Bucharest (BBU),21:20,"Retrasado, Programado 23:28",,,S
,04/Dic/2025,Wizz Air Malta,W46728,Venice (VCE),21:20,"En hora, Ha salido",,,S21
,04/Dic/2025,Wizz Air Malta,W43406,Cluj-Napoca (CLJ),21:25,"En hora, Ha salido",,A320,S20
,04/Dic/2025,BUZZ,RR3035,Krakow (KRK),21:30,"Retrasado, Programado 22:20",,,U34
,04/Dic/2025,BUZZ,RR4084,Warsaw (WMI),21:30,"En hora, Ha salido",,,U32
,04/Dic/2025,Wizz Air Malta,W46020,Rome (FCO),21:35,"Retrasado, Ha salido 21:50",,A21N,S23
,04/Dic/2025,Wizz Air,W64116,Belgrade (BEG),22:10,"En hora, Ha salido",,,Y53
,04/Dic/2025,Wizz Air Malta,W45154,Tirana (TIA),22:45,"En hora, Programado",,,W44
,05/Dic/2025,easyJet Europe,EC7105,Geneva (GVA),06:10,"En hora, Ha salido",,,R10
,05/Dic/2025,Ryanair,FR8183,Bologna (BLQ),06:10,"En hora, Ha salido",,,S24
,05/Dic/2025,Ryanair,FR8231,London (STN),06:10,"En hora, Ha salido",,,Y59
,05/Dic/2025,Ryanair,FR777,Venice (VCE),06:20,"En hora, Ha salido",,,U36
,05/Dic/2025,Ryanair,FR846,Milan (BGY),06:25,"En hora, Ha salido",,,U35
,05/Dic/2025,Ryanair,FR133,Berlin (BER),06:35,"En hora, Ha salido",,,U33
,05/Dic/2025,Ryanair,FR4545,Porto (OPO),06:45,"En hora, Ha salido",,B38M,R12
,05/Dic/2025,easyJet Europe,EC7101,"Basel, Switzerland/Mulhouse (BSL)",07:20,"En hora, Ha salido",,,R15
,05/Dic/2025,easyJet Europe,EC7199,Edinburgh (EDI),07:20,"En hora, Ha salido",,,M6
,05/Dic/2025,Lauda Europe,LW2889,Palma de Mallorca (PMI),07:40,"En hora, Ha salido",180.0,Airbus A320,S20
,05/Dic/2025,Norwegian Air Sweden AOC,D85502,Stockholm (ARN),08:00,"Retrasado, Ha salido 08:12",,,S21
,05/Dic/2025,Ryanair,FR3976,Dublin (DUB),08:00,"En hora, Ha salido",,,W45
,05/Dic/2025,Ryanair,FR3185,Rabat (RBA),08:10,"En hora, Ha salido",,,Y59
,05/Dic/2025,Ryanair,FR6973,Rome (FCO),08:15,"En hora, Ha salido",,,R14
,05/Dic/2025,easyJet Europe,EC1376,Geneva (GVA),08:40,"En hora, Ha salido",,,R11
,05/Dic/2025,Ryanair,FR5752,Valletta (MLA),08:40,"En hora, Ha salido",,,S24
,05/Dic/2025,Transavia,TO4751,Paris (ORY),08:45,"En hora, Ha salido",,,U31
,05/Dic/2025,Ryanair,FR1165,Sevilla (SVQ),09:00,"En hora, Ha salido",189.0,Boeing 737-800,S25
,05/Dic/2025,Wizz Air,W62048,Krakow (KRK),09:05,"En hora, Ha salido",,A21N,S23
,05/Dic/2025,easyJet Europe,EC3737,Milan (MXP),09:10,"En hora, Ha salido",,,R12
,05/Dic/2025,Ryanair,FR2834,Charleroi (CRL),09:15,"En hora, Ha salido",,B38M,U36
,05/Dic/2025,Air Arabia Maroc,3O374,Casablanca (CMN),09:25,"En hora, Ha salido",,,Y55
,05/Dic/2025,Lauda Europe,LW12,Vienna (VIE),09:25,"En hora, Ha salido",,,R13
,05/Dic/2025,Wizz Air Malta,W43176,Bucharest (OTP),09:25,"En hora, Ha salido",,,S22
,05/Dic/2025,Wizz Air Malta,W45088,Tirana (TIA),09:25,"En hora, Ha salido",,,W44
,05/Dic/2025,Wizz Air,W62376,Budapest (BUD),09:25,"En hora, Ha salido",,,U33
,05/Dic/2025,Ryanair,FR3028,Ibiza (IBZ),09:40,"En hora, Ha salido",,,U37
,05/Dic/2025,Ryanair,FR3320,Milan (BGY),09:45,"En hora, Ha salido",,,U35
,05/Dic/2025,Transavia,HV6788,Eindhoven (EIN),09:45,"En hora, Ha salido",,,U32
,05/Dic/2025,Easyjet,U26654,Birmingham (BHX),09:45,"Retrasado, Ha salido 10:21",,,M3
,05/Dic/2025,Air Arabia Maroc,3O378,Tanger (TNG),09:50,"En hora, Ha salido",,,Y53
,05/Dic/2025,easyJet Europe,EC7656,Lisbon (LIS),09:55,"Retrasado, Ha salido 10:05",,,R10
,05/Dic/2025,Air Serbia,JU581,Belgrade (BEG),09:55,"Retrasado, Ha salido 10:51",,,Y57
,05/Dic/2025,Ryanair,FR9015,London (STN),10:00,"Retrasado, Ha salido 10:10",,,W42
,05/Dic/2025,Wizz Air Malta,W46018,Rome (FCO),10:00,"En hora, Ha salido",,,S21
,05/Dic/2025,Ryanair,FR6920,Dublin (DUB),10:05,"En hora, Ha salido",,,Y54
,05/Dic/2025,Transavia,HV5132,Amsterdam (AMS),10:05,"Retrasado, Ha salido 11:00",,,S20
,05/Dic/2025,Eurowings,EW7521,Hamburg (HAM),10:10,"En hora, Ha salido",,A320,S24
,05/Dic/2025,Wizz Air,W61476,Warsaw (WAW),10:15,"Retrasado, Ha salido 10:25",,,U34
,05/Dic/2025,Ryanair,FR2239,Marrakech (RAK),10:20,"Retrasado, Ha salido 10:51",,,Y58
,05/Dic/2025,Easyjet,U22002,Manchester (MAN),10:25,"Retrasado, Ha salido 11:16",,,M1
,05/Dic/2025,Easyjet,U22324,London (LTN),10:25,"Retrasado, Ha salido 10:43",,,M2
,05/Dic/2025,easyJet Europe,EC7131,Nice/Cote D'Azur (NCE),10:30,"En hora, Ha salido",,,R11
,05/Dic/2025,Ryanair,FR6267,Edinburgh (EDI),10:30,Retrasado,189.0,Boeing 737-800,W
,05/Dic/2025,easyJet Europe,EC4212,Napoli (NAP),10:35,"En hora, Ha salido",,,R12
,05/Dic/2025,Transavia,HV6064,Rotterdam (RTM),10:40,"En hora, Ha salido",,,U31
,05/Dic/2025,Easyjet,U22704,Bristol (BRS),10:50,"En hora, Ha salido",,A320,M6
,05/Dic/2025,Ryanair,FR5270,Manchester (MAN),10:55,"En hora, Ha salido",,B38M,W44
,05/Dic/2025,BUZZ,RR8384,Budapest (BUD),11:00,"En hora, Ha salido",,,R14
,05/Dic/2025,Ryanair,FR3166,Palermo (PMO),11:10,"En hora, Ha salido",,,S25
,05/Dic/2025,Ryanair,FR269,Milan (MXP),11:20,"En hora, Ha salido",,,U36
,05/Dic/2025,FLYONE Armenia,3F232,Yerevan (EVN),11:30,"Retrasado, Ha salido 12:02",,,W42
,05/Dic/2025,Aer Lingus,EI563,Dublin (DUB),11:35,"En hora, Ha salido",,A320,W45
,05/Dic/2025,Ryanair,FR3121,Beauvais (BVA),11:35,"En hora, Ha salido",,B38M,U33
,05/Dic/2025,Lauda Europe,LW2896,Palma de Mallorca (PMI),11:35,"En hora, Ha salido",180.0,Airbus A320,U32
,05/Dic/2025,easyJet Europe,EC7141,Strasbourg (SXB),11:45,"En hora, Ha salido",,,R9
,05/Dic/2025,BUZZ,RR3049,Krakow (KRK),11:45,"En hora, Ha salido",,B738,S22
,05/Dic/2025,Easyjet,U28056,London (LGW),11:45,"En hora, Ha salido",,,M3
,05/Dic/2025,Icelandair,FI597,Keflavik (KEF),11:50,"Retrasado, Ha salido 12:16",,,U37
,05/Dic/2025,Ryanair,FR774,Torino (TRN),11:55,"En hora, Ha salido",,,S23
,05/Dic/2025,easyJet Europe,EC8064,London (LGW),12:15,"En hora, Ha salido",,,M6
,05/Dic/2025,Ryanair,FR4585,Porto (OPO),12:15,"En hora, Ha salido",,,S21
,05/Dic/2025,Norwegian Air Sweden AOC,D83657,Copenhagen (CPH),12:30,"Retrasado, Ha salido 12:46",,,S20
,05/Dic/2025,Ryanair,FR575,Bologna (BLQ),12:45,"En hora, Ha salido",,,R11
,05/Dic/2025,Ryanair,FR58,Napoli (NAP),12:45,"Retrasado, Ha salido 12:58",,,S24
,05/Dic/2025,Pegasus Airlines,PC1092,Istanbul (SAW),12:45,"En hora, Ha salido",,,W44
,05/Dic/2025,Ryanair,FR6874,Dublin (DUB),12:55,"Retrasado, Ha salido 13:30",,,Y58
,05/Dic/2025,Wizz Air,W67022,Bratislava (BTS),12:55,"En hora, Ha salido",,,U36
,05/Dic/2025,Wizz Air Malta,W46330,Milan (MXP),13:10,Retrasado,239.0,Airbus A321neo,U
,05/Dic/2025,HiSky,H4264,Bucharest (OTP),13:20,"En hora, Ha salido",,,R14
,05/Dic/2025,Norwegian Air Shuttle,DY1741,Oslo (OSL),13:25,"En hora, Ha salido",,,S25
,05/Dic/2025,FlyOne,5F5512,Chisinau (KIV),13:30,"Retrasado, Programado 15:00",,,
,05/Dic/2025,Pegasus Airlines,PC1528,Izmir (ADB),13:30,"En hora, Ha salido",,,Y57
,05/Dic/2025,Ryanair,FR2922,Brussels (BRU),13:35,"En hora, Ha salido",,,U35
,05/Dic/2025,Ryanair,FR6078,Ouarzazate (OZZ),13:50,"En hora, Ha salido",,,W42
,05/Dic/2025,Jet2,LS804,Manchester (MAN),13:50,"En hora, Ha salido",,,Y54
,05/Dic/2025,Ryanair,FR3180,Rome (FCO),13:55,"En hora, Ha salido",,,S22
,05/Dic/2025,Air Baltic,BT684,Riga (RIX),14:05,"Retrasado, Programado 14:15",,,U33
,05/Dic/2025,Azores Airlines,S4507,Ponta Delgada (PDL),14:05,"En hora, Programado",,,U34
,05/Dic/2025,Turkish Airlines,TK608,Ankara (ESB),14:15,"En hora, Ha salido",,,Y55
,05/Dic/2025,easyJet Europe,EC7153,Milan (MXP),14:20,"Retrasado, Programado 14:31",,,
,05/Dic/2025,Lauda Europe,LW7351,Vienna (VIE),14:20,"En hora, Programado",,,U32
,05/Dic/2025,Ryanair,FR8215,London (STN),14:35,"En hora, Programado",,,Y53
,05/Dic/2025,easyJet Europe,EC7107,Geneva (GVA),14:40,"En hora, Programado",,,R10
,05/Dic/2025,Ryanair,FR2233,Al Aaroui (NDR),14:40,"En hora, Programado",,,W45
,05/Dic/2025,Volotea,V71443,Ancona (AOI),14:45,"En hora, Programado",,,S20
,05/Dic/2025,Wizz Air,W64406,Sofia (SOF),14:50,"En hora, Programado",,,S23
,05/Dic/2025,Ryanair,FR2507,Cologne-Bonn (CGN),14:55,"En hora, Programado",,,S25
,05/Dic/2025,Ryanair,FR867,Venice (VCE),14:55,"En hora, Programado",,,U31
,05/Dic/2025,SmartWings,QS1059,Prague (PRG),14:55,"En hora, Programado",,,S21
,05/Dic/2025,Ryanair,FR1342,Palma de Mallorca (PMI),15:00,"En hora, Programado",189.0,Boeing 737-800,U
,05/Dic/2025,Ryanair,FR5718,Bratislava (BTS),15:10,"En hora, Ha salido",,,R12
,05/Dic/2025,Volotea,V73735,Murcia (RMU),15:15,"En hora, Ha salido",156.0,Airbus A319,U36
,05/Dic/2025,,E6521,Cologne-Bonn (CGN),15:25,"Retrasado, Ha salido 15:39",,,S24
,05/Dic/2025,Ryanair,FR483,Malaga (AGP),15:25,"Retrasado, Ha salido 16:22",197.0,Boeing 737 MAX 8,U35
,05/Dic/2025,easyJet Europe,EC7694,Lisbon (LIS),15:30,"Retrasado, Ha salido 15:40",,,R11
,05/Dic/2025,Wizz Air,W61412,Warsaw (WMI),15:40,"En hora, Ha salido",,,U33
,05/Dic/2025,Pegasus Airlines,PC1094,Istanbul (SAW),15:45,"En hora, Ha salido",,,Y57
,05/Dic/2025,Ryanair,FR9045,London (STN),16:05,"En hora, Ha salido",,,Y54
,05/Dic/2025,Norwegian Air Sweden AOC,D85510,Copenhagen (CPH),16:15,"En hora, Ha salido",,,U37
,05/Dic/2025,Ryanair,FR2925,Brussels (BRU),16:15,"Retrasado, Ha salido 17:20",,,R13
,05/Dic/2025,Ryanair,FR6985,Rome (FCO),16:15,"Retrasado, Ha salido 17:00",,,S23
,05/Dic/2025,Wizz Air Malta,W43564,Timisoara (TSR),16:25,"En hora, Ha salido",,,U31
,05/Dic/2025,Ryanair,FR3129,Ibiza (IBZ),16:45,"Retrasado, Ha salido 17:17",,,S22
,05/Dic/2025,easyJet Europe,EC7173,Berlin (BER),16:50,"Retrasado, Ha salido 17:06",,,R9
,05/Dic/2025,Volotea,V73700,Vitoria (VIT),16:50,"En hora, Ha salido",,,U34
,05/Dic/2025,Ryanair,FR878,Venice (VCE),16:55,"En hora, Ha salido",,,R14
,05/Dic/2025,Ryanair,FR4587,Porto (OPO),17:05,"En hora, Ha salido",,,S20
,05/Dic/2025,Wizz Air,W67920,Kopitnari (KUT),17:15,"En hora, Ha salido",,,Y53
,05/Dic/2025,Ryanair,FR3076,Stockholm (ARN),17:30,"Retrasado, Ha salido 17:45",,,S21
,05/Dic/2025,Volotea,V73573,Asturias (OVD),17:40,"En hora, Ha salido",,,U36
,05/Dic/2025,Transavia,HV5134,Amsterdam (AMS),17:45,"En hora, Ha salido",,,U33
,05/Dic/2025,Ryanair,FR6341,Rome (FCO),18:00,"En hora, Ha salido",,,S24
,05/Dic/2025,Ryanair,FR6353,Milan (BGY),18:00,"En hora, Ha salido",,,S25
,05/Dic/2025,easyJet Europe,EC7205,Southampton (SOU),18:10,"En hora, Ha salido",,,M6
,05/Dic/2025,Air Arabia Maroc,3O398,Rabat (RBA),18:30,"Retrasado, Ha salido 18:47",,,Y55
,05/Dic/2025,Wizz Air Malta,W43686,Iasi (IAS),18:30,"En hora, Ha salido",,,U34
,05/Dic/2025,Ryanair,FR2098,Bologna (BLQ),18:35,"En hora, Ha salido",,,U32
,05/Dic/2025,easyJet Europe,EC7103,"Basel, Switzerland/Mulhouse (BSL)",18:45,"Retrasado, Ha salido 19:21",,,R12
,05/Dic/2025,Ryanair,FR3189,Fes (FEZ),18:50,"Retrasado, Ha salido 19:05",,,W45
,05/Dic/2025,Wizz Air,W61478,Warsaw (WAW),19:00,"En hora, Ha salido",,,U31
,05/Dic/2025,easyJet Europe,EC7155,Milan (MXP),19:10,"Retrasado, Ha salido 19:22",,,R10
,05/Dic/2025,Ryanair,FR149,Berlin (BER),19:15,"En hora, Ha salido",,,R13
,05/Dic/2025,Ryanair,FR3078,Lisbon (LIS),19:20,"En hora, Ha salido",,,R11
,05/Dic/2025,BUZZ,RR6330,Sofia (SOF),19:20,"En hora, Ha salido",,,R14
,05/Dic/2025,Ryanair,FR9111,Torino (TRN),19:25,"Retrasado, Ha salido 20:40",,,U33
,05/Dic/2025,Volotea,V72165,Nantes/Atlantique (NTE),19:30,"En hora, Ha salido",,,S25
,05/Dic/2025,Eurowings,EW9443,Dusseldorf (DUS),19:35,"Retrasado, Ha salido 20:02",,,S22
,05/Dic/2025,Ryanair,FR2330,Al Aaroui (NDR),19:35,"En hora, Ha salido",,,W46
,05/Dic/2025,Lauda Europe,LW7362,Vienna (VIE),19:40,"En hora, Ha salido",,,S20
,05/Dic/2025,Easyjet,U28058,London (LGW),19:40,"Retrasado, Ha salido 20:11",,,M6
,05/Dic/2025,Ryanair,FR6374,Beauvais (BVA),19:45,"En hora, Ha salido",,,U36
,05/Dic/2025,Eurowings,EW2521,Stuttgart (STR),19:55,"Retrasado, Ha salido 20:11",,,S21
,05/Dic/2025,Volotea,V71415,Verona (VRN),19:55,"En hora, Ha salido",,,U32
,05/Dic/2025,Wizz Air,W64666,Larnaca (LCA),19:55,"En hora, Ha salido",,,W42
,05/Dic/2025,Ryanair,FR1527,Valletta (MLA),20:05,"Retrasado, Ha salido 20:38",,,S23
,05/Dic/2025,Ryanair,FR2402,Sevilla (SVQ),20:10,"En hora, Ha salido",189.0,Boeing 737-800,U35
,05/Dic/2025,Ryanair,FR6275,Edinburgh (EDI),20:10,"Retrasado, Ha salido 20:29",,,Y57
,05/Dic/2025,Ryanair,FR6305,Milan (BGY),20:10,"Retrasado, Ha salido 20:45",,,R11
,05/Dic/2025,Wizz Air,W62096,Krakow (KRK),20:10,"Retrasado, Ha salido 20:24",,,S24
,05/Dic/2025,easyJet Europe,EC1956,Milan (LIN),20:15,"En hora, Ha salido",,,R9
,05/Dic/2025,Wizz Air Malta,W42940,Vienna (VIE),20:20,"En hora, Ha salido",,,U34
,05/Dic/2025,T'Way Air,TW408,Seoul/Incheon (ICN),20:30,"En hora, Ha salido",,,W43
,05/Dic/2025,Volotea,V72135,Bordeaux (BOD),20:30,"En hora, Ha salido",,,U31
,05/Dic/2025,Ryanair,FR7539,Milan (MXP),20:35,"En hora, Ha salido",,,R10
,05/Dic/2025,Ryanair,FR8631,Tanger (TNG),20:35,"Retrasado, Ha salido 21:06",,,Y54
,05/Dic/2025,Air Serbia,JU585,Belgrade (BEG),20:35,"En hora, Ha salido",,,Y53
,05/Dic/2025,BUZZ,RR1786,Vilnius (VNO),20:35,"En hora, Ha salido",,,R13
,05/Dic/2025,Luxair,LG3592,Luxembourg (LUX),20:40,"En hora, Ha salido",,,R12
,05/Dic/2025,Wizz Air,W62378,Budapest (BUD),20:45,"Retrasado, Ha salido 21:06",,,S20
,05/Dic/2025,Ryanair,FR5710,Napoli (NAP),20:50,"Retrasado, Ha salido 21:45",,,U36
,05/Dic/2025,Transavia,TO4759,Paris (ORY),20:50,"Retrasado, Ha salido 21:11",,,S25
,05/Dic/2025,Easyjet,U22326,London (LTN),20:55,"En hora, Ha salido",,,M1
,05/Dic/2025,BUZZ,RR8394,Budapest (BUD),21:00,"Retrasado, Ha salido 21:19",,,U32
,05/Dic/2025,Aer Lingus,EI565,Dublin (DUB),21:05,"En hora, Ha salido",,,W46
,05/Dic/2025,Easyjet,U23374,Liverpool (LPL),21:05,"En hora, Ha salido",,,M6
,05/Dic/2025,Ryanair,FR3174,Ibiza (IBZ),21:10,"Retrasado, Ha salido 21:24",,,S26
,05/Dic/2025,easyJet Europe,EC1380,Geneva (GVA),21:15,"Retrasado, Programado 22:04",,,R12
,05/Dic/2025,Wizz Air Malta,W43178,Bucharest (BBU),21:20,"En hora, Ha salido",,,S22
,05/Dic/2025,Wizz Air Malta,W43406,Cluj-Napoca (CLJ),21:25,"En hora, Ha salido",,,S21
,05/Dic/2025,BUZZ,RR6944,Warsaw (WMI),21:30,"En hora, Programado",,,U35
,05/Dic/2025,Ryanair,FR7808,London (LTN),21:35,"Retrasado, Programado 22:14",,,Y57
,05/Dic/2025,Wizz Air Malta,W46020,Rome (FCO),21:35,"Retrasado, Ha salido 21:55",,,S23
,05/Dic/2025,Ryanair,FR8669,Dublin (DUB),21:40,"En hora, Ha salido",,,Y55
,05/Dic/2025,Ryanair,FR9811,London (STN),21:40,"En hora, Ha salido",,,W44
,05/Dic/2025,easyJet Europe,EC7682,Lisbon (LIS),21:45,"En hora, Ha salido",,,R10
,05/Dic/2025,Ryanair,FR2495,Palma de Mallorca (PMI),21:45,"Retrasado, Ha salido 22:06",189.0,Boeing 737-800,U31
,05/Dic/2025,Ryanair,FR6597,Manchester (MAN),21:45,"En hora, Programado",,,W
,05/Dic/2025,Ryanair,FR2250,Marrakech (RAK),21:55,"En hora, Ha salido",,,Y53
,05/Dic/2025,Ryanair,FR3792,Birmingham (BHX),21:55,"En hora, Ha salido",,,W45
,05/Dic/2025,Wizz Air,W64116,Belgrade (BEG),21:55,"Retrasado, Ha salido 22:17",,,Y54
,05/Dic/2025,Wizz Air Malta,W46728,Venice (VCE),22:00,"En hora, Ha salido",,,U34
,05/Dic/2025,Easyjet,U28060,London (LGW),22:15,"Retrasado, Programado 22:32",,,M6
,05/Dic/2025,Ryanair,FR3080,Malaga (AGP),22:30,"Retrasado, Programado 23:25",197.0,Boeing 737 MAX 8,U
,05/Dic/2025,Wizz Air Malta,W45154,Tirana (TIA),22:45,"En hora, Programado",,,Y58
,05/Dic/2025,Wizz Air,W61706,Gdansk (GDN),22:50,"Retrasado, Programado 23:24",,,U
,05/Dic/2025,Ryanair,FR9814,London (STN),23:10,"En hora, Programado",,,W
,06/Dic/2025,Ryanair,FR846,Milan (BGY),06:00,"En hora, Ha salido",,,S22
,06/Dic/2025,easyJet Europe,EC7105,Geneva (GVA),06:10,"En hora, Ha salido",,,R12
,06/Dic/2025,Ryanair,FR5718,Bratislava (BTS),06:10,"En hora, Ha salido",,,S24
,06/Dic/2025,Ryanair,FR4545,Porto (OPO),06:15,"Retrasado, Ha salido 06:30",,B38M,U31
,06/Dic/2025,Ryanair,FR1342,Palma de Mallorca (PMI),06:20,"Retrasado, Ha salido 06:32",189.0,Boeing 737-800,R11
,06/Dic/2025,Ryanair,FR777,Venice (VCE),06:30,"En hora, Ha salido",,,U32
,06/Dic/2025,Ryanair,FR8217,London (STN),06:55,"En hora, Ha salido",,,W42
,06/Dic/2025,easyJet Europe,EC7151,Milan (MXP),07:30,"En hora, Ha salido",,,R10
,06/Dic/2025,Ryanair,FR2918,Brussels (BRU),08:05,"En hora, Ha salido",,B738,U34
,06/Dic/2025,Ryanair,FR3180,Rome (FCO),08:15,"En hora, Ha salido",,,U33
,06/Dic/2025,Air Arabia Maroc,3O376,Al Aaroui (NDR),08:35,"En hora, Ha salido",,,W44
,06/Dic/2025,Ryanair,FR1165,Sevilla (SVQ),08:50,"Retrasado, Ha salido 09:16",189.0,Boeing 737-800,U31
,06/Dic/2025,Ryanair,FR575,Bologna (BLQ),08:50,"En hora, Ha salido",,,S24
,06/Dic/2025,Ryanair,FR3166,Palermo (PMO),09:00,"En hora, Ha salido",,,U35
,06/Dic/2025,Wizz Air Malta,W43938,Chisinau (KIV),09:00,"En hora, Ha salido",,,W43
,06/Dic/2025,Wizz Air,W62048,Krakow (KRK),09:05,"Retrasado, Ha salido 10:01",,,S20
,06/Dic/2025,Ryanair,FR2834,Charleroi (CRL),09:15,"En hora, Ha salido",,,R14
,06/Dic/2025,Ryanair,FR133,Berlin (BER),09:20,"En hora, Ha salido",,,U34
,06/Dic/2025,Ryanair,FR2239,Marrakech (RAK),09:20,"En hora, Ha salido",,B738,Y58
,06/Dic/2025,Ryanair,FR3028,Ibiza (IBZ),09:20,"En hora, Ha salido",,,R11
,06/Dic/2025,Wizz Air,W61914,Vilnius (VNO),09:20,"En hora, Ha salido",,,S21
,06/Dic/2025,Ryanair,FR2889,Palma de Mallorca (PMI),09:25,"En hora, Ha salido",189.0,Boeing 737-800,U37
,06/Dic/2025,Wizz Air Malta,W43176,Bucharest (OTP),09:25,"En hora, Ha salido",,,S23
,06/Dic/2025,Wizz Air,W62376,Budapest (BUD),09:25,"En hora, Ha salido",,,S22
,06/Dic/2025,BUZZ,RR3049,Krakow (KRK),09:30,"Retrasado, Ha salido 10:10",,,U32
,06/Dic/2025,Wizz Air Malta,W42938,Vienna (VIE),09:35,"Retrasado, Ha salido 11:15",,,U31
,06/Dic/2025,Air Serbia,JU581,Belgrade (BEG),09:55,"En hora, Ha salido",,,W45
,06/Dic/2025,Ryanair,FR3143,Milan (BGY),10:00,"En hora, Ha salido",,,R13
,06/Dic/2025,Ryanair,FR6559,Liverpool (LPL),10:00,"En hora, Ha salido",,,W42
,06/Dic/2025,Wizz Air Malta,W46018,Rome (FCO),10:00,"En hora, Ha salido",,,U33
,06/Dic/2025,Transavia,HV5132,Amsterdam (AMS),10:05,"En hora, Ha salido",,,R12
,06/Dic/2025,Wizz Air,W61812,Wrocław (WRO),10:10,"En hora, Ha salido",,,S25
,06/Dic/2025,Wizz Air,W61476,Warsaw (WAW),10:15,"En hora, Ha salido",,,U35
,06/Dic/2025,easyJet Europe,EC7656,Lisbon (LIS),10:20,"En hora, Ha salido",,,R10
,06/Dic/2025,Ryanair,FR9171,Stockholm (ARN),10:20,"Retrasado, Ha salido 10:30",,,S22
,06/Dic/2025,Easyjet,U22326,London (LTN),10:20,"En hora, Ha salido",,,M6
,06/Dic/2025,Ryanair,FR3168,Newcastle (NCL),10:25,"En hora, Ha salido",,B738,Y53
,06/Dic/2025,Ryanair,FR9307,Cork (ORK),10:30,"En hora, Ha salido",,,W43
,06/Dic/2025,Lauda Europe,LW12,Vienna (VIE),10:30,"En hora, Ha salido",,,U34
,06/Dic/2025,Easyjet,U28056,London (LGW),10:35,"En hora, Ha salido",,,M1
,06/Dic/2025,Azerbaijan Airlines,J246,Baku (GYD),10:45,"En hora, Ha salido",,,W46
,06/Dic/2025,SkyUp MT,U5406,Chisinau (KIV),10:50,"Retrasado, Ha salido 12:02",,,Y54
,06/Dic/2025,Easyjet,U22704,Bristol (BRS),10:55,"En hora, Ha salido",,,M3
,06/Dic/2025,Ryanair,FR6394,Dublin (DUB),11:00,"En hora, Ha salido",,,Y59
,06/Dic/2025,Ryanair,FR4597,Porto (OPO),11:20,"Retrasado, Ha salido 12:40",,B38M,U41
,06/Dic/2025,easyJet Europe,EC7193,Leeds Bradford (LBA),11:30,"En hora, Ha salido",,,M6
,06/Dic/2025,Aer Lingus,EI563,Dublin (DUB),11:30,"En hora, Ha salido",,,W45
,06/Dic/2025,Ryanair,FR2507,Cologne-Bonn (CGN),11:55,"En hora, Ha salido",,,U37
,06/Dic/2025,Ryanair,FR2896,Palma de Mallorca (PMI),12:00,"En hora, Ha salido",189.0,Boeing 737-800,U33
,06/Dic/2025,Ryanair,FR3108,Luxembourg (LUX),12:05,"En hora, Ha salido",,B738,R13
,06/Dic/2025,easyJet Europe,EC8064,London (LGW),12:10,"En hora, Ha salido",,,M3
,06/Dic/2025,Ryanair,FR8231,London (STN),12:25,"En hora, Ha salido",,B738,W42
,06/Dic/2025,Ryanair,FR3320,Milan (BGY),12:30,"En hora, Ha salido",,,S21
,06/Dic/2025,Ryanair,FR6341,Rome (FCO),12:30,"En hora, Ha salido",,,S23
,06/Dic/2025,Norwegian Air Sweden AOC,D85544,Rovaniemi (RVN),12:45,"En hora, Ha salido",,B738,U37
,06/Dic/2025,Pegasus Airlines,PC1092,Istanbul (SAW),12:45,"En hora, Ha salido",,A21N,W46
,06/Dic/2025,Wizz Air,W67022,Bratislava (BTS),12:55,"En hora, Ha salido",,,U32
,06/Dic/2025,Ryanair,FR483,Malaga (AGP),13:05,"Retrasado, Ha salido 13:27",189.0,Boeing 737-800,U31
,06/Dic/2025,Boliviana de Aviacion,OB775,Santa Cruz (VVI),13:10,"Retrasado, Programado 13:55",,,Y56
,06/Dic/2025,Wizz Air Malta,W46330,Milan (MXP),13:10,"En hora, Ha salido",,A21N,S25
,06/Dic/2025,easyJet Europe,EC7101,"Basel, Switzerland/Mulhouse (BSL)",13:20,"En hora, Ha salido",,,R9
,06/Dic/2025,Ryanair,FR7808,London (LTN),13:20,"En hora, Ha salido",,B38M,W45
,06/Dic/2025,Ryanair UK,RK6597,Manchester (MAN),13:25,"En hora, Ha salido",,B738,Y53
,06/Dic/2025,Ryanair,FR2098,Bologna (BLQ),13:30,"En hora, Ha salido",,B738,S20
,06/Dic/2025,Air Arabia Maroc,3O378,Tanger (TNG),13:35,"En hora, Ha salido",,A320,Y54
,06/Dic/2025,easyJet Europe,EC7153,Milan (MXP),13:35,"En hora, Ha salido",,,R15
,06/Dic/2025,Ryanair,FR1681,Frankfurt-Hahn (HHN),14:00,"En hora, Ha salido",,,U33
,06/Dic/2025,Ryanair,FR8631,Tanger (TNG),14:00,"En hora, Programado",,B738,Y57
,06/Dic/2025,Air Baltic,BT684,Riga (RIX),14:05,"En hora, Programado",,,S21
,06/Dic/2025,Ryanair,FR58,Napoli (NAP),14:15,"En hora, Programado",,,U35
,06/Dic/2025,Kuwait Airways,KU136,Kuwait City (KWI),14:25,"En hora, Programado",,,W44
,06/Dic/2025,Ryanair,FR3070,Palma De Mallorca (PMI),14:40,En hora,189.0,Boeing 737-800,S
,06/Dic/2025,Ryanair,FR774,Torino (TRN),14:45,"En hora, Programado",,,S22
,06/Dic/2025,Ryanair,FR3121,Beauvais (BVA),14:50,"En hora, Programado",,,U37
,06/Dic/2025,Turkish Airlines,TK608,Ankara (ESB),14:50,"En hora, Programado",,,W46
,06/Dic/2025,Ryanair,FR6300,Sofia (SOF),14:55,"En hora, Programado",,,R14
,06/Dic/2025,Ryanair,FR3189,Fes (FEZ),15:30,"Retrasado, Ha salido 15:40",,B738,W42
,06/Dic/2025,Ryanair,FR3807,Charleroi (CRL),16:05,"En hora, Ha salido",,,U32
,06/Dic/2025,BUZZ,RR8384,Budapest (BUD),16:10,"En hora, Ha salido",,,R13
,06/Dic/2025,Ryanair,FR7543,Manchester (MAN),16:20,"En hora, Ha salido",,,W45
,06/Dic/2025,Ryanair,FR3146,Oujda (OUD),16:45,"Retrasado, Ha salido 16:55",,,W50
,06/Dic/2025,Wizz Air Malta,W46728,Venice (VCE),16:45,"En hora, Ha salido",,,S23
,06/Dic/2025,Ryanair,FR269,Milan (MXP),16:50,"En hora, Ha salido",,,U31
,06/Dic/2025,Ryanair,FR2406,Sevilla (SVQ),17:00,"Retrasado, Ha salido 17:18",197.0,,U34
,06/Dic/2025,Ryanair,FR9015,London (STN),17:00,"Retrasado, Ha salido 17:13",,,Y59
,06/Dic/2025,Ryanair,FR5752,Valletta (MLA),17:10,"En hora, Ha salido",,B38M,U33
,06/Dic/2025,Ryanair,FR6874,Dublin (DUB),17:40,"En hora, Ha salido",,,W42
,06/Dic/2025,Wizz Air Malta,W43180,Bucharest (OTP),17:40,"En hora, Ha salido",,,S24
,06/Dic/2025,Ryanair,FR2233,Al Aaroui (NDR),17:50,"En hora, Ha salido",,,Y53
,06/Dic/2025,Ryanair,FR2925,Brussels (BRU),17:50,"En hora, Ha salido",,,U32
,06/Dic/2025,easyJet Europe,EC8066,London (LGW),17:55,"En hora, Ha salido",,,M6
,06/Dic/2025,Ryanair,FR6353,Milan (BGY),17:55,"En hora, Ha salido",,B38M,S25
,06/Dic/2025,Bluebird Airways,BZ251,Tel Aviv (TLV),18:00,"Retrasado, Ha salido 18:25",,B738,Y59
,06/Dic/2025,easyJet Europe,EC7103,"Basel, Switzerland/Mulhouse (BSL)",18:00,"En hora, Ha salido",,,R11
,06/Dic/2025,Ryanair,FR878,Venice (VCE),18:15,"En hora, Ha salido",,,S22
,06/Dic/2025,Transavia,HV5134,Amsterdam (AMS),18:15,"En hora, Ha salido",,,U35
,06/Dic/2025,Ryanair,FR3035,Krakow (KRK),18:20,"En hora, Ha salido",,,S20
,06/Dic/2025,Ryanair,FR3792,Birmingham (BHX),18:55,"En hora, Ha salido",,,Y57
,06/Dic/2025,Wizz Air,W61176,Katowice (KTW),18:55,"En hora, Ha salido",,,U33
,06/Dic/2025,Wizz Air,W61478,Warsaw (WAW),19:00,"En hora, Ha salido",,,S23
,06/Dic/2025,Ryanair,FR9045,London (STN),19:05,"En hora, Ha salido",,,W42
,06/Dic/2025,Ryanair,FR5270,Manchester (MAN),19:20,"En hora, Ha salido",,,W45
,06/Dic/2025,Volotea,V72327,Strasbourg (SXB),19:20,"Retrasado, Ha salido 19:43",,,R13
,06/Dic/2025,Transavia,TO4757,Paris (ORY),19:25,"Retrasado, Ha salido 19:37",,A20N,R14
,06/Dic/2025,Ryanair,FR149,Berlin (BER),19:35,"Retrasado, Ha salido 19:59",,,U32
,06/Dic/2025,Wizz Air,W64406,Sofia (SOF),19:35,"En hora, Ha salido",,A21N,U34
,06/Dic/2025,Air Baltic,BT878,Tallinn (TLL),19:40,"En hora, Ha salido",,,S20
,06/Dic/2025,Ryanair,FR3078,Lisbon (LIS),19:55,"En hora, Ha salido",,,S24
,06/Dic/2025,Volotea,V71415,Verona (VRN),19:55,"En hora, Ha salido",,,U31
,06/Dic/2025,Lauda Europe,LW7351,Vienna (VIE),20:05,"En hora, Ha salido",,,U35
,06/Dic/2025,easyJet Europe,EC1380,Geneva (GVA),20:10,"En hora, Ha salido",,,R11
,06/Dic/2025,Ryanair,FR867,Venice (VCE),20:20,"En hora, Ha salido",,,U33
,06/Dic/2025,Ryanair,FR9581,Sevilla (SVQ),20:25,"En hora, Ha salido",189.0,,R12
,06/Dic/2025,T'Way Air,TW408,Seoul/Incheon (ICN),20:30,"En hora, Ha salido",,,W43
,06/Dic/2025,Ryanair,FR3182,Malaga (AGP),20:45,"Retrasado, Ha salido 21:02",189.0,,U36
,06/Dic/2025,Ryanair,FR3928,Trieste (TRS),20:45,"En hora, Ha salido",,,R13
,06/Dic/2025,Transavia,TO4759,Paris (ORY),20:45,"Retrasado, Ha salido 21:31",,,S22
,06/Dic/2025,Wizz Air,W62378,Budapest (BUD),20:45,"En hora, Ha salido",,,S23
,06/Dic/2025,Ryanair,FR4585,Porto (OPO),20:50,"Retrasado, Ha salido 21:12",,,U34
,06/Dic/2025,Ryanair,FR6267,Edinburgh (EDI),20:55,"En hora, Ha salido",,,W45
,06/Dic/2025,Wizz Air Malta,W43178,Bucharest (BBU),21:20,"Retrasado, Programado 22:50",,,S23
,06/Dic/2025,Wizz Air Malta,W43406,Cluj-Napoca (CLJ),21:25,"En hora, Ha salido",,,S25
,06/Dic/2025,Ryanair,FR5220,Bologna (BLQ),21:30,"En hora, Ha salido",,,U35
,06/Dic/2025,BUZZ,RR3039,Prague (PRG),21:35,"Retrasado, Ha salido 21:52",,,S24
,06/Dic/2025,Wizz Air Malta,W46020,Rome (FCO),21:35,"Retrasado, Ha salido 21:45",,,S20
,06/Dic/2025,Ryanair,FR3800,Birmingham (BHX),21:55,"En hora, Ha salido",,,Y58
,06/Dic/2025,Ryanair,FR8574,Rome (FCO),22:10,"En hora, Programado",,,U32
,06/Dic/2025,Wizz Air,W64116,Belgrade (BEG),22:10,"En hora, Ha salido",,,W43
,06/Dic/2025,Air Arabia Maroc,3O642,Tanger (TNG),22:15,"En hora, Ha salido",,,Y55
,07/Dic/2025,Ryanair,FR3180,Rome (FCO),06:00,"En hora, Ha salido",,,U36
,07/Dic/2025,Ryanair,FR2834,Charleroi (CRL),06:10,"En hora, Ha salido",,,S22
,07/Dic/2025,Ryanair,FR2918,Brussels (BRU),06:25,"Retrasado, Ha salido 08:00",,,U37
,07/Dic/2025,Ryanair,FR4084,Warsaw (WMI),06:25,"En hora, Ha salido",,B738,U34
,07/Dic/2025,Ryanair,FR2239,Marrakech (RAK),06:30,"En hora, Ha salido",,,Y54
,07/Dic/2025,Ryanair,FR2507,Cologne-Bonn (CGN),06:40,"En hora, Ha salido",,,S23
,07/Dic/2025,easyJet Europe,EC7101,"Basel, Switzerland/Mulhouse (BSL)",06:50,"En hora, Ha salido",,,R9
,07/Dic/2025,easyJet Europe,EC7191,Glasgow (GLA),07:20,"En hora, Ha salido",,,M6
,07/Dic/2025,easyJet Europe,EC8064,London (LGW),07:20,"En hora, Ha salido",,,M3
,07/Dic/2025,Ryanair,FR6597,Manchester (MAN),07:30,"En hora, Ha salido",,,W43
,07/Dic/2025,Ryanair,FR3108,Luxembourg (LUX),07:35,"En hora, Ha salido",,B738,U41
,07/Dic/2025,Ryanair,FR1165,Sevilla (SVQ),07:50,"En hora, Ha salido",189.0,Boeing 737-800,U33
,07/Dic/2025,Norwegian Air Sweden AOC,D85510,Copenhagen (CPH),07:55,"En hora, Ha salido",,B738,R11
,07/Dic/2025,easyJet Europe,EC7131,Nice/Cote D'Azur (NCE),08:00,"En hora, Ha salido",,,R12
,07/Dic/2025,easyJet Europe,EC3754,Milan (MXP),08:25,"En hora, Ha salido",,,R9
,07/Dic/2025,Ryanair,FR878,Venice (VCE),08:30,"Retrasado, Ha salido 09:40",,B738,U35
,07/Dic/2025,easyJet Europe,EC1376,Geneva (GVA),08:35,"En hora, Ha salido",,,R13
,07/Dic/2025,Volotea,V73735,Murcia (RMU),08:40,"En hora, Ha salido",180.0,Airbus A320,R14
,07/Dic/2025,BUZZ,RR1786,Vilnius (VNO),09:00,"En hora, Ha salido",,,S25
,07/Dic/2025,Ryanair,FR3028,Ibiza (IBZ),09:05,"En hora, Ha salido",,,S24
,07/Dic/2025,Wizz Air,W62048,Krakow (KRK),09:05,"En hora, Ha salido",,,U31
,07/Dic/2025,BUZZ,RR3193,Riga (RIX),09:10,"En hora, Ha salido",,,S20
,07/Dic/2025,Eurowings,EW7521,Hamburg (HAM),09:25,"En hora, Ha salido",,,U32
,07/Dic/2025,Wizz Air Malta,W43176,Bucharest (OTP),09:25,"En hora, Ha salido",,,U33
,07/Dic/2025,Wizz Air Malta,W45088,Tirana (TIA),09:25,"En hora, Ha salido",,,W45
,07/Dic/2025,Wizz Air,W62376,Budapest (BUD),09:25,"En hora, Ha salido",,,S22
,07/Dic/2025,Ryanair,FR4545,Porto (OPO),09:35,"En hora, Ha salido",,,S23
,07/Dic/2025,Wizz Air Malta,W42938,Vienna (VIE),09:35,"En hora, Ha salido",,,U36
,07/Dic/2025,easyJet Europe,EC7656,Lisbon (LIS),09:45,"En hora, Ha salido",,,R10
,07/Dic/2025,BUZZ,RR333,Gdansk (GDN),09:45,"En hora, Ha salido",,,U34
,07/Dic/2025,BUZZ,RR8384,Budapest (BUD),09:45,"En hora, Ha salido",,,R12
,07/Dic/2025,Ryanair,FR2495,Palma de Mallorca (PMI),09:50,"En hora, Ha salido",189.0,Boeing 737-800,R14
,07/Dic/2025,Ryanair,FR9593,Tanger (TNG),09:50,"Retrasado, Ha salido 10:08",,,Y57
,07/Dic/2025,Ryanair,FR6341,Rome (FCO),09:55,"En hora, Ha salido",,,U37
,07/Dic/2025,BUZZ,RR3049,Krakow (KRK),09:55,"Retrasado, Ha salido 10:30",,,R11
,07/Dic/2025,Ryanair,FR8231,London (STN),10:00,"En hora, Ha salido",,,W43
,07/Dic/2025,Wizz Air Malta,W46018,Rome (FCO),10:00,"En hora, Ha salido",,,R13
,07/Dic/2025,Ryanair,FR6874,Dublin (DUB),10:05,"En hora, Ha salido",,,W44
,07/Dic/2025,Lauda Europe,LW7351,Vienna (VIE),10:10,"En hora, Ha salido",,,S25
,07/Dic/2025,Wizz Air,W61812,Wrocław (WRO),10:10,"En hora, Ha salido",,,S21
,07/Dic/2025,Wizz Air,W61476,Warsaw (WAW),10:15,"Retrasado, Ha salido 10:31",,,U31
,07/Dic/2025,Ryanair,FR575,Bologna (BLQ),10:20,"Retrasado, Ha salido 10:33",,,S20
,07/Dic/2025,Easyjet,U22324,London (LTN),10:25,"En hora, Ha salido",,A319,M6
,07/Dic/2025,Ryanair,FR6267,Edinburgh (EDI),10:30,"En hora, Ha salido",,,Y55
,07/Dic/2025,Ryanair,FR7543,Manchester (MAN),10:40,"En hora, Ha salido",,,W46
,07/Dic/2025,Ryanair,FR1279,Copenhagen (CPH),10:45,"En hora, Ha salido",,,U37
,07/Dic/2025,Ryanair,FR3143,Milan (BGY),10:45,"En hora, Ha salido",,,S22
,07/Dic/2025,Azerbaijan Airlines,J246,Baku (GYD),10:45,"Retrasado, Ha salido 11:38",,,Y58
,07/Dic/2025,Ryanair,FR3166,Palermo (PMO),11:00,"En hora, Ha salido",,,R12
,07/Dic/2025,Easyjet,U22002,Manchester (MAN),11:10,"En hora, Ha salido",,,M3
,07/Dic/2025,Norwegian Air Shuttle,DY1741,Oslo (OSL),11:15,"Retrasado, Ha salido 11:28",,,U33
,07/Dic/2025,Aer Lingus,EI563,Dublin (DUB),11:30,"En hora, Ha salido",,,Y53
,07/Dic/2025,easyJet Europe,EC7139,Rennes/Saint-Jacques (RNS),11:45,"En hora, Ha salido",,,R10
,07/Dic/2025,Icelandair,FI597,Keflavik (KEF),11:50,"Retrasado, Ha salido 12:06",,,U37
,07/Dic/2025,Lauda Europe,LW2889,Palma de Mallorca (PMI),11:55,"En hora, Ha salido",180.0,Airbus A320,S21
,07/Dic/2025,Volotea,V72327,Strasbourg (SXB),11:55,"En hora, Ha salido",,,S24
,07/Dic/2025,Ryanair,FR8217,London (STN),12:00,"En hora, Ha salido",,,W43
,07/Dic/2025,Ryanair,FR3129,Ibiza (IBZ),12:05,"En hora, Ha salido",,,S23
,07/Dic/2025,Ryanair,FR3976,Dublin (DUB),12:25,"En hora, Ha salido",,,W42
,07/Dic/2025,Ryanair,FR1527,Valletta (MLA),12:30,"En hora, Ha salido",,,U32
,07/Dic/2025,Ryanair,FR2402,Sevilla (SVQ),12:30,"En hora, Ha salido",189.0,BBoeing 737-800,S25
,07/Dic/2025,Volotea,V72167,Lille/Lesquin (LIL),12:35,"En hora, Ha salido",,,R14
,07/Dic/2025,Ryanair,FR6300,Sofia (SOF),12:45,"En hora, Ha salido",,,U34
,07/Dic/2025,Pegasus Airlines,PC1092,Istanbul (SAW),12:45,"En hora, Ha salido",,,W45
,07/Dic/2025,Ryanair,FR2511,Cologne-Bonn (CGN),12:55,"En hora, Ha salido",,,U31
,07/Dic/2025,Ryanair,FR8598,Reggio Calabria (REG),13:05,"En hora, Ha salido",,,U33
,07/Dic/2025,Volotea,V71445,Olbia (OLB),13:05,"En hora, Ha salido",,,R13
,07/Dic/2025,Wizz Air Malta,W46330,Milan (MXP),13:10,"Retrasado, Ha salido 13:34",,,S20
,07/Dic/2025,Ryanair,FR3121,Beauvais (BVA),13:20,"Retrasado, Ha salido 13:34",,,U36
,07/Dic/2025,Easyjet,U28056,London (LGW),13:25,"En hora, Ha salido",,,M6
,07/Dic/2025,Pegasus Airlines,PC1528,Izmir (ADB),13:30,"En hora, Ha salido",,,W44
,07/Dic/2025,easyJet Europe,EC1380,Geneva (GVA),13:40,"Retrasado, Programado 13:50",,,R12
,07/Dic/2025,Ryanair,FR9811,London (STN),13:40,"En hora, Ha salido",,,W43
,07/Dic/2025,Ryanair,FR483,Malaga (AGP),13:50,"En hora, Programado",189.0,Boeing 737-800,R14
,07/Dic/2025,Air Baltic,BT684,Riga (RIX),14:05,"En hora, Programado",,,S24
,07/Dic/2025,easyJet Europe,EC7153,Milan (MXP),14:05,"En hora, Programado",,,R9
,07/Dic/2025,Ryanair,FR1342,Palma de Mallorca (PMI),14:05,"En hora, Programado",189.0,Boeing 737-800,S21
,07/Dic/2025,Ryanair,FR6920,Dublin (DUB),14:05,"En hora, Programado",,,Y57
,07/Dic/2025,Ryanair,FR4585,Porto (OPO),14:10,"En hora, Programado",,,U35
,07/Dic/2025,SunExpress,XQ895,Izmir (ADB),14:15,"En hora, Programado",,,W46
,07/Dic/2025,Transavia,HV5132,Amsterdam (AMS),14:20,"En hora, Programado",,,S22
,07/Dic/2025,easyJet Europe,EC7107,Geneva (GVA),14:25,"En hora, Programado",,,R13
,07/Dic/2025,Ryanair,FR6973,Rome (FCO),14:25,"En hora, Programado",,,S23
,07/Dic/2025,Norwegian Air Sweden AOC,D85502,Stockholm (ARN),14:40,"En hora, Programado",,,
,07/Dic/2025,Bluebird Airways,BZ251,Tel Aviv (TLV),14:45,"En hora, Programado",,,
,07/Dic/2025,SmartWings,QS1059,Prague (PRG),14:55,"En hora, Programado",,,
,07/Dic/2025,Ryanair,FR3320,Milan (BGY),15:00,"En hora, Ha salido",,,U32
,07/Dic/2025,Ryanair,FR774,Torino (TRN),15:15,"En hora, Ha salido",,,S20
,07/Dic/2025,BUZZ,RR3072,Prague (PRG),15:15,"En hora, Ha salido",,,S25
,07/Dic/2025,Transavia,TO4755,Paris (ORY),15:15,"En hora, Ha salido",,,U31
,07/Dic/2025,easyJet Europe,EC7694,Lisbon (LIS),15:20,"En hora, Ha salido",,,R12
,07/Dic/2025,Wizz Air,W61412,Warsaw (WMI),15:25,"En hora, Ha salido",,,U35
,07/Dic/2025,Ryanair,FR269,Milan (MXP),15:30,"En hora, Ha salido",,,U33
,07/Dic/2025,Air Arabia Maroc,3O378,Tanger (TNG),15:35,"En hora, Ha salido",,,Y55
,07/Dic/2025,Ryanair,FR133,Berlin (BER),16:15,"En hora, Ha salido",,,S21
,07/Dic/2025,Ryanair,FR2922,Brussels (BRU),16:15,"En hora, Ha salido",,,S23
,07/Dic/2025,easyJet Europe,EC7173,Berlin (BER),16:30,"En hora, Ha salido",,,R10
,07/Dic/2025,Ryanair,FR9814,London (STN),16:40,"En hora, Ha salido",,B738,W44
,07/Dic/2025,Ryanair,FR8669,Dublin (DUB),16:55,"En hora, Ha salido",,,W42
,07/Dic/2025,Air Arabia Maroc,3O374,Casablanca (CMN),17:00,"En hora, Ha salido",,A320,Y55
,07/Dic/2025,Ryanair,FR2250,Marrakech (RAK),17:00,"En hora, Ha salido",,,Y57
,07/Dic/2025,BUZZ,RR8394,Budapest (BUD),17:15,"En hora, Ha salido",,,U36
,07/Dic/2025,Ryanair,FR5718,Bratislava (BTS),17:20,"En hora, Ha salido",,,U34
,07/Dic/2025,Ryanair,FR12,Vienna (VIE),17:40,"En hora, Ha salido",,,S24
,07/Dic/2025,Volotea,V73573,Asturias (OVD),17:40,"En hora, Ha salido",,,S23
,07/Dic/2025,BUZZ,RR5252,Krakow (KRK),17:50,"Retrasado, Ha salido 19:37",,,U31
,07/Dic/2025,Ryanair,FR1681,Frankfurt-Hahn (HHN),18:00,"En hora, Ha salido",,,U33
,07/Dic/2025,Ryanair,FR777,Venice (VCE),18:00,"En hora, Ha salido",,,S22
,07/Dic/2025,Ryanair,FR6305,Milan (BGY),18:05,"En hora, Ha salido",,,S20
,07/Dic/2025,easyJet Europe,EC7109,Geneva (GVA),18:15,"En hora, Ha salido",,,R9
,07/Dic/2025,Volotea,V73700,Vitoria (VIT),18:20,"En hora, Ha salido",,,S25
,07/Dic/2025,Ryanair,FR2406,Sevilla (SVQ),18:30,"En hora, Ha salido",189.0,,S21
,07/Dic/2025,Wizz Air Malta,W43686,Iasi (IAS),18:30,"En hora, Ha salido",,,U32
,07/Dic/2025,Jet2,LS804,Manchester (MAN),18:35,"En hora, Ha salido",,,W45
,07/Dic/2025,easyJet Europe,EC7103,"Basel, Switzerland/Mulhouse (BSL)",18:45,"En hora, Ha salido",,,R12
,07/Dic/2025,Ryanair,FR8631,Tanger (TNG),18:45,"Retrasado, Ha salido 18:57",,,Y53
,07/Dic/2025,Transavia,HV6066,Rotterdam (RTM),18:50,"En hora, Ha salido",,,U35
,07/Dic/2025,Easyjet,U25716,Southend (SEN),18:55,"Retrasado, Ha salido 19:20",,,M6
,07/Dic/2025,Wizz Air,W61176,Katowice (KTW),18:55,"En hora, Ha salido",,,R14
,07/Dic/2025,Wizz Air,W61478,Warsaw (WAW),19:00,"En hora, Ha salido",,A21N,U34
,07/Dic/2025,easyJet Europe,EC7159,Milan (LIN),19:05,"En hora, Ha salido",,,R10
,07/Dic/2025,Wizz Air Malta,W43180,Bucharest (OTP),19:05,"Retrasado, Ha salido 19:18",,A321,R13
,07/Dic/2025,Ryanair,FR6394,Dublin (DUB),19:10,"Retrasado, Ha salido 19:30",,B38M,Y57
,07/Dic/2025,Ryanair,FR3160,Bristol (BRS),19:25,"En hora, Ha salido",,B738,W42
,07/Dic/2025,Volotea,V72165,Nantes/Atlantique (NTE),19:30,"En hora, Ha salido",,,S22
,07/Dic/2025,,E69443,Dusseldorf (DUS),19:35,"En hora, Ha salido",,,S25
,07/Dic/2025,Wizz Air,W64406,Sofia (SOF),19:35,"En hora, Ha salido",,,S20
,07/Dic/2025,Ryanair,FR2233,Al Aaroui (NDR),19:40,"En hora, Programado",,,Y
,07/Dic/2025,easyJet Europe,EC3750,Milan (MXP),19:45,"En hora, Ha salido",,,R11
,07/Dic/2025,Ryanair,FR5710,Napoli (NAP),19:45,"Retrasado, Ha salido 20:30",,,U33
,07/Dic/2025,Ryanair,FR9015,London (STN),19:45,"En hora, Ha salido",,,W43
,07/Dic/2025,Easyjet,U28058,London (LGW),19:45,"En hora, Ha salido",,,M3
,07/Dic/2025,Wizz Air,W64666,Larnaca (LCA),19:55,"En hora, Ha salido",,A321,W44
,07/Dic/2025,Ryanair,FR8136,Ibiza (IBZ),20:10,"En hora, Ha salido",,,S24
,07/Dic/2025,Wizz Air,W62096,Krakow (KRK),20:10,"Retrasado, Programado 22:13",,,U34
,07/Dic/2025,easyJet Europe,EC4212,Napoli (NAP),20:20,"En hora, Ha salido",,,R9
,07/Dic/2025,Transavia,HV6788,Eindhoven (EIN),20:20,"En hora, Ha salido",,,U35
,07/Dic/2025,Wizz Air,W67022,Bratislava (BTS),20:20,"En hora, Ha salido",,,S21
,07/Dic/2025,Ryanair,FR6985,Rome (FCO),20:30,"En hora, Ha salido",,,U34
,07/Dic/2025,Eurowings,EW521,Cologne-Bonn (CGN),20:35,"En hora, Ha salido",,,R13
,07/Dic/2025,Air Serbia,JU585,Belgrade (BEG),20:35,"En hora, Ha salido",,,Y55
,07/Dic/2025,Norwegian Air Sweden AOC,D83659,Copenhagen (CPH),20:40,"En hora, Ha salido",,,R12
,07/Dic/2025,Eurowings,EW2521,Stuttgart (STR),20:40,"En hora, Ha salido",,,R11
,07/Dic/2025,Ryanair,FR4587,Porto (OPO),20:40,"En hora, Ha salido",,,S23
,07/Dic/2025,Luxair,LG3596,Luxembourg (LUX),20:40,"Retrasado, Ha salido 21:01",,,U32
,07/Dic/2025,Transavia,TO4759,Paris (ORY),20:45,"Retrasado, Ha salido 20:57",,,S20
,07/Dic/2025,Wizz Air,W62378,Budapest (BUD),20:45,"Retrasado, Ha salido 21:04",,,U36
,07/Dic/2025,Ryanair,FR6275,Edinburgh (EDI),20:50,"Retrasado, Ha salido 21:00",,,W42
,07/Dic/2025,BUZZ,RR6944,Warsaw (WMI),20:50,"En hora, Ha salido",,,U31
,07/Dic/2025,Easyjet,U22326,London (LTN),20:55,"En hora, Ha salido",,,M6
,07/Dic/2025,Wizz Air,W64738,Skopje (SKP),20:55,"En hora, Ha salido",,,W46
,07/Dic/2025,BUZZ,RR8615,Budapest (BUD),21:00,"Retrasado, Ha salido 22:20",,,R12
,07/Dic/2025,Aer Lingus,EI565,Dublin (DUB),21:05,"En hora, Ha salido",,,Y53
,07/Dic/2025,Ryanair,FR2896,Palma de Mallorca (PMI),21:15,"En hora, Ha salido",189.0,,S24
,07/Dic/2025,Transavia,HV5134,Amsterdam (AMS),21:15,"En hora, Ha salido",,,S22
,07/Dic/2025,Ryanair,FR3792,Birmingham (BHX),21:20,"En hora, Ha salido",,,Y57
,07/Dic/2025,Wizz Air Malta,W43178,Bucharest (BBU),21:20,"En hora, Ha salido",,,S25
,07/Dic/2025,Wizz Air Malta,W43406,Cluj-Napoca (CLJ),21:25,"En hora, Ha salido",,,R14
,07/Dic/2025,Easyjet,U28060,London (LGW),21:30,"En hora, Ha salido",,,M1
,07/Dic/2025,Wizz Air Malta,W46020,Rome (FCO),21:35,"En hora, Ha salido",,,S21
,07/Dic/2025,Ryanair,FR5752,Valletta (MLA),21:45,"En hora, Ha salido",,,U33
,07/Dic/2025,Wizz Air Malta,W46728,Venice (VCE),21:45,"En hora, Ha salido",,,S23
,07/Dic/2025,Easyjet,U22706,Bristol (BRS),21:50,"En hora, Ha salido",,,M6
,07/Dic/2025,Volotea,V71415,Verona (VRN),21:55,"En hora, Ha salido",,,R13
,07/Dic/2025,Wizz Air,W64116,Belgrade (BEG),21:55,"En hora, Ha salido",,,W43
,07/Dic/2025,Wizz Air Malta,W45154,Tirana (TIA),22:45,"En hora, Programado",,,W44
,07/Dic/2025,Ryanair,FR5220,Bologna (BLQ),22:50,"En hora, Programado",,,U31
,07/Dic/2025,Wizz Air,W61706,Gdansk (GDN),22:50,"En hora, Programado",,,S22
,07/Dic/2025,Ryanair,FR9406,Fes (FEZ),23:15,"En hora, Programado",,,Y54
,08/Dic/2025,Ryanair,FR3180,Rome (FCO),06:00,"En hora, Ha salido",,,U31
,08/Dic/2025,Ryanair,FR846,Milan (BGY),06:10,"En hora, Ha salido",,,S20
,08/Dic/2025,easyJet Europe,EC7105,Geneva (GVA),06:15,"En hora, Ha salido",,,R10
,08/Dic/2025,Ryanair,FR2233,Al Aaroui (NDR),06:20,"En hora, Ha salido",,,Y53
,08/Dic/2025,Ryanair,FR8384,Budapest (BUD),06:25,"En hora, Ha salido",,,U33
,08/Dic/2025,Ryanair,FR3078,Lisbon (LIS),06:30,"En hora, Ha salido",,,S24
,08/Dic/2025,easyJet Europe,EC8062,London (LGW),06:45,"Retrasado, Ha salido 07:37",,,M6
,08/Dic/2025,Ryanair,FR3035,Krakow (KRK),06:45,"En hora, Ha salido",,,U35
,08/Dic/2025,Ryanair,FR8215,London (STN),06:45,"En hora, Ha salido",,,W46
,08/Dic/2025,easyJet Europe,EC7141,Strasbourg (SXB),07:20,"En hora, Ha salido",,,R9
,08/Dic/2025,easyJet Europe,EC7151,Milan (MXP),07:20,"En hora, Ha salido",,,R11
,08/Dic/2025,Ryanair,FR3028,Ibiza (IBZ),07:35,"En hora, Ha salido",,,U32
,08/Dic/2025,Lauda Europe,LW1342,Palma de Mallorca (PMI),07:40,"En hora, Ha salido",180.0,Airbus A320,R13
,08/Dic/2025,Ryanair,FR1165,Sevilla (SVQ),07:55,"En hora, Ha salido",189.0,Boeing 737-800,S21
,08/Dic/2025,Norwegian Air Sweden AOC,D85510,Copenhagen (CPH),08:00,"En hora, Ha salido",,,S25
,08/Dic/2025,Ryanair,FR58,Napoli (NAP),08:35,"En hora, Ha salido",,,U33
,08/Dic/2025,Ryanair,FR575,Bologna (BLQ),08:40,"En hora, Ha salido",,,S23
,08/Dic/2025,easyJet Europe,EC1376,Geneva (GVA),08:45,"Retrasado, Ha salido 08:55",,,R13
,08/Dic/2025,Lauda Europe,LW12,Vienna (VIE),09:00,"En hora, Ha salido",,,S24
,08/Dic/2025,Ryanair,FR6078,Ouarzazate (OZZ),09:05,"Retrasado, Ha salido 09:19",,,W42
,08/Dic/2025,Wizz Air,W62048,Krakow (KRK),09:05,"En hora, Ha salido",,,S20
,08/Dic/2025,Volotea,V72327,Strasbourg (SXB),09:10,"En hora, Ha salido",,,R12
,08/Dic/2025,Air Arabia Maroc,3O398,Rabat (RBA),09:20,"En hora, Ha salido",,,W43
,08/Dic/2025,Eurowings,EW2521,Stuttgart (STR),09:20,"En hora, Ha salido",,,U32
,08/Dic/2025,Wizz Air Malta,W43176,Bucharest (OTP),09:25,En hora,239.0,Airbus A321neo,S
,08/Dic/2025,Wizz Air Malta,W45088,Tirana (TIA),09:25,"En hora, Ha salido",,,W44
,08/Dic/2025,Wizz Air,W62376,Budapest (BUD),09:25,"Retrasado, Ha salido 09:45",,,U36
,08/Dic/2025,Volotea,V73573,Asturias (OVD),09:30,"En hora, Ha salido",,,U31
,08/Dic/2025,easyJet Europe,EC1030,"Basel, Switzerland/Mulhouse (BSL)",09:35,"En hora, Ha salido",,,R10
,08/Dic/2025,Ryanair,FR2834,Charleroi (CRL),09:40,"En hora, Ha salido",,,U34
,08/Dic/2025,Transavia,HV6062,Rotterdam (RTM),09:40,"Retrasado, Ha salido 10:18",,,S22
,08/Dic/2025,,E69441,Dusseldorf (DUS),09:45,"Retrasado, Ha salido 10:00",,,S25
,08/Dic/2025,Ryanair,FR2495,Palma de Mallorca (PMI),09:45,"En hora, Ha salido",189.0,Boeing 737-800,U35
,08/Dic/2025,Ryanair,FR4545,Porto (OPO),09:50,"En hora, Ha salido",,,R11
,08/Dic/2025,Air Serbia,JU581,Belgrade (BEG),09:55,"En hora, Ha salido",,,Y58
,08/Dic/2025,easyJet Europe,EC7656,Lisbon (LIS),10:00,"En hora, Ha salido",,,R9
,08/Dic/2025,Transavia,HV5132,Amsterdam (AMS),10:05,"Retrasado, Ha salido 10:35",,,S23
,08/Dic/2025,Transavia,TO4751,Paris (ORY),10:05,"En hora, Ha salido",,,R14
,08/Dic/2025,Wizz Air Malta,W46018,Rome (FCO),10:05,En hora,239.0,Airbus A321neo,U
,08/Dic/2025,Ryanair,FR9175,Bristol (BRS),10:10,"En hora, Ha salido",,,W46
,08/Dic/2025,Ryanair,FR6559,Liverpool (LPL),10:15,"En hora, Ha salido",,,W45
,08/Dic/2025,Wizz Air,W61476,Warsaw (WAW),10:15,"Retrasado, Ha salido 10:44",,A21N,R13
,08/Dic/2025,Ryanair,FR3143,Milan (BGY),10:20,"En hora, Ha salido",,,U37
,08/Dic/2025,Easyjet,U22324,London (LTN),10:25,"En hora, Ha salido",,,M6
,08/Dic/2025,Ryanair,FR7808,London (LTN),10:35,"En hora, Ha salido",,,Y57
,08/Dic/2025,easyJet Europe,EC7131,Nice/Cote D'Azur (NCE),10:40,"En hora, Ha salido",,,R12
,08/Dic/2025,Easyjet,U28056,London (LGW),10:40,"En hora, Ha salido",,A319,M1
,08/Dic/2025,Ryanair,FR2239,Marrakech (RAK),10:45,"En hora, Ha salido",,B738,Y55
,08/Dic/2025,Ryanair,FR3121,Beauvais (BVA),10:45,"Retrasado, Ha salido 10:58",,,S20
,08/Dic/2025,Ryanair,FR3976,Dublin (DUB),10:45,"En hora, Ha salido",,B738,W44
,08/Dic/2025,Ryanair,FR3039,Prague (PRG),10:55,"En hora, Ha salido",,B738,S24
,08/Dic/2025,Ryanair,FR9045,London (STN),11:00,"Retrasado, Ha salido 11:16",,,W43
,08/Dic/2025,Easyjet,U22002,Manchester (MAN),11:20,Retrasado,180.0,Airbus A320,M
,08/Dic/2025,Aer Lingus,EI563,Dublin (DUB),11:30,"En hora, Ha salido",,,Y53
,08/Dic/2025,Ryanair,FR7539,Milan (MXP),11:30,"En hora, Ha salido",,,U32
,08/Dic/2025,Ryanair,FR1279,Copenhagen (CPH),11:35,"En hora, Ha salido",,,U35
,08/Dic/2025,easyJet Europe,EC7197,Birmingham (BHX),11:40,"En hora, Ha salido",,,M6
,08/Dic/2025,Ryanair,FR777,Venice (VCE),11:55,"Retrasado, Ha salido 12:40",,,S20
,08/Dic/2025,Ryanair,FR8217,London (STN),12:00,"En hora, Ha salido",,,W42
,08/Dic/2025,easyJet Europe,EC8064,London (LGW),12:20,"En hora, Ha salido",,,M8
,08/Dic/2025,Ryanair,FR6973,Rome (FCO),12:35,"Retrasado, Ha salido 12:50",,,S23
,08/Dic/2025,Ryanair,FR774,Torino (TRN),12:40,"En hora, Ha salido",,,U34
,08/Dic/2025,Ryanair,FR483,Malaga (AGP),12:45,"En hora, Ha salido",197.0,Boeing 737 MAX 8,S25
,08/Dic/2025,Pegasus Airlines,PC1092,Istanbul (SAW),12:45,"Retrasado, Ha salido 13:47",,,W44
,08/Dic/2025,Norwegian Air Sweden AOC,D83657,Copenhagen (CPH),12:50,"En hora, Ha salido",,,S24
,08/Dic/2025,easyJet Europe,EC7137,Lyon (LYS),12:55,"Retrasado, Ha salido 13:16",,,R12
,08/Dic/2025,Wizz Air,W67022,Bratislava (BTS),12:55,"En hora, Ha salido",,,S22
,08/Dic/2025,Ryanair,FR3108,Luxembourg (LUX),13:00,"Retrasado, Ha salido 13:20",,,U32
,08/Dic/2025,Wizz Air Malta,W46330,Milan (MXP),13:10,"En hora, Ha salido",,,U33
,08/Dic/2025,Ryanair,FR8631,Tanger (TNG),13:20,"En hora, Ha salido",,,W43
,08/Dic/2025,HiSky,H4264,Bucharest (OTP),13:20,"En hora, Ha salido",,,R13
,08/Dic/2025,Norwegian Air Sweden AOC,D81741,Oslo (OSL),13:25,"Retrasado, Ha salido 13:49",,,S20
,08/Dic/2025,Eurowings,EW521,Cologne-Bonn (CGN),13:25,Retrasado,180.0,Airbus A320,U
,08/Dic/2025,Pegasus Airlines,PC1528,Izmir (ADB),13:30,"Retrasado, Programado 14:30",,,Y55
,08/Dic/2025,easyJet Europe,EC7153,Milan (MXP),13:40,"Retrasado, Ha salido 13:55",,,R10
,08/Dic/2025,Ryanair,FR4585,Porto (OPO),13:40,"En hora, Ha salido",,,U36
,08/Dic/2025,Luxair,LG3592,Luxembourg (LUX),13:40,"En hora, Ha salido",,,U37
,08/Dic/2025,Ryanair,FR3189,Fes (FEZ),13:50,"En hora, Programado",,,W42
,08/Dic/2025,Jet2,LS804,Manchester (MAN),13:50,"En hora, Ha salido",,,W45
,08/Dic/2025,Ryanair,FR3792,Birmingham (BHX),13:55,"En hora, Ha salido",,,Y58
,08/Dic/2025,Air Baltic,BT684,Riga (RIX),14:05,"En hora, Programado",,,U35
,08/Dic/2025,Ryanair,FR2889,Palma de Mallorca (PMI),14:05,"En hora, Ha salido",189.0,Boeing 737-800,S22
,08/Dic/2025,Norwegian Air Sweden AOC,D85502,Stockholm (ARN),14:40,"En hora, Programado",,,U37
,08/Dic/2025,Bluebird Airways,BZ251,Tel Aviv (TLV),14:45,"En hora, Programado",,,Y53
,08/Dic/2025,easyJet Europe,EC7107,Geneva (GVA),14:45,"En hora, Programado",,,R13
,08/Dic/2025,Turkish Airlines,TK608,Ankara (ESB),14:45,"En hora, Programado",,,Y57
,08/Dic/2025,Volotea,V71443,Ancona (AOI),14:45,"En hora, Programado",,,S25
,08/Dic/2025,Wizz Air,W64406,Sofia (SOF),14:50,"En hora, Programado",,,U33
,08/Dic/2025,easyJet Europe,EC4212,Napoli (NAP),14:55,"En hora, Programado",,,R9
,08/Dic/2025,SmartWings,QS1059,Prague (PRG),14:55,"En hora, Programado",,,S24
,08/Dic/2025,Air Arabia Maroc,3O376,Al Aaroui (NDR),15:00,"En hora, Programado",,,W46
,08/Dic/2025,Ryanair,FR3146,Oujda (OUD),15:10,"En hora, Programado",,,
,08/Dic/2025,Ryanair,FR2330,Al Aaroui (NDR),15:15,"En hora, Programado",,,
,08/Dic/2025,Ryanair,FR1681,Frankfurt-Hahn (HHN),15:35,"En hora, Programado",,,
,08/Dic/2025,Wizz Air,W61412,Warsaw (WMI),15:40,"En hora, Programado",,,
,08/Dic/2025,Pegasus Airlines,PC1094,Istanbul (SAW),15:45,"Retrasado, Programado 16:00",,,
,08/Dic/2025,Ryanair,FR867,Venice (VCE),16:05,"En hora, Programado",,,S23
,08/Dic/2025,Ryanair,FR9811,London (STN),16:05,"En hora, Programado",,,Y58
,08/Dic/2025,Wizz Air Malta,W43564,Timisoara (TSR),16:25,"En hora, Programado",,,
,08/Dic/2025,Volotea,V73735,Murcia (RMU),16:35,"En hora, Programado",180.0,Airbus A320,
,08/Dic/2025,Ryanair,FR2507,Cologne-Bonn (CGN),16:45,"En hora, Programado",,,
,08/Dic/2025,Ryanair,FR5718,Bratislava (BTS),16:50,"En hora, Programado",,,
,08/Dic/2025,Ryanair,FR6305,Milan (BGY),16:50,"En hora, Programado",,,
,08/Dic/2025,Ryanair,FR6874,Dublin (DUB),16:55,"En hora, Programado",,,
,08/Dic/2025,Easyjet,U23372,Liverpool (LPL),17:00,"En hora, Programado",,,
,08/Dic/2025,Ryanair,FR5270,Manchester (MAN),17:05,"En hora, Programado",,,
,08/Dic/2025,BUZZ,RR6300,Sofia (SOF),17:05,"En hora, Programado",,,
,08/Dic/2025,easyJet Europe,EC7173,Berlin (BER),17:10,"En hora, Programado",,,
,08/Dic/2025,Volotea,V73700,Vitoria (VIT),17:15,"En hora, Programado",,,
,08/Dic/2025,Wizz Air,W67920,Kopitnari (KUT),17:15,"En hora, Programado",,,
,08/Dic/2025,Ryanair,FR1786,Vilnius (VNO),17:30,"En hora, Programado",,,
,08/Dic/2025,Ryanair,FR2922,Brussels (BRU),17:30,"En hora, Programado",,,
,08/Dic/2025,easyJet Europe,EC3737,Milan (MXP),17:35,"Retrasado, Programado 17:48",,,
,08/Dic/2025,easyJet Europe,EC7199,Edinburgh (EDI),17:35,"En hora, Programado",,,
,08/Dic/2025,Transavia,HV5134,Amsterdam (AMS),17:50,"En hora, Programado",,,
,08/Dic/2025,Ryanair,FR269,Milan (MXP),18:00,"En hora, Programado",,,
,08/Dic/2025,easyJet Europe,EC7205,Southampton (SOU),18:05,"Retrasado, Programado 18:18",,,
,08/Dic/2025,Ryanair,FR3320,Milan (BGY),18:30,"En hora, Programado",,,
,08/Dic/2025,Wizz Air Malta,W43686,Iasi (IAS),18:30,"En hora, Programado",,,
,08/Dic/2025,Ryanair,FR3174,Ibiza (IBZ),18:45,"En hora, Programado",,,
,08/Dic/2025,Wizz Air,W61478,Warsaw (WAW),19:00,"En hora, Programado",,,
,08/Dic/2025,Wizz Air,W62096,Krakow (KRK),19:00,"En hora, Programado",,,
,08/Dic/2025,Ryanair,FR3185,Rabat (RBA),19:05,"En hora, Programado",,,
,08/Dic/2025,easyJet Europe,EC7155,Milan (MXP),19:10,"En hora, Programado",,,
,08/Dic/2025,Ryanair,FR9307,Cork (ORK),19:15,"En hora, Programado",,,
,08/Dic/2025,Ryanair,FR8231,London (STN),19:25,"En hora, Programado",,,
,08/Dic/2025,Eurowings,EW7521,Hamburg (HAM),19:40,"En hora, Programado",,,
,08/Dic/2025,Lauda Europe,LW2896,Palma de Mallorca (PMI),19:40,"En hora, Programado",180.0,Airbus A320,
,08/Dic/2025,Wizz Air,W61706,Gdansk (GDN),19:40,"En hora, Programado",,,
,08/Dic/2025,Ryanair,FR133,Berlin (BER),19:45,"En hora, Programado",,,
,08/Dic/2025,Lauda Europe,LW7351,Vienna (VIE),19:45,"En hora, Programado",,,
,08/Dic/2025,Easyjet,U28058,London (LGW),19:45,"En hora, Programado",,,
,08/Dic/2025,Volotea,V71415,Verona (VRN),19:55,"En hora, Programado",,,
,08/Dic/2025,Wizz Air,W64666,Larnaca (LCA),19:55,"En hora, Programado",,,
,08/Dic/2025,Ryanair,FR3080,Malaga (AGP),20:00,Programado,189.0,Boeing 737-800,
,08/Dic/2025,Air Arabia Maroc,3O378,Tanger (TNG),20:05,"En hora, Programado",,,
,08/Dic/2025,Ryanair,FR3807,Charleroi (CRL),20:05,"En hora, Programado",,,
,08/Dic/2025,Ryanair,FR6341,Rome (FCO),20:10,"En hora, Programado",,,
,08/Dic/2025,Ryanair,FR6597,Manchester (MAN),20:10,"En hora, Programado",,,
,08/Dic/2025,easyJet Europe,U21956,Milan (LIN),20:15,Programado,180.0,Airbus A320,
,08/Dic/2025,Wizz Air Malta,W42940,Vienna (VIE),20:20,"En hora, Programado",,,
,08/Dic/2025,easyJet Europe,EC1010,"Basel, Switzerland/Mulhouse (BSL)",20:30,"En hora, Programado",,,
,08/Dic/2025,T'Way Air,TW408,Seoul/Incheon (ICN),20:30,"En hora, Programado",,,
,08/Dic/2025,Volotea,V72135,Bordeaux (BOD),20:30,"En hora, Programado",,,
,08/Dic/2025,Air Serbia,JU585,Belgrade (BEG),20:35,"En hora, Programado",,,
,08/Dic/2025,Ryanair,FR5710,Napoli (NAP),20:40,"En hora, Programado",,,
,08/Dic/2025,BUZZ,RR8394,Budapest (BUD),20:40,"En hora, Programado",,,
,08/Dic/2025,Transavia,TO4759,Paris (ORY),20:45,"En hora, Programado",,,
,08/Dic/2025,Wizz Air,W62378,Budapest (BUD),20:45,"En hora, Programado",,,
,08/Dic/2025,Ryanair,FR2098,Bologna (BLQ),20:50,"En hora, Programado",,,
,08/Dic/2025,Ryanair,FR3928,Trieste (TRS),20:50,"En hora, Programado",,,
,08/Dic/2025,Volotea,V72165,Nantes/Atlantique (NTE),20:50,"En hora, Programado",,,
,08/Dic/2025,Ryanair,FR878,Venice (VCE),20:55,"En hora, Programado",,,
,08/Dic/2025,Easyjet,U22326,London (LTN),20:55,"En hora, Programado",,,
,08/Dic/2025,Aer Lingus,EI565,Dublin (DUB),21:05,"En hora, Programado",,,
,08/Dic/2025,Ryanair,FR6275,Edinburgh (EDI),21:05,"En hora, Programado",,,
,08/Dic/2025,Ryanair,FR6920,Dublin (DUB),21:10,"En hora, Programado",,,
,08/Dic/2025,easyJet Europe,EC1380,Geneva (GVA),21:20,"En hora, Programado",,,
,08/Dic/2025,Wizz Air Malta,W43178,Bucharest (BBU),21:20,"En hora, Programado",,,
,08/Dic/2025,Wizz Air Malta,W43406,Cluj-Napoca (CLJ),21:25,"En hora, Programado",,,
,08/Dic/2025,Ryanair,FR2402,Sevilla (SVQ),21:30,"En hora, Programado",189.0,Boeing 737-800,
,08/Dic/2025,BUZZ,RR4084,Warsaw (WMI),21:30,"En hora, Programado",,,
,08/Dic/2025,Ryanair,FR3168,Newcastle (NCL),21:45,"En hora, Programado",,,
,08/Dic/2025,Ryanair,FR4587,Porto (OPO),21:45,"En hora, Programado",,,
,08/Dic/2025,Ryanair,FR1527,Valletta (MLA),21:50,"En hora, Programado",,,
,08/Dic/2025,Ryanair,FR2250,Marrakech (RAK),21:50,"En hora, Programado",,,
,08/Dic/2025,Easyjet,U22706,Bristol (BRS),21:55,"En hora, Programado",,,
,08/Dic/2025,Wizz Air,W64116,Belgrade (BEG),21:55,"En hora, Programado",,,
,08/Dic/2025,Wizz Air Malta,W46728,Venice (VCE),22:00,"En hora, Programado",,,
,08/Dic/2025,Ryanair,FR8574,Rome (FCO),22:20,"En hora, Programado",,,
,08/Dic/2025,easyJet Europe,EC7682,Lisbon (LIS),22:35,"En hora, Programado",,,
,08/Dic/2025,Wizz Air Malta,W45154,Tirana (TIA),22:45,"En hora, Programado",,,
,08/Dic/2025,Wizz Air Malta,W46020,Rome (FCO),22:55,"En hora, Programado",,,
,08/Dic/2025,Ryanair,FR3800,Birmingham (BHX),23:00,"En hora, Programado",,,
